customer_id,customer_name,email,country,signup_date,customer_segment,lifetime_value
1,Jia Chen,,United Kingdom,2023-02-19,Basic,7488.32
2,Arjun Kim,,Australia,2024-06-01,Standard,11841.78
3,Sofia Silva,,United States,2022-03-26,Standard,4831.61
4,Aisha Silva,,Singapore,2023-09-26,Basic,6244.01
5,Wei Williams,,France,2021-07-26,Standard,7366.49
6,Noah Costa,,Brazil,2026-08-28,Standard,9943.77
7,Quinn Ali,,United Kingdom,2023-05-12,Standard,224.23
8,James Ali,,United States,2023-06-14,Basic,8710.76
9,Noah Okafor,,Singapore,2022-12-23,Basic,9400.28
10,Elena Patel,,Singapore,2026-07-18,Standard,6302.68
11,Sofia Lopez,,United Kingdom,2021-08-28,Basic,2925.30
12,Diego Anderson,,Germany,2024-12-11,Standard,1838.39
13,James Williams,,India,2025-04-15,Basic,8836.65
14,Liam Khan,,France,2026-04-16,Standard,7955.17
15,Hassan Nguyen,,Canada,2025-02-25,Basic,4124.37
16,Noah Okafor,,Germany,2022-02-26,Basic,3366.10
17,Zane Costa,,Australia,2023-03-29,Basic,8290.62
18,Keiko Singh,,Canada,2026-04-14,Basic,9549.98
19,Anika Ali,,India,2026-02-02,Standard,11762.42
20,Grace Patel,,Canada,2023-03-24,Basic,971.38
21,Rosa Okafor,,Canada,2022-05-26,Standard,6474.47
22,Arjun Kim,,Germany,2026-07-31,Standard,632.92
23,Omar Muller,,United Kingdom,2020-08-03,Premium,3980.27
24,Priya Silva,,France,2020-01-22,Basic,11735.48
25,Omar Okafor,,Australia,2025-05-09,Standard,9077.03
26,Grace Patel,,United States,2021-01-01,Standard,2805.84
27,Yara Nguyen,,France,2024-09-07,Basic,2130.07
28,Tara Okafor,,United States,2022-02-02,Basic,11546.52
29,Aarav Costa,,Canada,2026-05-15,Standard,11143.25
30,Jia Chen,,Brazil,2025-11-17,Standard,11264.26
31,Fatima Khan,,Canada,2021-04-06,Standard,8780.15
32,Quinn Nguyen,,Germany,2020-02-27,Basic,9494.44
33,Chen Novak,,France,2024-07-18,Basic,6195.49
34,Priya Kim,,United States,2022-01-26,Basic,5742.51
35,Fatima Lopez,,Canada,2022-08-22,Standard,3222.26
36,Maya Ali,,United States,2020-02-16,Standard,4330.64
37,Priya Kim,,Canada,2025-03-21,Standard,4879.86
38,Quinn Kim,,Brazil,2023-04-23,Standard,2669.67
39,Arjun Mensah,,Japan,2024-03-10,Standard,6602.08
40,Tara Khan,,Japan,2022-10-10,Standard,7159.88
41,Jia Williams,,Japan,2024-01-21,Premium,6780.92
42,Wei Williams,,Japan,2022-04-08,Standard,1819.48
43,Jia Kim,,Brazil,2022-04-21,Basic,5878.71
44,Tara Patel,,United States,2025-01-31,Premium,4999.71
45,Lucia Mensah,,Germany,2023-06-16,Basic,4766.49
46,Maya Garcia,,United States,2020-07-04,Standard,8412.11
47,Yara Garcia,,France,2025-04-17,Premium,4921.18
48,Hiro Lopez,,United Kingdom,2025-01-11,Basic,10883.54
49,Priya Chen,,Japan,2021-06-28,Standard,4189.54
50,Imani Williams,,United States,2021-06-05,Basic,2691.72
51,Grace Mensah,grace.mensah.51@example.com,Germany,2026-02-08,Standard,4566.84
52,Jia Singh,jia.singh.52@retail.dev,United Kingdom,2021-09-27,Standard,11250.49
53,Aisha Ivanov,aisha.ivanov.53@retail.dev,United States,2020-03-05,Standard,830.81
54,Jia Novak,jia.novak.54@shopmail.test,Germany,2020-07-18,Standard,554.73
55,Lucia Khan,lucia.khan.55@example.com,Singapore,2020-08-19,Premium,11921.96
56,Hassan Ali,hassan.ali.56@retail.dev,Japan,2023-08-06,Standard,10518.19
57,Elena Ivanov,elena.ivanov.57@retail.dev,India,2023-05-15,Standard,6691.70
58,Omar Ivanov,omar.ivanov.58@retail.dev,France,2026-03-26,Standard,11668.18
59,Tara Williams,tara.williams.59@shopmail.test,France,2023-07-29,Standard,4913.90
60,Chen Chen,chen.chen.60@retail.dev,India,2025-04-23,Standard,2723.50
61,Tara Mensah,tara.mensah.61@retail.dev,Japan,2020-08-24,Standard,11614.24
62,Arjun Lopez,arjun.lopez.62@example.com,Brazil,2022-09-21,Standard,3979.90
63,Viktor Singh,viktor.singh.63@example.com,Canada,2021-01-13,Standard,9957.14
64,Imani Novak,imani.novak.64@retail.dev,Japan,2020-06-10,Basic,2278.26
65,Diego Okafor,diego.okafor.65@example.com,Germany,2022-05-05,Basic,4012.25
66,Yara Khan,yara.khan.66@example.com,Singapore,2021-04-25,Basic,9058.11
67,Quinn Khan,quinn.khan.67@shopmail.test,France,2024-06-12,Basic,6636.15
68,Jia Chen,jia.chen.68@shopmail.test,Brazil,2024-01-11,Standard,4331.74
69,Anika Okafor,anika.okafor.69@shopmail.test,United States,2023-08-04,Basic,4464.19
70,Maya Muller,maya.muller.70@retail.dev,Singapore,2021-08-20,Premium,6650.91
71,Rosa Ivanov,rosa.ivanov.71@shopmail.test,Singapore,2023-04-24,Standard,3975.14
72,Uma Muller,uma.muller.72@shopmail.test,Canada,2025-08-07,Standard,11322.99
73,Sofia Okafor,sofia.okafor.73@shopmail.test,India,2025-07-02,Standard,8799.95
74,Arjun Chen,arjun.chen.74@retail.dev,United States,2025-06-23,Standard,10675.14
75,Liam Patel,liam.patel.75@example.com,France,2020-10-31,Basic,8026.88
76,Arjun Muller,arjun.muller.76@retail.dev,Brazil,2020-10-05,Basic,134.47
77,Hiro Patel,hiro.patel.77@retail.dev,Japan,2025-06-02,Standard,213.39
78,James Anderson,james.anderson.78@shopmail.test,United States,2020-03-09,Standard,3315.02
79,Liam Ivanov,liam.ivanov.79@example.com,Germany,2022-01-04,Premium,1178.36
80,Diego Novak,diego.novak.80@shopmail.test,United Kingdom,2025-11-26,Standard,4269.43
81,Hiro Lopez,hiro.lopez.81@example.com,Canada,2025-02-23,Standard,11883.04
82,Priya Garcia,priya.garcia.82@retail.dev,Brazil,2020-05-09,Premium,4566.69
83,Aisha Anderson,aisha.anderson.83@retail.dev,Australia,2021-12-02,Premium,10147.82
84,Maya Kim,maya.kim.84@retail.dev,Singapore,2025-12-03,Basic,2776.45
85,Keiko Sato,keiko.sato.85@shopmail.test,Japan,2020-07-09,Basic,8221.03
86,Maya Patel,maya.patel.86@example.com,Singapore,2022-01-04,Basic,3790.95
87,Arjun Lopez,arjun.lopez.87@retail.dev,France,2020-11-11,Standard,6778.40
88,Priya Chen,priya.chen.88@retail.dev,United Kingdom,2023-09-20,Standard,8883.45
89,Liam Singh,liam.singh.89@example.com,Australia,2020-08-07,Premium,2804.92
90,Noah Novak,noah.novak.90@example.com,Canada,2026-09-05,Standard,9288.32
91,Tara Mensah,tara.mensah.91@shopmail.test,France,2025-07-02,Standard,6647.63
92,Chen Ali,chen.ali.92@example.com,United Kingdom,2024-04-05,Premium,7432.93
93,Amelia Sato,amelia.sato.93@example.com,France,2021-09-23,Standard,9412.09
94,Hassan Singh,hassan.singh.94@shopmail.test,Australia,2021-03-12,Premium,11316.95
95,Sofia Sato,sofia.sato.95@shopmail.test,Japan,2021-02-22,Premium,2269.02
96,Lucia Williams,lucia.williams.96@retail.dev,United Kingdom,2024-07-29,Premium,1098.19
97,Noah Novak,noah.novak.97@shopmail.test,France,2023-08-21,Basic,172.78
98,Sofia Garcia,sofia.garcia.98@retail.dev,Japan,2026-04-10,Basic,11738.62
99,Chen Lopez,chen.lopez.99@shopmail.test,India,2021-11-25,Premium,3631.05
100,Amelia Nguyen,amelia.nguyen.100@example.com,Australia,2024-11-15,Standard,3614.53
101,Fatima Muller,fatima.muller.101@example.com,India,2025-07-23,Standard,2366.69
102,Grace Anderson,grace.anderson.102@shopmail.test,Brazil,2024-06-08,Standard,7451.80
103,Hassan Ivanov,hassan.ivanov.103@retail.dev,Germany,2026-08-31,Premium,3864.97
104,Keiko Brown,keiko.brown.104@shopmail.test,Brazil,2021-12-28,Basic,11625.48
105,Zane Ali,zane.ali.105@shopmail.test,Australia,2022-09-19,Standard,3381.59
106,Anika Ali,anika.ali.106@retail.dev,Japan,2022-03-29,Standard,6558.91
107,Aarav Mensah,aarav.mensah.107@retail.dev,United Kingdom,2022-05-08,Standard,3513.69
108,Uma Ivanov,uma.ivanov.108@shopmail.test,India,2025-08-07,Premium,3651.42
109,Quinn Ivanov,quinn.ivanov.109@shopmail.test,Singapore,2024-03-24,Premium,11888.64
110,Imani Chen,imani.chen.110@shopmail.test,Japan,2025-09-06,Basic,10438.86
111,Aisha Singh,aisha.singh.111@example.com,Germany,2026-01-08,Standard,10974.95
112,Priya Singh,priya.singh.112@retail.dev,France,2021-11-12,Standard,555.45
113,Zane Brown,zane.brown.113@example.com,Japan,2024-10-29,Premium,1205.81
114,Rosa Williams,rosa.williams.114@shopmail.test,Australia,2026-04-04,Standard,6913.44
115,Imani Mensah,imani.mensah.115@example.com,Brazil,2026-08-07,Standard,1830.17
116,Anika Costa,anika.costa.116@retail.dev,India,2024-08-30,Basic,1053.11
117,Hiro Costa,hiro.costa.117@shopmail.test,Australia,2023-11-06,Standard,2502.24
118,Keiko Kim,keiko.kim.118@example.com,Canada,2024-11-29,Basic,5443.06
119,Aisha Kim,aisha.kim.119@retail.dev,India,2020-04-02,Basic,7784.44
120,Yara Muller,yara.muller.120@retail.dev,France,2025-10-14,Standard,1942.63
121,Zane Mensah,zane.mensah.121@example.com,France,2022-08-07,Basic,7566.38
122,Imani Anderson,imani.anderson.122@example.com,Germany,2022-03-19,Standard,5168.90
123,Diego Sato,diego.sato.123@retail.dev,India,2020-09-13,Standard,9599.04
124,Hiro Brown,hiro.brown.124@shopmail.test,Japan,2022-03-18,Standard,3166.68
125,Zane Brown,zane.brown.125@example.com,Australia,2026-09-11,Standard,4725.71
126,Hiro Mensah,hiro.mensah.126@shopmail.test,Singapore,2021-12-07,Basic,8479.21
127,Maya Garcia,maya.garcia.127@example.com,India,2021-07-02,Standard,2881.91
128,Hiro Silva,hiro.silva.128@retail.dev,France,2025-09-23,Standard,7167.20
129,James Nguyen,james.nguyen.129@retail.dev,India,2025-06-16,Standard,8328.86
130,Lucia Nguyen,lucia.nguyen.130@shopmail.test,Singapore,2025-06-28,Standard,2265.51
131,Aisha Singh,aisha.singh.131@shopmail.test,Japan,2020-02-09,Standard,2361.66
132,Liam Okafor,liam.okafor.132@shopmail.test,Brazil,2024-08-02,Standard,5002.17
133,Chen Garcia,chen.garcia.133@shopmail.test,United States,2026-05-04,Premium,9138.65
134,Fatima Muller,fatima.muller.134@retail.dev,Brazil,2026-01-11,Standard,9374.36
135,Lucia Williams,lucia.williams.135@retail.dev,Australia,2021-04-08,Standard,3232.97
136,Lucia Patel,lucia.patel.136@example.com,Germany,2024-12-12,Standard,11877.56
137,Grace Patel,grace.patel.137@example.com,Brazil,2025-01-16,Standard,10349.84
138,Viktor Kim,viktor.kim.138@retail.dev,Australia,2022-08-28,Standard,8857.92
139,Viktor Novak,viktor.novak.139@example.com,Germany,2024-10-19,Standard,1692.34
140,Tara Patel,tara.patel.140@retail.dev,India,2026-05-24,Standard,3390.99
141,Hassan Costa,hassan.costa.141@retail.dev,United Kingdom,2023-03-31,Standard,11429.96
142,Arjun Ivanov,arjun.ivanov.142@example.com,India,2020-08-30,Basic,10407.89
143,Elena Silva,elena.silva.143@retail.dev,France,2023-08-12,Basic,9143.65
144,Keiko Silva,keiko.silva.144@shopmail.test,Brazil,2026-06-23,Standard,7543.06
145,Amelia Garcia,amelia.garcia.145@shopmail.test,Brazil,2024-07-08,Standard,3356.75
146,Zane Okafor,zane.okafor.146@retail.dev,United Kingdom,2023-09-02,Standard,10430.17
147,Rosa Mensah,rosa.mensah.147@shopmail.test,Germany,2024-01-07,Basic,9553.24
148,Zane Ivanov,zane.ivanov.148@shopmail.test,Australia,2022-05-17,Standard,3891.31
149,Lucia Ali,lucia.ali.149@shopmail.test,United States,2021-06-18,Standard,5836.92
150,Aisha Kim,aisha.kim.150@example.com,Brazil,2025-02-25,Premium,11154.96
151,Jia Anderson,jia.anderson.151@example.com,Canada,2024-10-18,Standard,8270.89
152,Chen Sato,chen.sato.152@shopmail.test,India,2021-01-17,Standard,3023.41
153,Aisha Lopez,aisha.lopez.153@shopmail.test,United Kingdom,2023-06-05,Basic,9068.91
154,Quinn Kim,quinn.kim.154@retail.dev,Germany,2020-01-05,Standard,958.32
155,Liam Mensah,liam.mensah.155@example.com,France,2020-02-08,Premium,4139.30
156,Quinn Silva,quinn.silva.156@retail.dev,United Kingdom,2025-05-10,Premium,4612.26
157,Anika Brown,anika.brown.157@example.com,India,2024-02-14,Basic,1667.12
158,Amelia Williams,amelia.williams.158@shopmail.test,Australia,2026-04-26,Premium,7808.99
159,Rosa Khan,rosa.khan.159@shopmail.test,Germany,2021-09-12,Basic,7402.51
160,Amelia Kim,amelia.kim.160@shopmail.test,Australia,2021-07-27,Basic,7085.15
161,Zane Ivanov,zane.ivanov.161@retail.dev,United Kingdom,2023-07-12,Basic,2992.24
162,Elena Chen,elena.chen.162@retail.dev,Canada,2023-03-13,Basic,8293.45
163,Diego Williams,diego.williams.163@retail.dev,United States,2025-09-18,Standard,4716.22
164,Tara Muller,tara.muller.164@retail.dev,Singapore,2025-07-20,Standard,2911.95
165,Amelia Williams,amelia.williams.165@example.com,France,2020-02-19,Basic,11208.74
166,Viktor Ali,viktor.ali.166@shopmail.test,United Kingdom,2024-09-19,Standard,8203.23
167,Aarav Ali,aarav.ali.167@example.com,France,2020-10-03,Premium,2608.52
168,Liam Costa,liam.costa.168@shopmail.test,United Kingdom,2025-08-14,Basic,5097.31
169,Omar Chen,omar.chen.169@shopmail.test,United Kingdom,2026-01-11,Standard,3347.68
170,Liam Khan,liam.khan.170@retail.dev,United Kingdom,2021-09-28,Standard,4704.01
171,Grace Ivanov,grace.ivanov.171@shopmail.test,United Kingdom,2022-09-04,Premium,1057.40
172,Jia Novak,jia.novak.172@retail.dev,India,2020-08-13,Standard,8906.78
173,Anika Anderson,anika.anderson.173@shopmail.test,Japan,2021-07-16,Basic,1986.90
174,Liam Sato,liam.sato.174@shopmail.test,United Kingdom,2021-11-14,Standard,9003.57
175,Sofia Anderson,sofia.anderson.175@example.com,Canada,2023-10-04,Basic,3281.97
176,Quinn Ali,quinn.ali.176@example.com,Brazil,2020-11-11,Standard,6141.61
177,Viktor Ali,viktor.ali.177@example.com,Singapore,2021-11-14,Standard,3080.02
178,Priya Kim,priya.kim.178@example.com,Germany,2022-07-24,Basic,55.76
179,Aisha Okafor,aisha.okafor.179@example.com,Japan,2024-01-30,Standard,1822.26
180,Tara Ivanov,tara.ivanov.180@retail.dev,Australia,2022-07-08,Standard,5009.67
181,Fatima Garcia,fatima.garcia.181@example.com,India,2026-05-30,Standard,6036.94
182,Elena Williams,elena.williams.182@shopmail.test,Canada,2020-07-07,Basic,850.39
183,Sofia Costa,sofia.costa.183@shopmail.test,Germany,2023-09-02,Premium,5494.54
184,Grace Ali,grace.ali.184@shopmail.test,Singapore,2023-05-29,Basic,2929.94
185,Keiko Khan,keiko.khan.185@example.com,France,2026-02-16,Basic,2960.39
186,Aarav Muller,aarav.muller.186@example.com,Australia,2026-01-27,Standard,10078.90
187,Aarav Lopez,aarav.lopez.187@example.com,France,2023-06-13,Premium,6369.53
188,Keiko Patel,keiko.patel.188@example.com,Japan,2021-08-06,Basic,1138.99
189,James Singh,james.singh.189@example.com,Japan,2025-02-20,Basic,1041.71
190,Arjun Lopez,arjun.lopez.190@retail.dev,India,2020-11-02,Standard,770.84
191,Elena Costa,elena.costa.191@shopmail.test,Australia,2022-12-05,Basic,11114.35
192,Hassan Mensah,hassan.mensah.192@example.com,Singapore,2023-01-18,Standard,11324.07
193,Anika Silva,anika.silva.193@shopmail.test,United Kingdom,2021-03-08,Standard,5606.01
194,Lucia Singh,lucia.singh.194@example.com,United Kingdom,2022-04-30,Standard,5573.58
195,Chen Costa,chen.costa.195@example.com,United Kingdom,2020-06-14,Standard,10282.46
196,Quinn Muller,quinn.muller.196@shopmail.test,Canada,2023-12-28,Standard,611.18
197,Uma Nguyen,uma.nguyen.197@retail.dev,Japan,2020-05-07,Basic,10258.85
198,Elena Kim,elena.kim.198@example.com,United States,2025-03-07,Premium,9530.87
199,Aisha Muller,aisha.muller.199@retail.dev,United Kingdom,2021-06-19,Standard,4821.97
200,Maya Ali,maya.ali.200@example.com,Germany,2022-11-26,Basic,922.97
201,Wei Mensah,wei.mensah.201@shopmail.test,United Kingdom,2021-06-11,Premium,10171.12
202,Aisha Mensah,aisha.mensah.202@retail.dev,France,2020-07-26,Standard,6897.26
203,Keiko Anderson,keiko.anderson.203@example.com,India,2024-04-16,Standard,2094.37
204,Fatima Sato,fatima.sato.204@retail.dev,Singapore,2024-12-31,Basic,439.93
205,Elena Costa,elena.costa.205@example.com,United Kingdom,2025-08-05,Standard,6619.50
206,Fatima Lopez,fatima.lopez.206@retail.dev,Germany,2021-07-16,Standard,7720.76
207,Omar Chen,omar.chen.207@shopmail.test,Brazil,2020-03-20,Basic,9388.44
208,Lucia Okafor,lucia.okafor.208@shopmail.test,Canada,2023-11-10,Basic,6041.16
209,Chen Anderson,chen.anderson.209@shopmail.test,United States,2023-07-30,Standard,375.91
210,Tara Okafor,tara.okafor.210@example.com,India,2025-12-08,Standard,7018.27
211,Anika Muller,anika.muller.211@retail.dev,United States,2022-09-14,Standard,9800.01
212,Sofia Muller,sofia.muller.212@shopmail.test,India,2026-06-16,Basic,9573.75
213,Chen Muller,chen.muller.213@shopmail.test,Singapore,2026-08-23,Standard,8863.81
214,Aarav Singh,aarav.singh.214@example.com,Brazil,2026-05-14,Standard,6768.23
215,Lucia Costa,lucia.costa.215@example.com,Singapore,2021-12-20,Standard,1105.83
216,Elena Anderson,elena.anderson.216@retail.dev,Germany,2025-11-26,Standard,3997.51
217,Tara Silva,tara.silva.217@shopmail.test,United States,2023-10-27,Basic,11027.40
218,Aarav Silva,aarav.silva.218@example.com,Japan,2026-07-30,Basic,1721.29
219,Viktor Singh,viktor.singh.219@shopmail.test,Singapore,2020-10-24,Standard,11304.53
220,Anika Brown,anika.brown.220@retail.dev,France,2023-05-21,Standard,11710.93
221,Tara Okafor,tara.okafor.221@retail.dev,Singapore,2023-07-23,Standard,11625.70
222,Tara Singh,tara.singh.222@shopmail.test,Canada,2022-07-03,Standard,9778.09
223,Rosa Costa,rosa.costa.223@retail.dev,Singapore,2021-06-05,Standard,46.53
224,Imani Ali,imani.ali.224@retail.dev,Germany,2020-05-12,Standard,3835.65
225,Omar Ali,omar.ali.225@retail.dev,United Kingdom,2021-03-02,Basic,1709.20
226,Elena Singh,elena.singh.226@example.com,Australia,2023-08-01,Standard,10626.71
227,Jia Anderson,jia.anderson.227@shopmail.test,Canada,2022-12-22,Standard,8325.78
228,Tara Kim,tara.kim.228@shopmail.test,India,2020-01-06,Premium,5272.69
229,Wei Ivanov,wei.ivanov.229@shopmail.test,United Kingdom,2025-07-12,Basic,4230.99
230,Uma Okafor,uma.okafor.230@example.com,Brazil,2026-06-25,Standard,8253.75
231,Amelia Patel,amelia.patel.231@example.com,United Kingdom,2023-04-22,Premium,3152.00
232,Hassan Nguyen,hassan.nguyen.232@example.com,Australia,2024-03-17,Standard,923.15
233,Noah Novak,noah.novak.233@retail.dev,India,2025-05-31,Basic,5190.10
234,Noah Ivanov,noah.ivanov.234@example.com,France,2021-10-05,Premium,3989.86
235,Quinn Chen,quinn.chen.235@example.com,United Kingdom,2026-01-21,Standard,3396.24
236,Aisha Lopez,aisha.lopez.236@example.com,Australia,2026-05-30,Standard,5904.11
237,Aarav Ivanov,aarav.ivanov.237@retail.dev,Brazil,2020-12-24,Standard,7952.69
238,Diego Kim,diego.kim.238@example.com,Brazil,2020-04-15,Standard,7667.33
239,Viktor Kim,viktor.kim.239@retail.dev,Canada,2023-06-17,Basic,5664.56
240,Amelia Chen,amelia.chen.240@shopmail.test,India,2024-05-06,Standard,10628.77
241,Jia Patel,jia.patel.241@shopmail.test,Singapore,2022-12-14,Standard,3179.22
242,Aisha Silva,aisha.silva.242@retail.dev,France,2021-01-31,Premium,4141.90
243,Sofia Ali,sofia.ali.243@retail.dev,France,2022-07-20,Standard,10093.55
244,Zane Chen,zane.chen.244@shopmail.test,United Kingdom,2025-04-28,Standard,2846.81
245,Imani Patel,imani.patel.245@retail.dev,Singapore,2025-08-18,Standard,6213.89
246,Arjun Kim,arjun.kim.246@example.com,Germany,2025-01-13,Standard,11812.81
247,Arjun Patel,arjun.patel.247@example.com,India,2024-09-30,Premium,8205.43
248,Uma Novak,uma.novak.248@example.com,United Kingdom,2022-11-22,Standard,8732.06
249,Imani Chen,imani.chen.249@retail.dev,Brazil,2024-06-15,Standard,10283.07
250,Yara Anderson,yara.anderson.250@shopmail.test,India,2026-08-03,Standard,5049.64
251,Arjun Ali,arjun.ali.251@example.com,United Kingdom,2026-08-05,Standard,11578.86
252,Maya Kim,maya.kim.252@shopmail.test,Canada,2023-03-17,Basic,10564.63
253,Imani Okafor,imani.okafor.253@shopmail.test,France,2026-06-01,Standard,473.65
254,Arjun Novak,arjun.novak.254@shopmail.test,Germany,2024-07-03,Premium,10677.65
255,Aisha Okafor,aisha.okafor.255@shopmail.test,Canada,2023-01-05,Basic,267.29
256,Fatima Okafor,fatima.okafor.256@shopmail.test,Brazil,2021-02-06,Basic,2754.79
257,Sofia Brown,sofia.brown.257@example.com,Germany,2023-01-08,Basic,7269.63
258,Jia Khan,jia.khan.258@shopmail.test,United States,2024-07-25,Basic,9119.93
259,Liam Nguyen,liam.nguyen.259@example.com,Japan,2020-09-25,Standard,6093.87
260,Wei Ali,wei.ali.260@example.com,United States,2020-04-28,Standard,10505.29
261,Elena Patel,elena.patel.261@example.com,Canada,2025-02-12,Premium,4340.49
262,Hiro Mensah,hiro.mensah.262@retail.dev,United States,2025-08-30,Standard,11078.81
263,Elena Singh,elena.singh.263@shopmail.test,Singapore,2025-06-25,Standard,2151.56
264,Lucia Singh,lucia.singh.264@retail.dev,United Kingdom,2023-11-11,Standard,10736.54
265,Grace Anderson,grace.anderson.265@example.com,Germany,2024-05-02,Premium,10249.51
266,Omar Muller,omar.muller.266@example.com,United States,2022-04-26,Standard,4928.85
267,Keiko Silva,keiko.silva.267@shopmail.test,Singapore,2021-12-10,Standard,126.35
268,Tara Costa,tara.costa.268@shopmail.test,Brazil,2023-02-01,Standard,4533.29
269,Fatima Khan,fatima.khan.269@retail.dev,France,2025-03-26,Standard,6259.64
270,Maya Kim,maya.kim.270@shopmail.test,Japan,2020-01-31,Standard,7956.71
271,Omar Novak,omar.novak.271@example.com,Australia,2023-03-03,Standard,1319.55
272,Fatima Brown,fatima.brown.272@retail.dev,Canada,2023-02-08,Standard,8540.35
273,Diego Silva,diego.silva.273@retail.dev,France,2025-10-19,Basic,10798.75
274,Priya Brown,priya.brown.274@shopmail.test,Canada,2021-07-27,Basic,7873.42
275,Yara Ivanov,yara.ivanov.275@retail.dev,Singapore,2024-07-15,Standard,447.95
276,Uma Khan,uma.khan.276@retail.dev,Brazil,2023-11-06,Basic,2687.80
277,Yara Singh,yara.singh.277@retail.dev,Japan,2025-09-08,Standard,2060.59
278,Chen Costa,chen.costa.278@retail.dev,Japan,2021-02-03,Standard,8897.50
279,Sofia Nguyen,sofia.nguyen.279@example.com,Canada,2023-10-06,Standard,2686.49
280,James Brown,james.brown.280@example.com,Brazil,2024-03-02,Standard,3546.26
281,Aisha Ali,aisha.ali.281@example.com,Japan,2026-07-04,Basic,877.81
282,Anika Lopez,anika.lopez.282@example.com,India,2025-12-10,Standard,672.39
283,Diego Brown,diego.brown.283@shopmail.test,India,2024-08-03,Basic,10716.82
284,Hassan Nguyen,hassan.nguyen.284@example.com,Australia,2020-11-27,Standard,7581.62
285,Omar Patel,omar.patel.285@example.com,Singapore,2020-01-20,Standard,2532.35
286,Sofia Nguyen,sofia.nguyen.286@example.com,Singapore,2025-06-28,Basic,9362.54
287,James Ivanov,james.ivanov.287@example.com,United States,2024-07-10,Standard,5741.87
288,Lucia Khan,lucia.khan.288@retail.dev,Germany,2024-03-08,Basic,10706.78
289,Aarav Anderson,aarav.anderson.289@shopmail.test,India,2022-10-16,Standard,10526.90
290,Anika Lopez,anika.lopez.290@example.com,Canada,2025-08-23,Standard,2025.07
291,Zane Costa,zane.costa.291@shopmail.test,France,2025-02-10,Basic,7166.53
292,Wei Silva,wei.silva.292@example.com,India,2023-11-04,Basic,5894.89
293,Zane Lopez,zane.lopez.293@example.com,Germany,2020-03-19,Standard,8732.85
294,Rosa Anderson,rosa.anderson.294@retail.dev,United States,2026-08-12,Standard,1499.86
295,Imani Sato,imani.sato.295@example.com,United Kingdom,2025-12-30,Standard,7137.24
296,Omar Anderson,omar.anderson.296@shopmail.test,United Kingdom,2020-07-16,Standard,5015.89
297,Lucia Sato,lucia.sato.297@retail.dev,United States,2025-04-27,Basic,2485.80
298,Grace Ivanov,grace.ivanov.298@retail.dev,India,2021-02-17,Standard,3257.98
299,James Kim,james.kim.299@example.com,United Kingdom,2025-09-26,Basic,1434.87
300,Keiko Khan,keiko.khan.300@example.com,Australia,2022-03-29,Basic,9982.20
301,Quinn Ivanov,quinn.ivanov.301@example.com,Brazil,2023-04-24,Standard,6588.96
302,Hassan Muller,hassan.muller.302@example.com,Singapore,2020-01-12,Premium,1090.81
303,Priya Okafor,priya.okafor.303@example.com,United Kingdom,2021-09-02,Basic,9359.83
304,Wei Sato,wei.sato.304@shopmail.test,Brazil,2022-08-04,Standard,11728.06
305,Aisha Kim,aisha.kim.305@shopmail.test,Australia,2021-12-16,Basic,10230.68
306,James Kim,james.kim.306@example.com,India,2021-01-24,Basic,10686.25
307,Priya Nguyen,priya.nguyen.307@retail.dev,Canada,2023-09-08,Standard,5266.63
308,Wei Garcia,wei.garcia.308@shopmail.test,France,2024-03-06,Basic,2214.86
309,Zane Mensah,zane.mensah.309@shopmail.test,France,2023-01-18,Basic,8286.58
310,Omar Nguyen,omar.nguyen.310@example.com,United Kingdom,2021-04-08,Premium,8723.77
311,James Ali,james.ali.311@example.com,Singapore,2025-05-31,Basic,8148.76
312,Imani Singh,imani.singh.312@retail.dev,India,2020-04-28,Basic,10562.40
313,Keiko Okafor,keiko.okafor.313@example.com,Canada,2021-04-07,Basic,5302.24
314,Omar Brown,omar.brown.314@retail.dev,Singapore,2020-02-20,Basic,8143.20
315,Rosa Ali,rosa.ali.315@shopmail.test,Japan,2022-07-06,Basic,8046.39
316,Liam Novak,liam.novak.316@shopmail.test,Australia,2021-01-25,Standard,8726.66
317,Priya Lopez,priya.lopez.317@retail.dev,United States,2021-08-31,Basic,6711.17
318,Aarav Nguyen,aarav.nguyen.318@example.com,United Kingdom,2025-09-01,Basic,10226.16
319,Sofia Okafor,sofia.okafor.319@example.com,Japan,2023-08-06,Standard,11642.49
320,Elena Chen,elena.chen.320@shopmail.test,Brazil,2024-03-30,Standard,2839.12
321,Tara Ali,tara.ali.321@shopmail.test,United Kingdom,2025-01-09,Premium,5994.01
322,Keiko Anderson,keiko.anderson.322@retail.dev,United States,2021-02-24,Standard,454.09
323,Uma Garcia,uma.garcia.323@retail.dev,Brazil,2023-06-01,Basic,6758.93
324,Zane Brown,zane.brown.324@shopmail.test,Australia,2024-01-28,Basic,9803.65
325,Lucia Novak,lucia.novak.325@shopmail.test,United Kingdom,2025-04-21,Basic,4375.45
326,Anika Muller,anika.muller.326@shopmail.test,Japan,2020-01-09,Standard,9962.86
327,Liam Singh,liam.singh.327@example.com,France,2021-03-11,Premium,1990.76
328,Anika Sato,anika.sato.328@shopmail.test,Germany,2022-03-13,Standard,11164.34
329,Jia Khan,jia.khan.329@retail.dev,Singapore,2023-10-16,Premium,4988.28
330,Anika Mensah,anika.mensah.330@example.com,Brazil,2025-02-16,Standard,11475.38
331,Aarav Williams,aarav.williams.331@retail.dev,Brazil,2020-07-17,Standard,5207.90
332,Yara Williams,yara.williams.332@example.com,United Kingdom,2021-12-26,Standard,2104.46
333,Imani Novak,imani.novak.333@retail.dev,Germany,2023-08-11,Standard,4631.34
334,Fatima Lopez,fatima.lopez.334@example.com,India,2023-11-05,Basic,5447.83
335,James Novak,james.novak.335@shopmail.test,Japan,2025-09-29,Standard,8425.39
336,Omar Khan,omar.khan.336@retail.dev,Australia,2022-04-02,Standard,8579.75
337,Yara Silva,yara.silva.337@shopmail.test,United Kingdom,2021-12-29,Standard,8339.39
338,Sofia Singh,sofia.singh.338@retail.dev,France,2026-04-22,Standard,6858.39
339,Priya Chen,priya.chen.339@example.com,Japan,2023-03-17,Basic,5083.08
340,Anika Anderson,anika.anderson.340@example.com,Canada,2024-04-09,Premium,8051.29
341,Sofia Nguyen,sofia.nguyen.341@example.com,Canada,2023-03-19,Standard,1778.48
342,Diego Chen,diego.chen.342@retail.dev,Japan,2020-05-12,Standard,5444.82
343,Viktor Muller,viktor.muller.343@retail.dev,Canada,2026-04-17,Standard,6143.29
344,Quinn Patel,quinn.patel.344@retail.dev,Australia,2024-04-11,Standard,11481.51
345,Zane Chen,zane.chen.345@retail.dev,Brazil,2020-08-08,Premium,3034.81
346,Uma Muller,uma.muller.346@retail.dev,Germany,2024-02-15,Basic,6570.72
347,Sofia Khan,sofia.khan.347@example.com,India,2023-04-19,Standard,11801.85
348,Zane Nguyen,zane.nguyen.348@shopmail.test,Japan,2025-10-05,Premium,511.59
349,Fatima Silva,fatima.silva.349@shopmail.test,Brazil,2021-10-21,Standard,3078.82
350,Quinn Silva,quinn.silva.350@example.com,Singapore,2020-06-12,Standard,3888.49
351,Uma Costa,uma.costa.351@example.com,Australia,2025-07-02,Basic,6613.17
352,Liam Muller,liam.muller.352@example.com,France,2022-01-23,Standard,9440.44
353,Lucia Chen,lucia.chen.353@example.com,Australia,2024-07-10,Premium,2673.85
354,Hassan Singh,hassan.singh.354@retail.dev,Brazil,2023-04-17,Standard,9038.05
355,Lucia Anderson,lucia.anderson.355@retail.dev,Singapore,2021-04-14,Standard,5361.87
356,Yara Novak,yara.novak.356@shopmail.test,France,2022-09-25,Basic,8198.55
357,Yara Kim,yara.kim.357@example.com,Japan,2024-04-29,Standard,8694.61
358,Uma Singh,uma.singh.358@example.com,Canada,2025-10-07,Basic,5360.54
359,Wei Khan,wei.khan.359@example.com,Japan,2023-08-05,Standard,11379.84
360,Lucia Anderson,lucia.anderson.360@example.com,France,2020-09-25,Standard,7563.44
361,Uma Kim,uma.kim.361@retail.dev,France,2022-04-22,Standard,8440.35
362,Omar Garcia,omar.garcia.362@example.com,United Kingdom,2021-09-21,Premium,8609.50
363,Amelia Patel,amelia.patel.363@retail.dev,Germany,2021-12-30,Basic,6708.06
364,Yara Sato,yara.sato.364@shopmail.test,Australia,2024-07-27,Standard,7571.85
365,Aarav Lopez,aarav.lopez.365@retail.dev,United Kingdom,2021-04-29,Standard,7706.04
366,Sofia Ali,sofia.ali.366@retail.dev,United Kingdom,2020-07-05,Basic,894.26
367,Grace Costa,grace.costa.367@shopmail.test,France,2020-12-20,Standard,11122.12
368,Uma Anderson,uma.anderson.368@retail.dev,France,2025-04-25,Standard,2657.89
369,Tara Chen,tara.chen.369@retail.dev,Australia,2023-04-23,Basic,1750.30
370,Zane Anderson,zane.anderson.370@example.com,United States,2026-03-17,Basic,1717.95
371,Maya Novak,maya.novak.371@shopmail.test,Germany,2024-06-02,Standard,11365.08
372,Rosa Singh,rosa.singh.372@retail.dev,India,2022-05-17,Standard,7760.03
373,Chen Nguyen,chen.nguyen.373@example.com,India,2022-06-23,Standard,3051.58
374,Priya Ali,priya.ali.374@retail.dev,Brazil,2020-08-10,Basic,11190.13
375,Omar Chen,omar.chen.375@example.com,Germany,2020-10-26,Standard,831.67
376,Rosa Ali,rosa.ali.376@retail.dev,Germany,2025-06-18,Basic,4301.73
377,Anika Costa,anika.costa.377@shopmail.test,Australia,2020-10-12,Basic,3830.49
378,Noah Costa,noah.costa.378@shopmail.test,France,2026-07-20,Standard,6813.17
379,Chen Anderson,chen.anderson.379@retail.dev,France,2023-07-06,Standard,2677.77
380,Fatima Singh,fatima.singh.380@shopmail.test,Brazil,2021-07-04,Standard,3995.47
381,Jia Singh,jia.singh.381@retail.dev,Singapore,2023-06-05,Standard,1328.27
382,Amelia Sato,amelia.sato.382@retail.dev,United Kingdom,2021-07-27,Basic,2377.27
383,Rosa Garcia,rosa.garcia.383@retail.dev,Singapore,2020-03-17,Basic,7588.73
384,Imani Ali,imani.ali.384@retail.dev,Japan,2022-05-21,Basic,6630.34
385,Keiko Silva,keiko.silva.385@retail.dev,Canada,2024-02-07,Standard,10699.96
386,Arjun Mensah,arjun.mensah.386@retail.dev,United States,2025-08-14,Standard,4776.50
387,Priya Muller,priya.muller.387@example.com,India,2021-11-10,Basic,1705.94
388,Maya Ali,maya.ali.388@shopmail.test,United States,2021-08-21,Basic,5814.95
389,Elena Okafor,elena.okafor.389@example.com,Germany,2022-08-07,Premium,4448.99
390,Liam Singh,liam.singh.390@example.com,United States,2024-05-08,Standard,5469.36
391,Omar Brown,omar.brown.391@shopmail.test,Canada,2021-02-26,Basic,6268.44
392,Maya Chen,maya.chen.392@shopmail.test,Singapore,2026-05-24,Standard,7852.76
393,Omar Garcia,omar.garcia.393@example.com,Japan,2025-10-17,Standard,11672.77
394,Imani Singh,imani.singh.394@retail.dev,United States,2023-11-14,Standard,5798.27
395,Liam Silva,liam.silva.395@retail.dev,Canada,2024-12-06,Standard,948.13
396,Diego Silva,diego.silva.396@example.com,Germany,2022-02-04,Standard,7234.19
397,James Brown,james.brown.397@example.com,Singapore,2021-04-09,Standard,5758.81
398,Chen Ivanov,chen.ivanov.398@retail.dev,India,2020-04-01,Standard,1556.42
399,Arjun Williams,arjun.williams.399@example.com,Canada,2020-06-09,Basic,1783.71
400,Yara Nguyen,yara.nguyen.400@retail.dev,United States,2025-10-17,Basic,7202.31
401,Wei Costa,wei.costa.401@shopmail.test,Brazil,2020-12-17,Standard,7288.15
402,Chen Muller,chen.muller.402@example.com,Singapore,2024-08-09,Standard,9540.53
403,Priya Williams,priya.williams.403@shopmail.test,Singapore,2022-12-19,Standard,8234.95
404,Maya Garcia,maya.garcia.404@example.com,Germany,2022-07-30,Standard,1608.25
405,Liam Williams,liam.williams.405@example.com,Brazil,2024-09-15,Basic,7275.99
406,Wei Novak,wei.novak.406@example.com,United Kingdom,2020-06-08,Basic,6388.87
407,Keiko Silva,keiko.silva.407@retail.dev,France,2026-01-17,Basic,10766.20
408,Liam Ivanov,liam.ivanov.408@shopmail.test,Germany,2024-02-26,Basic,8379.27
409,Zane Okafor,zane.okafor.409@retail.dev,Singapore,2024-04-10,Standard,9660.34
410,Anika Ivanov,anika.ivanov.410@example.com,Canada,2021-07-02,Standard,9196.16
411,Noah Chen,noah.chen.411@retail.dev,United States,2024-07-31,Standard,90.50
412,Maya Williams,maya.williams.412@example.com,Australia,2021-04-27,Standard,4515.98
413,James Singh,james.singh.413@shopmail.test,Canada,2021-03-12,Standard,7827.62
414,Viktor Chen,viktor.chen.414@retail.dev,France,2024-09-30,Standard,7352.27
415,Sofia Khan,sofia.khan.415@example.com,Australia,2024-08-19,Standard,6701.81
416,Lucia Chen,lucia.chen.416@shopmail.test,France,2025-06-04,Standard,3697.17
417,Rosa Silva,rosa.silva.417@retail.dev,India,2021-05-02,Basic,5372.97
418,Anika Khan,anika.khan.418@retail.dev,Singapore,2025-09-13,Standard,4077.79
419,Quinn Patel,quinn.patel.419@example.com,India,2021-10-20,Standard,7639.62
420,Keiko Novak,keiko.novak.420@shopmail.test,United Kingdom,2024-11-18,Premium,3175.53
421,Noah Patel,noah.patel.421@retail.dev,Japan,2024-04-23,Basic,4822.72
422,Grace Novak,grace.novak.422@retail.dev,Brazil,2020-08-23,Basic,9847.24
423,Jia Anderson,jia.anderson.423@retail.dev,Canada,2022-04-06,Basic,11170.83
424,Diego Patel,diego.patel.424@example.com,United States,2025-09-22,Standard,2799.26
425,Hiro Muller,hiro.muller.425@shopmail.test,France,2020-01-02,Basic,1064.94
426,Hiro Lopez,hiro.lopez.426@retail.dev,United Kingdom,2024-07-18,Standard,6224.97
427,Yara Garcia,yara.garcia.427@retail.dev,Australia,2026-03-01,Standard,9961.43
428,Hiro Sato,hiro.sato.428@shopmail.test,Singapore,2022-07-15,Standard,2354.44
429,Aarav Sato,aarav.sato.429@example.com,Japan,2021-12-17,Standard,1299.92
430,Grace Brown,grace.brown.430@retail.dev,Singapore,2021-04-24,Basic,11481.59
431,Fatima Mensah,fatima.mensah.431@shopmail.test,Brazil,2024-03-24,Standard,9245.36
432,Priya Mensah,priya.mensah.432@shopmail.test,United Kingdom,2026-07-31,Basic,5796.59
433,Imani Muller,imani.muller.433@shopmail.test,Japan,2022-07-30,Basic,4963.80
434,Lucia Anderson,lucia.anderson.434@retail.dev,Australia,2022-12-14,Standard,1138.79
435,Amelia Chen,amelia.chen.435@retail.dev,Canada,2022-01-01,Standard,4258.62
436,Chen Khan,chen.khan.436@example.com,Canada,2025-08-05,Basic,2837.46
437,Diego Muller,diego.muller.437@shopmail.test,India,2022-04-10,Basic,10040.11
438,Sofia Kim,sofia.kim.438@retail.dev,Brazil,2021-05-06,Basic,8117.85
439,Noah Anderson,noah.anderson.439@shopmail.test,Singapore,2026-01-26,Basic,10179.93
440,Hassan Okafor,hassan.okafor.440@retail.dev,Canada,2026-06-11,Basic,5902.39
441,Imani Muller,imani.muller.441@shopmail.test,Brazil,2026-06-20,Premium,6320.68
442,Zane Chen,zane.chen.442@retail.dev,India,2020-05-13,Standard,4739.76
443,Jia Kim,jia.kim.443@example.com,Germany,2025-10-23,Standard,8278.30
444,Imani Ali,imani.ali.444@shopmail.test,India,2021-02-16,Standard,7363.02
445,Lucia Sato,lucia.sato.445@shopmail.test,Australia,2022-08-29,Standard,11503.36
446,Chen Okafor,chen.okafor.446@shopmail.test,Australia,2024-10-02,Standard,8416.03
447,Viktor Lopez,viktor.lopez.447@retail.dev,Germany,2023-02-19,Standard,6867.63
448,Uma Kim,uma.kim.448@shopmail.test,Germany,2023-01-10,Basic,6675.20
449,Arjun Silva,arjun.silva.449@shopmail.test,India,2025-04-21,Basic,2139.87
450,Wei Williams,wei.williams.450@shopmail.test,Canada,2025-12-27,Basic,9429.36
451,Lucia Ali,lucia.ali.451@example.com,Germany,2020-07-14,Standard,8294.25
452,Uma Sato,uma.sato.452@retail.dev,Australia,2025-05-05,Basic,1178.22
453,Fatima Singh,fatima.singh.453@shopmail.test,Australia,2024-01-15,Standard,11183.84
454,Aarav Ivanov,aarav.ivanov.454@retail.dev,Germany,2021-05-11,Standard,8163.04
455,Maya Ali,maya.ali.455@shopmail.test,Australia,2026-01-14,Standard,9369.20
456,Priya Williams,priya.williams.456@example.com,France,2025-06-19,Basic,5376.99
457,Noah Costa,noah.costa.457@example.com,Australia,2025-03-14,Standard,1759.56
458,James Novak,james.novak.458@example.com,India,2026-05-30,Standard,10887.20
459,Hassan Muller,hassan.muller.459@shopmail.test,Singapore,2023-07-08,Standard,3513.99
460,Omar Lopez,omar.lopez.460@shopmail.test,Singapore,2023-01-16,Basic,9377.16
461,Liam Mensah,liam.mensah.461@example.com,Germany,2024-08-22,Standard,10254.19
462,Priya Sato,priya.sato.462@example.com,United Kingdom,2020-11-23,Standard,4779.62
463,Yara Okafor,yara.okafor.463@retail.dev,United Kingdom,2026-02-24,Premium,9256.93
464,Anika Sato,anika.sato.464@shopmail.test,Canada,2021-09-28,Premium,11180.79
465,Elena Muller,elena.muller.465@retail.dev,India,2023-03-09,Standard,1538.78
466,Aarav Patel,aarav.patel.466@shopmail.test,Brazil,2024-01-01,Basic,3919.29
467,Viktor Chen,viktor.chen.467@retail.dev,Japan,2023-01-20,Standard,1643.00
468,Chen Ali,chen.ali.468@retail.dev,France,2025-02-13,Standard,7639.32
469,Liam Chen,liam.chen.469@example.com,United Kingdom,2023-06-22,Basic,5792.78
470,Jia Costa,jia.costa.470@example.com,United States,2024-02-07,Standard,1889.72
471,Liam Silva,liam.silva.471@retail.dev,Brazil,2023-11-09,Standard,6432.81
472,Zane Okafor,zane.okafor.472@shopmail.test,Singapore,2023-05-12,Premium,5179.46
473,Elena Anderson,elena.anderson.473@retail.dev,France,2026-02-23,Standard,4955.54
474,Imani Muller,imani.muller.474@shopmail.test,Germany,2021-10-30,Basic,7760.74
475,Fatima Garcia,fatima.garcia.475@retail.dev,Canada,2024-09-25,Standard,6211.41
476,Grace Chen,grace.chen.476@example.com,India,2023-01-06,Standard,10245.45
477,Grace Kim,grace.kim.477@retail.dev,Brazil,2025-02-08,Standard,3283.81
478,Diego Brown,diego.brown.478@example.com,India,2020-03-20,Standard,11637.35
479,Anika Costa,anika.costa.479@example.com,Germany,2023-01-07,Premium,5275.04
480,Amelia Silva,amelia.silva.480@shopmail.test,Brazil,2020-03-01,Standard,4119.41
481,Hiro Mensah,hiro.mensah.481@example.com,United States,2020-05-09,Standard,10126.47
482,Fatima Lopez,fatima.lopez.482@shopmail.test,France,2020-10-19,Standard,2199.70
483,Uma Anderson,uma.anderson.483@shopmail.test,Brazil,2021-05-14,Basic,8583.32
484,Elena Patel,elena.patel.484@retail.dev,Germany,2022-03-26,Standard,9257.68
485,Keiko Lopez,keiko.lopez.485@retail.dev,United States,2023-07-02,Basic,1924.37
486,Rosa Chen,rosa.chen.486@shopmail.test,Germany,2025-11-03,Premium,5787.72
487,Hiro Patel,hiro.patel.487@shopmail.test,Australia,2022-06-11,Basic,2850.69
488,Aarav Nguyen,aarav.nguyen.488@example.com,United States,2023-02-04,Standard,4764.80
489,Aisha Ali,aisha.ali.489@example.com,Germany,2025-04-30,Standard,1881.03
490,Chen Okafor,chen.okafor.490@retail.dev,United States,2021-01-09,Standard,4077.60
491,Aisha Singh,aisha.singh.491@example.com,Brazil,2021-09-22,Basic,9502.81
492,Elena Brown,elena.brown.492@shopmail.test,Germany,2026-04-06,Basic,9086.45
493,Aarav Lopez,aarav.lopez.493@example.com,Brazil,2024-01-07,Basic,3027.09
494,Quinn Mensah,quinn.mensah.494@example.com,Singapore,2026-04-08,Standard,8372.03
495,Chen Chen,chen.chen.495@retail.dev,Japan,2023-11-25,Standard,5634.03
496,Chen Garcia,chen.garcia.496@shopmail.test,Japan,2025-12-15,Standard,3565.68
497,Hiro Mensah,hiro.mensah.497@retail.dev,India,2020-01-03,Basic,6083.84
498,Wei Anderson,wei.anderson.498@retail.dev,United Kingdom,2024-01-31,Basic,2884.47
499,Priya Chen,priya.chen.499@retail.dev,India,2024-05-06,Standard,8206.61
500,Noah Costa,noah.costa.500@example.com,Japan,2023-08-14,Standard,3881.24
501,Priya Garcia,priya.garcia.501@example.com,Germany,2020-06-28,Basic,1579.05
502,Anika Okafor,anika.okafor.502@shopmail.test,Brazil,2022-02-23,Premium,6862.87
503,Liam Novak,liam.novak.503@retail.dev,United Kingdom,2026-08-14,Standard,4412.09
504,Aarav Khan,aarav.khan.504@shopmail.test,United States,2025-07-05,Basic,9989.13
505,Hiro Chen,hiro.chen.505@example.com,Singapore,2024-08-30,Basic,9536.14
506,Fatima Williams,fatima.williams.506@example.com,Germany,2020-06-15,Basic,10017.62
507,Zane Williams,zane.williams.507@shopmail.test,Germany,2021-02-01,Premium,2791.44
508,Diego Williams,diego.williams.508@retail.dev,Japan,2022-10-15,Standard,11371.35
509,James Kim,james.kim.509@retail.dev,France,2026-06-19,Standard,5518.18
510,Wei Kim,wei.kim.510@retail.dev,Australia,2021-11-14,Basic,6610.84
511,Priya Nguyen,priya.nguyen.511@shopmail.test,Australia,2025-12-26,Basic,5330.07
512,Lucia Brown,lucia.brown.512@retail.dev,Australia,2024-03-02,Standard,7608.06
513,Noah Muller,noah.muller.513@retail.dev,Canada,2026-04-25,Standard,4516.38
514,Hiro Mensah,hiro.mensah.514@example.com,Canada,2025-01-06,Basic,27.34
515,Noah Anderson,noah.anderson.515@example.com,Canada,2025-10-21,Premium,10686.64
516,Elena Khan,elena.khan.516@retail.dev,Canada,2023-07-13,Premium,9867.73
517,Yara Chen,yara.chen.517@example.com,United Kingdom,2025-09-25,Standard,11112.92
518,Aisha Mensah,aisha.mensah.518@retail.dev,Germany,2023-12-27,Standard,3198.23
519,Elena Sato,elena.sato.519@example.com,United Kingdom,2023-05-15,Premium,4812.58
520,Rosa Brown,rosa.brown.520@retail.dev,Singapore,2025-05-30,Standard,9912.82
521,Uma Kim,uma.kim.521@retail.dev,France,2026-09-04,Standard,472.52
522,Amelia Patel,amelia.patel.522@shopmail.test,United Kingdom,2023-10-01,Standard,9810.27
523,Viktor Muller,viktor.muller.523@example.com,Canada,2020-02-16,Standard,7595.52
524,Liam Patel,liam.patel.524@retail.dev,Germany,2023-07-31,Standard,1816.22
525,Arjun Patel,arjun.patel.525@retail.dev,Japan,2024-05-28,Basic,9040.26
526,Amelia Muller,amelia.muller.526@example.com,Australia,2024-11-04,Standard,4747.01
527,Amelia Okafor,amelia.okafor.527@shopmail.test,United Kingdom,2026-05-29,Basic,6589.13
528,Imani Williams,imani.williams.528@example.com,Brazil,2024-11-14,Basic,1586.24
529,Lucia Khan,lucia.khan.529@retail.dev,Singapore,2025-06-21,Standard,6866.68
530,Rosa Williams,rosa.williams.530@shopmail.test,Australia,2022-10-05,Standard,3213.43
531,Priya Ali,priya.ali.531@shopmail.test,Australia,2021-01-01,Premium,4977.65
532,Diego Brown,diego.brown.532@shopmail.test,India,2023-11-12,Standard,314.88
533,Hiro Novak,hiro.novak.533@example.com,Germany,2024-12-16,Standard,5299.55
534,Priya Singh,priya.singh.534@example.com,United States,2021-09-30,Basic,10236.85
535,Elena Novak,elena.novak.535@example.com,Australia,2021-08-27,Basic,9846.10
536,Quinn Kim,quinn.kim.536@example.com,Japan,2023-06-03,Standard,297.41
537,Diego Khan,diego.khan.537@shopmail.test,Singapore,2026-02-16,Standard,3122.43
538,Rosa Silva,rosa.silva.538@retail.dev,United States,2020-03-16,Standard,10874.83
539,Fatima Nguyen,fatima.nguyen.539@retail.dev,Canada,2020-09-03,Standard,9475.53
540,Aisha Mensah,aisha.mensah.540@retail.dev,Australia,2020-02-04,Premium,7932.96
541,Viktor Kim,viktor.kim.541@shopmail.test,Germany,2020-03-19,Standard,10603.74
542,Imani Williams,imani.williams.542@retail.dev,Japan,2021-02-11,Basic,5828.83
543,Amelia Nguyen,amelia.nguyen.543@retail.dev,United States,2022-03-25,Standard,5509.39
544,Aisha Muller,aisha.muller.544@retail.dev,India,2025-12-08,Standard,5891.95
545,Aarav Singh,aarav.singh.545@retail.dev,Canada,2023-12-12,Standard,3645.36
546,Tara Patel,tara.patel.546@example.com,Japan,2022-11-21,Basic,10687.56
547,Zane Sato,zane.sato.547@retail.dev,India,2022-07-12,Standard,10768.67
548,Amelia Lopez,amelia.lopez.548@retail.dev,Germany,2025-11-02,Basic,7359.07
549,James Muller,james.muller.549@retail.dev,Australia,2026-06-04,Standard,11647.18
550,Jia Chen,jia.chen.550@retail.dev,Germany,2021-06-23,Standard,1684.45
551,Viktor Silva,viktor.silva.551@example.com,France,2023-06-19,Standard,10786.25
552,Yara Silva,yara.silva.552@retail.dev,Japan,2026-05-02,Basic,3827.02
553,Zane Kim,zane.kim.553@retail.dev,United States,2022-01-24,Standard,10558.67
554,Sofia Brown,sofia.brown.554@retail.dev,Canada,2024-08-22,Basic,3657.59
555,Arjun Khan,arjun.khan.555@retail.dev,Singapore,2021-03-13,Premium,338.72
556,Fatima Novak,fatima.novak.556@example.com,United States,2026-05-11,Standard,7166.42
557,Hiro Garcia,hiro.garcia.557@shopmail.test,Australia,2025-05-06,Premium,10157.51
558,Chen Lopez,chen.lopez.558@example.com,United States,2025-07-05,Standard,1986.34
559,James Anderson,james.anderson.559@retail.dev,Germany,2023-01-10,Basic,2690.09
560,Sofia Khan,sofia.khan.560@shopmail.test,Singapore,2020-09-27,Standard,11457.52
561,Keiko Brown,keiko.brown.561@example.com,Singapore,2025-02-17,Basic,5144.98
562,Rosa Lopez,rosa.lopez.562@retail.dev,Singapore,2023-07-05,Standard,11271.19
563,Lucia Williams,lucia.williams.563@example.com,Germany,2020-06-06,Standard,5433.02
564,Liam Chen,liam.chen.564@shopmail.test,Japan,2024-06-08,Basic,495.04
565,Sofia Patel,sofia.patel.565@shopmail.test,Canada,2022-02-16,Standard,4791.53
566,Jia Nguyen,jia.nguyen.566@retail.dev,Japan,2024-09-26,Standard,11030.42
567,Wei Silva,wei.silva.567@retail.dev,Japan,2025-03-13,Basic,5434.08
568,Anika Nguyen,anika.nguyen.568@example.com,France,2026-07-25,Basic,8360.97
569,James Brown,james.brown.569@retail.dev,Germany,2025-01-20,Premium,5457.83
570,Wei Mensah,wei.mensah.570@retail.dev,India,2021-01-04,Standard,8308.32
571,Quinn Kim,quinn.kim.571@shopmail.test,United Kingdom,2021-01-08,Premium,5406.55
572,Liam Lopez,liam.lopez.572@retail.dev,France,2025-09-26,Standard,1939.80
573,Aisha Nguyen,aisha.nguyen.573@example.com,India,2023-10-04,Standard,7922.88
574,Viktor Silva,viktor.silva.574@shopmail.test,Canada,2022-01-02,Basic,639.44
575,Rosa Mensah,rosa.mensah.575@example.com,Germany,2023-03-28,Standard,1432.71
576,Aarav Novak,aarav.novak.576@shopmail.test,Japan,2022-11-02,Premium,5984.09
577,Tara Anderson,tara.anderson.577@shopmail.test,Brazil,2025-07-14,Standard,7076.63
578,James Mensah,james.mensah.578@retail.dev,Canada,2020-11-21,Standard,103.71
579,Noah Chen,noah.chen.579@retail.dev,Australia,2022-04-30,Premium,1800.37
580,Aisha Silva,aisha.silva.580@shopmail.test,Australia,2020-05-12,Standard,10060.22
581,Yara Garcia,yara.garcia.581@example.com,Canada,2020-07-19,Premium,11924.98
582,Noah Novak,noah.novak.582@shopmail.test,Singapore,2026-06-02,Basic,2149.60
583,Hiro Patel,hiro.patel.583@shopmail.test,United Kingdom,2021-01-16,Basic,3890.79
584,Sofia Ivanov,sofia.ivanov.584@example.com,Canada,2026-03-04,Premium,5663.03
585,Hassan Williams,hassan.williams.585@retail.dev,United States,2024-08-21,Standard,8357.56
586,Anika Ali,anika.ali.586@retail.dev,Singapore,2025-12-06,Basic,5816.86
587,Yara Costa,yara.costa.587@retail.dev,Singapore,2024-10-15,Standard,3814.95
588,Noah Singh,noah.singh.588@retail.dev,Brazil,2021-06-15,Standard,5969.35
589,Keiko Nguyen,keiko.nguyen.589@example.com,United Kingdom,2022-08-11,Basic,11751.61
590,Aarav Mensah,aarav.mensah.590@retail.dev,France,2021-04-28,Basic,2507.79
591,James Patel,james.patel.591@example.com,United States,2023-09-29,Standard,9677.37
592,Omar Khan,omar.khan.592@shopmail.test,Japan,2023-02-27,Standard,837.34
593,Lucia Brown,lucia.brown.593@shopmail.test,Singapore,2020-01-26,Premium,4016.06
594,Noah Anderson,noah.anderson.594@retail.dev,Brazil,2021-12-20,Standard,10010.06
595,Yara Okafor,yara.okafor.595@retail.dev,Brazil,2020-05-25,Standard,5790.91
596,Wei Chen,wei.chen.596@retail.dev,United States,2023-10-04,Standard,9774.65
597,Uma Williams,uma.williams.597@retail.dev,Japan,2023-05-11,Standard,8146.42
598,Aarav Khan,aarav.khan.598@shopmail.test,United Kingdom,2026-06-23,Standard,9599.44
599,Arjun Sato,arjun.sato.599@retail.dev,India,2020-05-07,Standard,4518.51
600,Maya Novak,maya.novak.600@shopmail.test,Australia,2024-05-14,Standard,1424.21
601,Quinn Patel,quinn.patel.601@example.com,Australia,2023-01-17,Standard,5977.23
602,Jia Costa,jia.costa.602@shopmail.test,United States,2022-06-04,Standard,2120.78
603,Sofia Khan,sofia.khan.603@shopmail.test,Japan,2021-01-14,Standard,323.59
604,Arjun Khan,arjun.khan.604@retail.dev,Canada,2023-10-25,Basic,8795.98
605,Sofia Brown,sofia.brown.605@retail.dev,India,2021-08-09,Basic,1201.56
606,Diego Patel,diego.patel.606@example.com,United States,2025-02-24,Standard,10381.10
607,Grace Patel,grace.patel.607@example.com,United Kingdom,2026-08-31,Basic,4016.14
608,Liam Costa,liam.costa.608@example.com,Australia,2020-04-02,Standard,3762.91
609,Diego Khan,diego.khan.609@shopmail.test,United Kingdom,2023-03-19,Standard,3846.82
610,Fatima Silva,fatima.silva.610@retail.dev,Japan,2021-10-07,Standard,207.70
611,Liam Kim,liam.kim.611@shopmail.test,India,2022-04-26,Standard,6603.65
612,Zane Costa,zane.costa.612@retail.dev,Australia,2026-06-09,Standard,878.13
613,Lucia Mensah,lucia.mensah.613@retail.dev,United States,2020-07-26,Premium,5662.06
614,Anika Lopez,anika.lopez.614@retail.dev,Singapore,2020-08-08,Premium,4718.20
615,Wei Ali,wei.ali.615@example.com,Japan,2024-12-31,Standard,3766.48
616,Amelia Mensah,amelia.mensah.616@retail.dev,Brazil,2026-05-14,Premium,9758.89
617,Anika Mensah,anika.mensah.617@shopmail.test,Brazil,2023-06-25,Standard,8529.84
618,Elena Muller,elena.muller.618@shopmail.test,France,2021-08-11,Basic,7412.88
619,Chen Brown,chen.brown.619@shopmail.test,United Kingdom,2023-08-23,Standard,387.41
620,Hiro Okafor,hiro.okafor.620@shopmail.test,Singapore,2025-03-04,Basic,3405.03
621,Maya Silva,maya.silva.621@example.com,Australia,2025-09-11,Premium,9815.20
622,Lucia Garcia,lucia.garcia.622@shopmail.test,Germany,2023-05-22,Standard,4824.78
623,Noah Muller,noah.muller.623@example.com,Australia,2026-02-22,Standard,5801.44
624,Diego Ali,diego.ali.624@shopmail.test,Japan,2024-10-31,Basic,5238.36
625,Quinn Muller,quinn.muller.625@retail.dev,Singapore,2021-12-09,Standard,957.79
626,Uma Okafor,uma.okafor.626@retail.dev,United Kingdom,2021-04-13,Standard,5568.33
627,Uma Mensah,uma.mensah.627@retail.dev,United Kingdom,2021-12-22,Standard,4884.38
628,Priya Novak,priya.novak.628@example.com,United Kingdom,2024-04-01,Standard,7748.74
629,Diego Silva,diego.silva.629@example.com,India,2026-07-06,Basic,7642.69
630,Priya Silva,priya.silva.630@retail.dev,Brazil,2025-01-29,Standard,4695.04
631,Diego Khan,diego.khan.631@retail.dev,Canada,2023-07-20,Standard,9537.30
632,Yara Ivanov,yara.ivanov.632@retail.dev,Japan,2023-11-11,Basic,7003.16
633,Imani Silva,imani.silva.633@example.com,United States,2023-04-19,Premium,10815.38
634,Quinn Chen,quinn.chen.634@example.com,Germany,2024-01-11,Premium,3404.46
635,James Ali,james.ali.635@shopmail.test,France,2024-06-02,Standard,8548.49
636,James Chen,james.chen.636@example.com,Japan,2022-05-15,Standard,5711.59
637,Imani Singh,imani.singh.637@retail.dev,India,2024-09-04,Standard,11969.54
638,Arjun Anderson,arjun.anderson.638@shopmail.test,France,2020-10-20,Standard,1749.35
639,Arjun Garcia,arjun.garcia.639@shopmail.test,Singapore,2021-07-16,Standard,5004.87
640,Yara Ivanov,yara.ivanov.640@shopmail.test,France,2022-01-06,Standard,5103.89
641,Hiro Muller,hiro.muller.641@shopmail.test,Germany,2022-01-31,Standard,113.97
642,Quinn Williams,quinn.williams.642@shopmail.test,United States,2023-01-07,Standard,6565.34
643,Aisha Ali,aisha.ali.643@shopmail.test,United Kingdom,2025-06-02,Basic,1380.14
644,Arjun Williams,arjun.williams.644@retail.dev,United Kingdom,2023-02-18,Standard,961.86
645,Elena Okafor,elena.okafor.645@retail.dev,Canada,2020-11-15,Standard,6481.89
646,Noah Patel,noah.patel.646@shopmail.test,Japan,2023-11-08,Standard,154.13
647,Wei Okafor,wei.okafor.647@shopmail.test,Canada,2026-06-08,Basic,5066.67
648,Chen Patel,chen.patel.648@example.com,Brazil,2023-05-30,Basic,6775.38
649,Maya Nguyen,maya.nguyen.649@retail.dev,Singapore,2026-06-04,Premium,11884.62
650,Aarav Costa,aarav.costa.650@shopmail.test,Canada,2025-06-08,Premium,6079.51
651,Arjun Novak,arjun.novak.651@retail.dev,United Kingdom,2023-02-24,Standard,3102.04
652,Noah Nguyen,noah.nguyen.652@shopmail.test,India,2026-08-20,Basic,7918.39
653,Fatima Muller,fatima.muller.653@example.com,Australia,2025-06-09,Standard,6340.48
654,Amelia Silva,amelia.silva.654@shopmail.test,France,2026-09-05,Basic,1870.95
655,Sofia Lopez,sofia.lopez.655@example.com,Germany,2022-09-01,Standard,8718.84
656,Maya Singh,maya.singh.656@example.com,United States,2020-08-10,Standard,9071.92
657,Chen Mensah,chen.mensah.657@retail.dev,Germany,2024-06-21,Standard,5728.29
658,Imani Lopez,imani.lopez.658@shopmail.test,United States,2025-04-27,Standard,6377.04
659,Grace Mensah,grace.mensah.659@retail.dev,United States,2024-04-13,Standard,11542.11
660,Anika Chen,anika.chen.660@retail.dev,Canada,2023-12-20,Basic,5195.64
661,Hassan Sato,hassan.sato.661@retail.dev,France,2022-12-29,Basic,3082.74
662,Jia Muller,jia.muller.662@retail.dev,India,2026-08-08,Basic,6251.43
663,Hassan Chen,hassan.chen.663@example.com,France,2020-02-13,Standard,9984.48
664,Anika Williams,anika.williams.664@retail.dev,Canada,2021-03-01,Standard,4234.41
665,Fatima Khan,fatima.khan.665@retail.dev,Germany,2020-05-19,Premium,1126.00
666,Zane Novak,zane.novak.666@retail.dev,India,2021-05-13,Basic,1461.73
667,Imani Ali,imani.ali.667@shopmail.test,Canada,2022-01-26,Basic,8355.45
668,Jia Garcia,jia.garcia.668@shopmail.test,Australia,2025-01-31,Basic,3334.69
669,Fatima Nguyen,fatima.nguyen.669@shopmail.test,Australia,2020-10-30,Standard,772.09
670,Aisha Sato,aisha.sato.670@example.com,Singapore,2022-12-20,Standard,856.05
671,Imani Nguyen,imani.nguyen.671@shopmail.test,Germany,2025-07-08,Premium,6499.07
672,Noah Kim,noah.kim.672@example.com,United Kingdom,2024-12-13,Basic,1261.86
673,Maya Sato,maya.sato.673@retail.dev,United States,2024-12-31,Premium,5984.97
674,Yara Patel,yara.patel.674@shopmail.test,Singapore,2024-05-18,Standard,8408.16
675,Aarav Williams,aarav.williams.675@retail.dev,United Kingdom,2025-07-02,Standard,4861.86
676,Lucia Muller,lucia.muller.676@shopmail.test,United Kingdom,2020-01-14,Standard,8278.90
677,Maya Chen,maya.chen.677@example.com,United Kingdom,2024-01-10,Standard,3651.37
678,Hiro Chen,hiro.chen.678@shopmail.test,Germany,2023-10-24,Premium,5529.18
679,Chen Chen,chen.chen.679@shopmail.test,France,2020-06-10,Basic,7937.29
680,Wei Kim,wei.kim.680@shopmail.test,Germany,2024-01-11,Standard,10625.44
681,Arjun Patel,arjun.patel.681@example.com,Brazil,2022-03-01,Premium,11956.69
682,Imani Garcia,imani.garcia.682@shopmail.test,United States,2026-01-23,Standard,6008.72
683,Aisha Brown,aisha.brown.683@shopmail.test,United Kingdom,2020-08-17,Standard,8659.12
684,Diego Williams,diego.williams.684@retail.dev,India,2025-02-20,Basic,10445.65
685,Rosa Ali,rosa.ali.685@example.com,Brazil,2022-08-12,Basic,466.61
686,Omar Anderson,omar.anderson.686@example.com,India,2025-04-14,Basic,7430.01
687,Aarav Nguyen,aarav.nguyen.687@example.com,Brazil,2020-07-23,Basic,9853.35
688,Noah Nguyen,noah.nguyen.688@example.com,Brazil,2026-08-17,Premium,9814.21
689,Noah Novak,noah.novak.689@shopmail.test,France,2022-06-22,Premium,2451.63
690,Hassan Kim,hassan.kim.690@example.com,United States,2026-06-17,Standard,3876.04
691,Maya Nguyen,maya.nguyen.691@shopmail.test,India,2023-10-06,Premium,3304.87
692,Quinn Singh,quinn.singh.692@retail.dev,United States,2026-03-16,Standard,2942.64
693,Arjun Kim,arjun.kim.693@shopmail.test,United Kingdom,2024-03-20,Basic,212.17
694,Aarav Anderson,aarav.anderson.694@retail.dev,Canada,2022-01-04,Basic,8488.23
695,James Okafor,james.okafor.695@retail.dev,Brazil,2021-06-03,Standard,7686.91
696,James Muller,james.muller.696@example.com,Brazil,2021-12-15,Standard,475.51
697,Noah Garcia,noah.garcia.697@example.com,Germany,2023-05-18,Standard,79.73
698,Anika Williams,anika.williams.698@retail.dev,Japan,2021-01-26,Standard,10356.20
699,Elena Mensah,elena.mensah.699@example.com,Brazil,2022-05-02,Standard,2344.78
700,Keiko Nguyen,keiko.nguyen.700@retail.dev,Australia,2021-10-16,Standard,541.31
701,Grace Khan,grace.khan.701@shopmail.test,United States,2024-11-15,Standard,7411.41
702,Anika Patel,anika.patel.702@shopmail.test,Japan,2026-01-10,Standard,9431.27
703,Anika Garcia,anika.garcia.703@shopmail.test,France,2022-08-21,Basic,7122.66
704,Diego Brown,diego.brown.704@example.com,Germany,2022-07-31,Basic,3930.43
705,Rosa Ivanov,rosa.ivanov.705@shopmail.test,Singapore,2022-03-30,Standard,2667.44
706,Keiko Patel,keiko.patel.706@shopmail.test,India,2024-11-20,Premium,11136.45
707,Imani Singh,imani.singh.707@shopmail.test,Canada,2021-07-12,Standard,2350.01
708,Diego Brown,diego.brown.708@shopmail.test,India,2021-06-05,Premium,6834.77
709,Anika Mensah,anika.mensah.709@example.com,Canada,2025-02-21,Standard,9130.07
710,Noah Nguyen,noah.nguyen.710@example.com,United Kingdom,2021-11-27,Standard,6644.25
711,James Williams,james.williams.711@shopmail.test,Brazil,2025-06-26,Basic,2616.90
712,Fatima Anderson,fatima.anderson.712@shopmail.test,France,2024-10-19,Basic,2978.68
713,Maya Muller,maya.muller.713@example.com,France,2026-08-20,Basic,10967.21
714,Aisha Patel,aisha.patel.714@shopmail.test,Japan,2025-04-11,Basic,6062.99
715,Imani Okafor,imani.okafor.715@retail.dev,United States,2021-02-05,Standard,2905.13
716,Quinn Ivanov,quinn.ivanov.716@retail.dev,United Kingdom,2022-06-11,Premium,3567.09
717,Aarav Okafor,aarav.okafor.717@retail.dev,Singapore,2023-06-02,Standard,5524.91
718,Aarav Mensah,aarav.mensah.718@shopmail.test,India,2025-03-14,Basic,10493.53
719,Tara Singh,tara.singh.719@retail.dev,United Kingdom,2025-03-16,Basic,41.33
720,Imani Brown,imani.brown.720@shopmail.test,Singapore,2025-12-14,Premium,5125.18
721,Lucia Ali,lucia.ali.721@shopmail.test,United States,2022-04-28,Basic,994.48
722,Liam Singh,liam.singh.722@retail.dev,United States,2020-07-30,Premium,4402.95
723,Hiro Singh,hiro.singh.723@retail.dev,Germany,2021-12-18,Standard,8465.86
724,Arjun Brown,arjun.brown.724@retail.dev,Singapore,2022-09-04,Standard,7797.23
725,Viktor Khan,viktor.khan.725@retail.dev,France,2022-07-12,Standard,10777.75
726,Fatima Patel,fatima.patel.726@retail.dev,Japan,2020-09-16,Standard,5442.62
727,Uma Kim,uma.kim.727@retail.dev,Canada,2025-04-09,Basic,8147.74
728,Jia Novak,jia.novak.728@example.com,Germany,2024-02-16,Basic,11345.75
729,Wei Mensah,wei.mensah.729@shopmail.test,United Kingdom,2020-12-23,Premium,10777.90
730,Anika Nguyen,anika.nguyen.730@example.com,Germany,2023-02-04,Premium,1796.75
731,Liam Anderson,liam.anderson.731@example.com,Brazil,2023-04-15,Standard,8196.78
732,Hiro Ivanov,hiro.ivanov.732@example.com,United Kingdom,2024-12-23,Basic,282.25
733,Aarav Muller,aarav.muller.733@shopmail.test,Australia,2025-10-29,Standard,4955.01
734,Keiko Ali,keiko.ali.734@shopmail.test,Singapore,2025-12-11,Basic,5356.94
735,Arjun Costa,arjun.costa.735@shopmail.test,Canada,2021-12-04,Basic,2740.71
736,Sofia Patel,sofia.patel.736@example.com,Singapore,2021-08-30,Standard,5484.72
737,Yara Nguyen,yara.nguyen.737@retail.dev,India,2026-01-01,Standard,11679.14
738,Chen Muller,chen.muller.738@example.com,Brazil,2021-04-23,Premium,3816.59
739,Fatima Singh,fatima.singh.739@retail.dev,Australia,2022-01-25,Standard,8492.93
740,Hiro Silva,hiro.silva.740@retail.dev,Canada,2024-03-07,Standard,11706.20
741,Anika Anderson,anika.anderson.741@shopmail.test,Australia,2024-07-15,Basic,9228.01
742,Arjun Anderson,arjun.anderson.742@retail.dev,Canada,2026-02-15,Basic,3992.09
743,Keiko Costa,keiko.costa.743@retail.dev,Brazil,2026-06-07,Standard,9599.92
744,Hassan Kim,hassan.kim.744@retail.dev,United Kingdom,2025-05-15,Basic,1694.59
745,Grace Anderson,grace.anderson.745@shopmail.test,United Kingdom,2024-07-03,Standard,2663.87
746,Hassan Patel,hassan.patel.746@shopmail.test,Germany,2022-03-10,Standard,2685.17
747,Aarav Garcia,aarav.garcia.747@example.com,Japan,2026-01-14,Basic,8132.83
748,Imani Khan,imani.khan.748@example.com,Australia,2025-07-01,Standard,7270.81
749,Imani Silva,imani.silva.749@shopmail.test,Australia,2024-10-17,Standard,4489.65
750,Hiro Costa,hiro.costa.750@retail.dev,Brazil,2024-12-30,Basic,1073.99
751,Rosa Ivanov,rosa.ivanov.751@shopmail.test,France,2024-12-17,Standard,9672.93
752,Arjun Ali,arjun.ali.752@retail.dev,Australia,2020-12-18,Premium,3656.19
753,Amelia Ali,amelia.ali.753@shopmail.test,France,2024-03-19,Premium,4928.29
754,Chen Chen,chen.chen.754@example.com,Germany,2025-03-07,Basic,9069.04
755,Chen Lopez,chen.lopez.755@shopmail.test,Singapore,2023-03-31,Standard,530.74
756,Grace Okafor,grace.okafor.756@example.com,India,2026-04-09,Basic,2713.63
757,Fatima Costa,fatima.costa.757@shopmail.test,France,2025-04-19,Premium,7999.31
758,Chen Okafor,chen.okafor.758@shopmail.test,United Kingdom,2022-09-29,Premium,9182.50
759,Noah Singh,noah.singh.759@shopmail.test,Brazil,2026-07-08,Standard,5246.92
760,Quinn Kim,quinn.kim.760@shopmail.test,India,2024-03-08,Standard,6913.78
761,Maya Patel,maya.patel.761@example.com,Australia,2021-08-21,Standard,10542.85
762,Chen Patel,chen.patel.762@shopmail.test,United States,2023-01-21,Standard,7644.06
763,Grace Costa,grace.costa.763@example.com,India,2025-12-09,Standard,945.00
764,Sofia Kim,sofia.kim.764@retail.dev,Canada,2021-11-15,Standard,10472.51
765,Fatima Singh,fatima.singh.765@example.com,United States,2021-01-27,Standard,4235.76
766,Arjun Williams,arjun.williams.766@shopmail.test,India,2023-02-26,Standard,5831.67
767,Anika Khan,anika.khan.767@retail.dev,Singapore,2021-09-25,Standard,9983.09
768,Quinn Williams,quinn.williams.768@example.com,France,2025-12-19,Basic,8434.62
769,Jia Garcia,jia.garcia.769@shopmail.test,Australia,2021-04-22,Basic,11082.83
770,Grace Singh,grace.singh.770@retail.dev,Japan,2021-07-23,Basic,10679.47
771,Sofia Brown,sofia.brown.771@example.com,Germany,2021-12-06,Basic,369.40
772,Arjun Silva,arjun.silva.772@example.com,France,2022-07-17,Standard,2537.85
773,Quinn Kim,quinn.kim.773@shopmail.test,United States,2020-11-14,Premium,5823.95
774,Diego Kim,diego.kim.774@example.com,Brazil,2020-05-14,Basic,6173.91
775,Anika Sato,anika.sato.775@example.com,United Kingdom,2020-06-26,Premium,8019.35
776,Yara Novak,yara.novak.776@retail.dev,Australia,2022-04-21,Standard,2420.29
777,Aarav Garcia,aarav.garcia.777@retail.dev,Australia,2021-08-19,Basic,11303.59
778,Hiro Nguyen,hiro.nguyen.778@retail.dev,Singapore,2025-08-12,Basic,7365.15
779,Amelia Kim,amelia.kim.779@retail.dev,Germany,2026-06-26,Basic,6357.84
780,Zane Costa,zane.costa.780@retail.dev,United Kingdom,2021-12-04,Basic,6457.09
781,Yara Khan,yara.khan.781@retail.dev,Singapore,2025-08-27,Basic,5709.72
782,Chen Mensah,chen.mensah.782@shopmail.test,France,2021-03-15,Standard,4274.00
783,Diego Williams,diego.williams.783@shopmail.test,United Kingdom,2022-07-21,Standard,9142.88
784,Jia Kim,jia.kim.784@retail.dev,Canada,2025-10-29,Premium,9153.23
785,Lucia Patel,lucia.patel.785@shopmail.test,Brazil,2020-12-02,Standard,1410.78
786,Noah Costa,noah.costa.786@shopmail.test,Germany,2024-12-23,Standard,4902.20
787,Viktor Garcia,viktor.garcia.787@example.com,Brazil,2025-05-02,Basic,4425.11
788,Priya Kim,priya.kim.788@example.com,United Kingdom,2024-06-11,Standard,7911.12
789,Arjun Lopez,arjun.lopez.789@retail.dev,India,2024-06-28,Standard,11731.41
790,Amelia Singh,amelia.singh.790@shopmail.test,United Kingdom,2022-03-26,Standard,7149.66
791,Elena Ivanov,elena.ivanov.791@retail.dev,Singapore,2025-08-06,Standard,8569.09
792,Fatima Lopez,fatima.lopez.792@shopmail.test,Brazil,2023-12-29,Standard,7247.91
793,Liam Sato,liam.sato.793@shopmail.test,Brazil,2021-08-26,Basic,1318.74
794,Keiko Muller,keiko.muller.794@example.com,Brazil,2021-07-05,Premium,8860.14
795,Priya Anderson,priya.anderson.795@example.com,Canada,2022-01-03,Standard,8158.47
796,Noah Novak,noah.novak.796@retail.dev,Brazil,2021-01-29,Basic,7941.44
797,Tara Mensah,tara.mensah.797@retail.dev,Canada,2022-04-07,Standard,5987.34
798,Lucia Brown,lucia.brown.798@example.com,France,2026-01-23,Standard,11432.15
799,Wei Kim,wei.kim.799@shopmail.test,Brazil,2024-04-20,Standard,10238.17
800,Aisha Patel,aisha.patel.800@shopmail.test,India,2021-12-25,Standard,10327.82
801,Keiko Ivanov,keiko.ivanov.801@example.com,Singapore,2021-07-04,Standard,4684.24
802,Priya Okafor,priya.okafor.802@shopmail.test,Japan,2026-03-18,Standard,6877.22
803,Viktor Nguyen,viktor.nguyen.803@retail.dev,France,2025-09-06,Premium,3179.11
804,Noah Singh,noah.singh.804@example.com,India,2023-03-11,Standard,362.06
805,Uma Singh,uma.singh.805@retail.dev,Australia,2023-11-29,Basic,7018.00
806,Imani Kim,imani.kim.806@shopmail.test,United States,2024-10-19,Standard,4304.46
807,Priya Muller,priya.muller.807@example.com,United Kingdom,2022-10-11,Standard,3762.39
808,Viktor Costa,viktor.costa.808@shopmail.test,United States,2021-04-13,Standard,261.05
809,Jia Ivanov,jia.ivanov.809@example.com,Brazil,2026-05-15,Standard,5068.54
810,Maya Anderson,maya.anderson.810@retail.dev,United Kingdom,2023-07-20,Standard,4698.85
811,Tara Okafor,tara.okafor.811@shopmail.test,Japan,2021-02-13,Standard,2490.75
812,Tara Brown,tara.brown.812@shopmail.test,Germany,2021-11-13,Standard,4375.93
813,Keiko Garcia,keiko.garcia.813@shopmail.test,Singapore,2026-01-03,Standard,3200.23
814,Imani Muller,imani.muller.814@retail.dev,Australia,2021-01-11,Basic,6948.86
815,Fatima Garcia,fatima.garcia.815@example.com,Australia,2026-05-09,Basic,5716.34
816,Tara Garcia,tara.garcia.816@retail.dev,Japan,2023-05-21,Standard,3616.41
817,Hassan Khan,hassan.khan.817@shopmail.test,Japan,2024-08-24,Standard,7508.94
818,Chen Anderson,chen.anderson.818@example.com,Brazil,2025-10-15,Basic,6932.70
819,Fatima Chen,fatima.chen.819@example.com,Japan,2024-11-11,Basic,8726.22
820,Diego Singh,diego.singh.820@retail.dev,Canada,2025-03-09,Premium,1826.91
821,Viktor Ivanov,viktor.ivanov.821@example.com,Germany,2024-08-07,Standard,9966.82
822,Viktor Ivanov,viktor.ivanov.822@shopmail.test,Singapore,2022-12-29,Basic,7761.36
823,Elena Lopez,elena.lopez.823@example.com,Canada,2022-09-03,Premium,2323.19
824,Jia Okafor,jia.okafor.824@example.com,Germany,2026-04-12,Basic,5078.68
825,Chen Sato,chen.sato.825@shopmail.test,Japan,2021-07-12,Premium,9481.30
826,Chen Patel,chen.patel.826@example.com,Australia,2025-06-13,Basic,687.54
827,Noah Costa,noah.costa.827@shopmail.test,United Kingdom,2020-09-17,Basic,4898.91
828,Imani Silva,imani.silva.828@example.com,Japan,2022-08-24,Premium,8820.40
829,Priya Ali,priya.ali.829@example.com,Singapore,2025-11-21,Standard,10617.66
830,Anika Brown,anika.brown.830@retail.dev,Germany,2023-09-10,Basic,8853.41
831,Yara Ivanov,yara.ivanov.831@shopmail.test,Brazil,2022-06-11,Premium,2122.47
832,James Sato,james.sato.832@retail.dev,United Kingdom,2026-08-11,Premium,6413.30
833,Hassan Chen,hassan.chen.833@shopmail.test,India,2024-10-01,Standard,2975.00
834,Hiro Okafor,hiro.okafor.834@retail.dev,United States,2024-02-15,Basic,277.36
835,Uma Patel,uma.patel.835@retail.dev,Australia,2022-09-08,Standard,4631.67
836,Wei Kim,wei.kim.836@shopmail.test,United States,2025-12-30,Basic,10295.32
837,Yara Lopez,yara.lopez.837@example.com,Canada,2022-11-12,Standard,11237.46
838,Diego Nguyen,diego.nguyen.838@retail.dev,France,2024-12-02,Standard,10556.62
839,Tara Patel,tara.patel.839@shopmail.test,Brazil,2023-01-27,Basic,9882.79
840,Rosa Ivanov,rosa.ivanov.840@example.com,India,2023-09-24,Basic,10524.22
841,Quinn Sato,quinn.sato.841@retail.dev,Japan,2025-09-04,Premium,5064.92
842,Rosa Brown,rosa.brown.842@retail.dev,India,2025-01-30,Standard,9149.66
843,Omar Mensah,omar.mensah.843@shopmail.test,Australia,2021-07-11,Premium,2420.90
844,Maya Garcia,maya.garcia.844@retail.dev,India,2021-03-29,Standard,6208.48
845,Viktor Novak,viktor.novak.845@shopmail.test,India,2024-08-07,Basic,3849.80
846,Fatima Nguyen,fatima.nguyen.846@example.com,United Kingdom,2026-08-26,Basic,9599.36
847,James Singh,james.singh.847@retail.dev,Germany,2022-01-15,Standard,4543.41
848,Aarav Anderson,aarav.anderson.848@example.com,Brazil,2026-04-06,Standard,7528.86
849,Diego Sato,diego.sato.849@retail.dev,Canada,2021-11-22,Premium,7425.60
850,Arjun Garcia,arjun.garcia.850@example.com,Japan,2024-02-16,Standard,6817.73
851,James Mensah,james.mensah.851@example.com,Canada,2025-07-17,Premium,8569.93
852,Grace Okafor,grace.okafor.852@retail.dev,Germany,2024-04-13,Premium,10279.64
853,Uma Costa,uma.costa.853@example.com,United States,2022-02-14,Standard,4917.08
854,Grace Sato,grace.sato.854@shopmail.test,Singapore,2022-08-22,Standard,10890.26
855,Priya Mensah,priya.mensah.855@shopmail.test,France,2020-12-17,Premium,1620.13
856,Priya Khan,priya.khan.856@shopmail.test,United Kingdom,2024-04-19,Basic,8839.85
857,Anika Chen,anika.chen.857@shopmail.test,Australia,2020-08-28,Premium,11174.50
858,Noah Novak,noah.novak.858@shopmail.test,Canada,2020-07-05,Premium,6066.89
859,Imani Singh,imani.singh.859@retail.dev,India,2021-06-25,Basic,6725.74
860,Fatima Nguyen,fatima.nguyen.860@shopmail.test,India,2025-08-25,Standard,4086.64
861,Amelia Brown,amelia.brown.861@shopmail.test,United States,2025-12-12,Standard,3143.36
862,Arjun Okafor,arjun.okafor.862@shopmail.test,Canada,2023-02-24,Basic,11116.69
863,Noah Sato,noah.sato.863@shopmail.test,Brazil,2025-10-18,Standard,10714.74
864,Sofia Silva,sofia.silva.864@shopmail.test,United States,2026-03-26,Basic,7897.60
865,Diego Silva,diego.silva.865@shopmail.test,India,2020-08-11,Standard,454.45
866,Quinn Mensah,quinn.mensah.866@shopmail.test,United States,2024-11-22,Premium,10744.72
867,Jia Singh,jia.singh.867@retail.dev,India,2026-04-16,Standard,5928.54
868,Anika Singh,anika.singh.868@example.com,Japan,2021-01-18,Standard,3427.29
869,Uma Sato,uma.sato.869@retail.dev,United States,2026-04-26,Basic,7038.49
870,Liam Ali,liam.ali.870@shopmail.test,United Kingdom,2022-01-09,Standard,945.10
871,Wei Brown,wei.brown.871@example.com,France,2020-04-16,Standard,11776.48
872,Hiro Ali,hiro.ali.872@example.com,Brazil,2021-03-10,Basic,1866.46
873,Uma Okafor,uma.okafor.873@retail.dev,United States,2025-02-02,Standard,3250.09
874,Hassan Patel,hassan.patel.874@retail.dev,Singapore,2025-01-29,Standard,8785.25
875,Arjun Khan,arjun.khan.875@example.com,United Kingdom,2020-07-18,Basic,3413.37
876,Lucia Novak,lucia.novak.876@example.com,France,2024-04-11,Premium,3080.59
877,Amelia Anderson,amelia.anderson.877@shopmail.test,India,2022-05-02,Standard,9359.42
878,Anika Costa,anika.costa.878@shopmail.test,Singapore,2025-07-03,Basic,8837.27
879,Arjun Singh,arjun.singh.879@shopmail.test,Brazil,2021-01-28,Basic,6164.02
880,Wei Lopez,wei.lopez.880@example.com,France,2025-05-05,Standard,7214.08
881,Tara Singh,tara.singh.881@example.com,Japan,2022-02-02,Standard,5126.55
882,Hassan Mensah,hassan.mensah.882@shopmail.test,Japan,2022-07-07,Standard,8570.78
883,Omar Williams,omar.williams.883@shopmail.test,Canada,2020-12-09,Standard,5262.33
884,Arjun Silva,arjun.silva.884@shopmail.test,Singapore,2023-05-15,Basic,6289.03
885,Aisha Chen,aisha.chen.885@retail.dev,France,2020-11-09,Basic,6173.14
886,James Kim,james.kim.886@shopmail.test,Australia,2025-03-18,Standard,6832.53
887,Fatima Ali,fatima.ali.887@retail.dev,Brazil,2020-11-30,Basic,219.82
888,Chen Nguyen,chen.nguyen.888@retail.dev,Canada,2024-05-28,Premium,5009.61
889,Hassan Ali,hassan.ali.889@shopmail.test,Australia,2025-02-06,Basic,5413.13
890,Zane Nguyen,zane.nguyen.890@retail.dev,Canada,2022-05-14,Standard,8970.68
891,Viktor Kim,viktor.kim.891@example.com,United States,2024-11-11,Standard,95.02
892,Chen Okafor,chen.okafor.892@retail.dev,Singapore,2025-02-27,Standard,10428.65
893,Rosa Okafor,rosa.okafor.893@shopmail.test,France,2023-05-25,Standard,11687.71
894,Tara Costa,tara.costa.894@example.com,United States,2020-12-24,Premium,191.16
895,Quinn Khan,quinn.khan.895@retail.dev,Germany,2020-04-19,Standard,7792.26
896,James Chen,james.chen.896@example.com,Brazil,2022-02-20,Premium,9242.41
897,James Anderson,james.anderson.897@retail.dev,Brazil,2021-04-22,Standard,1850.26
898,Zane Okafor,zane.okafor.898@example.com,Germany,2025-04-15,Premium,5407.96
899,Grace Ali,grace.ali.899@retail.dev,France,2024-05-23,Premium,119.29
900,James Okafor,james.okafor.900@shopmail.test,United States,2026-06-28,Standard,6662.80
901,Keiko Lopez,keiko.lopez.901@retail.dev,Brazil,2025-06-14,Standard,8702.25
902,Elena Patel,elena.patel.902@retail.dev,United Kingdom,2025-12-03,Premium,6927.43
903,Fatima Ivanov,fatima.ivanov.903@retail.dev,Australia,2025-04-22,Premium,7481.79
904,Jia Ivanov,jia.ivanov.904@shopmail.test,Australia,2020-03-26,Standard,8721.35
905,Jia Muller,jia.muller.905@shopmail.test,Singapore,2025-09-10,Standard,10911.12
906,Viktor Mensah,viktor.mensah.906@shopmail.test,France,2021-06-21,Basic,8682.87
907,Uma Singh,uma.singh.907@retail.dev,Germany,2025-04-18,Basic,10138.26
908,Grace Garcia,grace.garcia.908@retail.dev,Brazil,2025-05-31,Premium,2413.82
909,Anika Ivanov,anika.ivanov.909@example.com,United States,2025-07-15,Standard,2532.96
910,Hiro Sato,hiro.sato.910@retail.dev,United States,2024-01-02,Standard,2117.21
911,Tara Garcia,tara.garcia.911@example.com,Japan,2023-10-15,Standard,7420.32
912,Elena Okafor,elena.okafor.912@example.com,Japan,2022-11-22,Basic,9424.01
913,Fatima Silva,fatima.silva.913@example.com,Brazil,2025-10-12,Standard,1272.10
914,Tara Mensah,tara.mensah.914@retail.dev,United Kingdom,2021-03-30,Basic,9385.29
915,Uma Chen,uma.chen.915@example.com,Germany,2020-06-20,Standard,2025.38
916,Yara Singh,yara.singh.916@retail.dev,Brazil,2021-10-05,Basic,8505.26
917,Rosa Kim,rosa.kim.917@example.com,United Kingdom,2021-09-23,Standard,4031.93
918,Viktor Khan,viktor.khan.918@example.com,Germany,2024-12-03,Basic,9236.40
919,Uma Okafor,uma.okafor.919@shopmail.test,Australia,2023-10-30,Standard,2075.86
920,Quinn Ivanov,quinn.ivanov.920@retail.dev,France,2024-01-17,Standard,2964.28
921,Tara Muller,tara.muller.921@shopmail.test,Brazil,2021-07-19,Basic,4975.58
922,Zane Williams,zane.williams.922@example.com,Japan,2024-01-21,Basic,5324.88
923,Zane Garcia,zane.garcia.923@example.com,France,2020-12-13,Standard,4834.77
924,Aisha Lopez,aisha.lopez.924@retail.dev,United States,2020-05-31,Standard,7706.55
925,Omar Williams,omar.williams.925@retail.dev,Japan,2023-04-26,Standard,10632.25
926,Viktor Costa,viktor.costa.926@shopmail.test,Japan,2023-07-08,Basic,119.63
927,Noah Silva,noah.silva.927@retail.dev,Singapore,2024-07-12,Standard,2481.47
928,Tara Novak,tara.novak.928@retail.dev,France,2024-12-16,Standard,10654.91
929,Sofia Khan,sofia.khan.929@shopmail.test,India,2023-05-20,Premium,6460.77
930,Liam Chen,liam.chen.930@shopmail.test,Japan,2023-03-08,Standard,6152.27
931,Hassan Nguyen,hassan.nguyen.931@retail.dev,Canada,2020-04-05,Premium,9564.27
932,Elena Costa,elena.costa.932@example.com,Australia,2024-09-27,Basic,1347.54
933,Fatima Williams,fatima.williams.933@example.com,Brazil,2023-12-22,Premium,9084.81
934,Grace Ali,grace.ali.934@retail.dev,Singapore,2020-01-22,Standard,11795.83
935,Maya Chen,maya.chen.935@retail.dev,Singapore,2026-09-05,Standard,3607.94
936,Priya Silva,priya.silva.936@shopmail.test,Japan,2024-03-26,Standard,2990.41
937,Maya Khan,maya.khan.937@shopmail.test,France,2024-01-19,Standard,1779.98
938,Amelia Garcia,amelia.garcia.938@example.com,Brazil,2020-09-11,Standard,1582.51
939,Amelia Singh,amelia.singh.939@shopmail.test,Canada,2025-11-25,Standard,6718.65
940,Maya Okafor,maya.okafor.940@shopmail.test,France,2024-09-30,Basic,8275.99
941,Uma Nguyen,uma.nguyen.941@shopmail.test,India,2021-08-14,Standard,5830.05
942,Zane Williams,zane.williams.942@shopmail.test,United States,2025-12-07,Premium,2571.39
943,Rosa Nguyen,rosa.nguyen.943@retail.dev,France,2026-04-08,Standard,11423.07
944,Anika Kim,anika.kim.944@example.com,United Kingdom,2024-02-22,Standard,507.38
945,Hiro Costa,hiro.costa.945@example.com,India,2024-03-13,Standard,5843.96
946,Tara Ali,tara.ali.946@shopmail.test,Germany,2024-09-23,Premium,10733.68
947,Chen Okafor,chen.okafor.947@example.com,France,2020-01-09,Premium,4200.07
948,Keiko Ali,keiko.ali.948@shopmail.test,Brazil,2023-06-22,Standard,10805.94
949,Uma Novak,uma.novak.949@shopmail.test,Brazil,2021-06-27,Basic,6069.55
950,Priya Mensah,priya.mensah.950@retail.dev,Singapore,2021-09-02,Basic,3919.47
951,James Lopez,james.lopez.951@example.com,Brazil,2022-08-11,Basic,4084.50
952,Rosa Sato,rosa.sato.952@retail.dev,Canada,2020-12-28,Basic,8493.82
953,Lucia Kim,lucia.kim.953@retail.dev,Singapore,2026-04-10,Premium,11463.14
954,Sofia Patel,sofia.patel.954@retail.dev,United States,2026-05-24,Standard,9012.94
955,Anika Chen,anika.chen.955@example.com,Germany,2022-01-06,Basic,3317.68
956,Uma Ali,uma.ali.956@shopmail.test,France,2024-12-24,Premium,6414.19
957,Maya Patel,maya.patel.957@shopmail.test,India,2025-07-06,Basic,303.58
958,James Anderson,james.anderson.958@example.com,United Kingdom,2025-12-02,Standard,3104.70
959,Lucia Nguyen,lucia.nguyen.959@example.com,India,2023-03-14,Premium,3085.27
960,Grace Ivanov,grace.ivanov.960@example.com,United States,2021-11-24,Premium,11534.45
961,Quinn Patel,quinn.patel.961@shopmail.test,Australia,2023-05-05,Standard,3857.50
962,Fatima Lopez,fatima.lopez.962@retail.dev,Singapore,2021-05-10,Premium,2894.48
963,Elena Okafor,elena.okafor.963@example.com,Canada,2025-09-14,Basic,4635.96
964,Aisha Brown,aisha.brown.964@example.com,France,2025-03-18,Standard,808.86
965,Omar Muller,omar.muller.965@retail.dev,United Kingdom,2020-03-17,Standard,11562.61
966,Elena Chen,elena.chen.966@example.com,Japan,2021-05-29,Standard,4895.78
967,Diego Silva,diego.silva.967@example.com,Japan,2024-03-09,Standard,2039.06
968,Zane Ivanov,zane.ivanov.968@shopmail.test,Singapore,2026-03-23,Standard,36.99
969,Grace Nguyen,grace.nguyen.969@shopmail.test,Singapore,2020-01-03,Premium,11063.68
970,Fatima Lopez,fatima.lopez.970@retail.dev,Canada,2023-12-10,Basic,2572.73
971,Aisha Nguyen,aisha.nguyen.971@shopmail.test,United Kingdom,2025-12-27,Standard,3625.14
972,Uma Silva,uma.silva.972@example.com,Singapore,2026-03-29,Basic,10542.39
973,Liam Brown,liam.brown.973@retail.dev,Brazil,2023-11-04,Standard,11756.19
974,Fatima Muller,fatima.muller.974@retail.dev,Australia,2023-08-10,Standard,5531.10
975,Aarav Silva,aarav.silva.975@example.com,India,2020-01-09,Standard,76.24
976,James Chen,james.chen.976@retail.dev,United Kingdom,2025-06-25,Basic,6469.12
977,Lucia Anderson,lucia.anderson.977@shopmail.test,Singapore,2024-12-28,Standard,4252.11
978,Hiro Lopez,hiro.lopez.978@example.com,United Kingdom,2021-12-26,Basic,9747.14
979,Jia Singh,jia.singh.979@example.com,Canada,2022-03-01,Standard,2677.71
980,Priya Singh,priya.singh.980@shopmail.test,Germany,2022-02-23,Premium,7370.98
981,Elena Okafor,elena.okafor.981@retail.dev,Singapore,2024-01-26,Premium,5926.73
982,Diego Anderson,diego.anderson.982@example.com,Canada,2022-03-14,Basic,7670.27
983,Maya Williams,maya.williams.983@retail.dev,Singapore,2025-07-16,Standard,2345.40
984,Priya Novak,priya.novak.984@retail.dev,United Kingdom,2026-05-03,Standard,7068.27
985,Arjun Sato,arjun.sato.985@retail.dev,Canada,2026-05-23,Basic,10575.01
986,Diego Anderson,diego.anderson.986@shopmail.test,United States,2025-12-22,Standard,8176.15
987,Zane Ivanov,zane.ivanov.987@shopmail.test,Canada,2020-07-31,Basic,3892.92
988,Anika Williams,anika.williams.988@example.com,Germany,2025-03-26,Standard,6219.15
989,Aisha Sato,aisha.sato.989@shopmail.test,Germany,2024-09-16,Standard,3812.00
990,Hassan Garcia,hassan.garcia.990@example.com,France,2026-05-31,Basic,11883.42
991,Zane Garcia,zane.garcia.991@example.com,United Kingdom,2022-10-20,Standard,3967.46
992,Aarav Okafor,aarav.okafor.992@retail.dev,Australia,2024-11-04,Basic,7120.56
993,Uma Sato,uma.sato.993@shopmail.test,United States,2022-10-09,Premium,2879.35
994,Uma Brown,uma.brown.994@retail.dev,Singapore,2025-10-29,Basic,11323.98
995,Jia Kim,jia.kim.995@example.com,United States,2025-01-02,Standard,1049.28
996,Imani Brown,imani.brown.996@shopmail.test,United States,2020-09-23,Basic,767.48
997,Grace Novak,grace.novak.997@retail.dev,United States,2024-11-03,Premium,8138.83
998,Grace Lopez,grace.lopez.998@example.com,Singapore,2024-07-03,Premium,9029.76
999,Tara Novak,tara.novak.999@shopmail.test,Singapore,2020-02-13,Standard,5583.90
1000,Noah Kim,noah.kim.1000@example.com,Brazil,2023-10-23,Standard,8117.42
1001,Liam Brown,liam.brown.1001@retail.dev,United Kingdom,2026-08-04,Standard,1254.71
1002,Maya Khan,maya.khan.1002@shopmail.test,France,2026-06-05,Premium,6119.05
1003,Keiko Novak,keiko.novak.1003@example.com,United States,2024-12-26,Standard,1673.63
1004,Arjun Costa,arjun.costa.1004@shopmail.test,Canada,2026-07-22,Standard,11517.90
1005,Maya Chen,maya.chen.1005@shopmail.test,Canada,2021-08-19,Premium,3721.38
1006,Hiro Anderson,hiro.anderson.1006@example.com,Germany,2025-10-21,Standard,8147.65
1007,Liam Chen,liam.chen.1007@example.com,Germany,2020-08-11,Standard,2365.00
1008,Tara Garcia,tara.garcia.1008@retail.dev,Brazil,2023-10-30,Standard,5721.81
1009,Noah Brown,noah.brown.1009@shopmail.test,France,2026-06-27,Standard,4044.53
1010,Hassan Nguyen,hassan.nguyen.1010@example.com,Brazil,2021-03-05,Standard,9475.57
1011,Elena Anderson,elena.anderson.1011@example.com,Germany,2022-07-02,Standard,5611.78
1012,Keiko Brown,keiko.brown.1012@example.com,Australia,2024-03-19,Standard,2231.33
1013,Aarav Garcia,aarav.garcia.1013@shopmail.test,Brazil,2024-01-05,Premium,1404.39
1014,Diego Ali,diego.ali.1014@example.com,Canada,2024-01-14,Premium,380.48
1015,Chen Muller,chen.muller.1015@retail.dev,Germany,2022-12-09,Basic,4094.31
1016,Chen Khan,chen.khan.1016@example.com,United States,2020-03-29,Standard,3159.92
1017,Uma Silva,uma.silva.1017@shopmail.test,Germany,2024-04-01,Standard,10623.01
1018,Grace Mensah,grace.mensah.1018@example.com,Japan,2022-09-10,Standard,4483.89
1019,Tara Novak,tara.novak.1019@example.com,India,2024-11-11,Basic,807.90
1020,Tara Khan,tara.khan.1020@shopmail.test,Singapore,2022-02-24,Standard,8339.89
1021,James Muller,james.muller.1021@retail.dev,Canada,2020-07-08,Basic,7058.23
1022,Tara Silva,tara.silva.1022@shopmail.test,India,2023-09-04,Standard,7562.77
1023,Viktor Williams,viktor.williams.1023@example.com,Brazil,2026-07-20,Basic,2530.62
1024,Tara Novak,tara.novak.1024@retail.dev,Japan,2020-09-22,Standard,4672.69
1025,Hiro Okafor,hiro.okafor.1025@shopmail.test,Japan,2025-10-26,Standard,3878.83
1026,Quinn Okafor,quinn.okafor.1026@retail.dev,Singapore,2025-07-19,Standard,6984.71
1027,Omar Patel,omar.patel.1027@example.com,France,2022-04-28,Standard,2455.93
1028,Diego Costa,diego.costa.1028@shopmail.test,Canada,2024-10-06,Basic,6867.16
1029,Lucia Garcia,lucia.garcia.1029@retail.dev,Australia,2021-07-04,Basic,3558.20
1030,Elena Ali,elena.ali.1030@shopmail.test,Brazil,2020-06-17,Standard,7462.98
1031,Jia Ivanov,jia.ivanov.1031@shopmail.test,France,2024-08-02,Standard,5983.08
1032,Aarav Nguyen,aarav.nguyen.1032@shopmail.test,United Kingdom,2024-12-14,Standard,7753.12
1033,Grace Williams,grace.williams.1033@shopmail.test,Germany,2025-10-01,Standard,960.95
1034,Anika Kim,anika.kim.1034@shopmail.test,Germany,2020-10-19,Standard,6563.66
1035,Priya Brown,priya.brown.1035@retail.dev,Canada,2022-10-21,Standard,9791.39
1036,Diego Novak,diego.novak.1036@retail.dev,Japan,2021-07-18,Basic,9034.79
1037,Yara Sato,yara.sato.1037@shopmail.test,France,2020-02-04,Basic,3400.10
1038,Zane Lopez,zane.lopez.1038@retail.dev,Japan,2026-07-03,Basic,167.39
1039,Sofia Silva,sofia.silva.1039@example.com,Brazil,2024-06-16,Standard,8686.95
1040,Elena Williams,elena.williams.1040@retail.dev,Brazil,2026-08-01,Basic,9097.52
1041,Hassan Garcia,hassan.garcia.1041@retail.dev,France,2023-07-06,Basic,5159.80
1042,Diego Mensah,diego.mensah.1042@example.com,Singapore,2025-01-17,Basic,385.50
1043,Viktor Silva,viktor.silva.1043@retail.dev,Australia,2023-06-05,Basic,140.93
1044,Hassan Muller,hassan.muller.1044@retail.dev,Japan,2024-09-12,Standard,9037.70
1045,Grace Brown,grace.brown.1045@example.com,India,2026-08-01,Premium,9429.66
1046,Zane Brown,zane.brown.1046@retail.dev,Singapore,2026-05-16,Standard,7245.96
1047,Viktor Lopez,viktor.lopez.1047@retail.dev,France,2024-04-10,Standard,4702.87
1048,Diego Okafor,diego.okafor.1048@retail.dev,Canada,2021-03-20,Standard,11544.21
1049,Amelia Nguyen,amelia.nguyen.1049@retail.dev,Singapore,2021-03-03,Standard,2152.19
1050,Keiko Anderson,keiko.anderson.1050@shopmail.test,Canada,2022-02-03,Standard,10938.36
1051,Diego Muller,diego.muller.1051@example.com,Australia,2023-04-07,Standard,863.00
1052,Liam Anderson,liam.anderson.1052@shopmail.test,India,2021-12-04,Standard,10920.00
1053,Anika Silva,anika.silva.1053@shopmail.test,Germany,2026-01-06,Standard,8924.13
1054,Arjun Khan,arjun.khan.1054@shopmail.test,India,2023-06-22,Standard,8523.32
1055,Noah Ali,noah.ali.1055@retail.dev,Brazil,2023-06-25,Standard,6042.14
1056,Fatima Khan,fatima.khan.1056@shopmail.test,Singapore,2020-01-31,Basic,5362.64
1057,Tara Muller,tara.muller.1057@shopmail.test,Brazil,2025-11-23,Standard,6841.52
1058,Jia Ali,jia.ali.1058@shopmail.test,Australia,2020-06-09,Basic,3472.74
1059,Quinn Costa,quinn.costa.1059@example.com,France,2024-05-20,Standard,9724.57
1060,Elena Nguyen,elena.nguyen.1060@example.com,Singapore,2024-11-04,Standard,10932.23
1061,Anika Lopez,anika.lopez.1061@shopmail.test,Japan,2020-06-27,Standard,10449.71
1062,Grace Garcia,grace.garcia.1062@retail.dev,United Kingdom,2022-06-08,Basic,4950.06
1063,Hiro Garcia,hiro.garcia.1063@shopmail.test,Brazil,2021-03-06,Standard,9359.64
1064,Chen Sato,chen.sato.1064@example.com,Brazil,2022-04-29,Standard,5559.46
1065,Imani Brown,imani.brown.1065@example.com,Canada,2024-06-23,Basic,4775.18
1066,Anika Silva,anika.silva.1066@shopmail.test,United Kingdom,2023-09-01,Standard,5584.34
1067,Amelia Chen,amelia.chen.1067@shopmail.test,Canada,2022-09-19,Basic,5266.74
1068,Uma Nguyen,uma.nguyen.1068@example.com,Canada,2021-11-29,Basic,7293.69
1069,Anika Chen,anika.chen.1069@example.com,Canada,2024-05-19,Standard,8064.92
1070,Arjun Mensah,arjun.mensah.1070@retail.dev,Japan,2024-01-06,Standard,8580.09
1071,Diego Mensah,diego.mensah.1071@retail.dev,United Kingdom,2020-07-14,Basic,9742.85
1072,Imani Costa,imani.costa.1072@shopmail.test,Germany,2024-12-23,Premium,80.87
1073,Yara Muller,yara.muller.1073@example.com,France,2024-03-14,Basic,2419.83
1074,Aarav Anderson,aarav.anderson.1074@example.com,Germany,2023-10-12,Basic,8167.52
1075,Zane Kim,zane.kim.1075@retail.dev,United Kingdom,2021-11-18,Basic,552.05
1076,Uma Brown,uma.brown.1076@example.com,Japan,2023-08-14,Standard,2294.83
1077,Imani Ivanov,imani.ivanov.1077@shopmail.test,India,2021-05-09,Standard,1292.98
1078,Aarav Lopez,aarav.lopez.1078@example.com,United Kingdom,2023-07-19,Premium,2572.90
1079,Priya Sato,priya.sato.1079@shopmail.test,Canada,2024-02-20,Premium,10628.38
1080,Sofia Novak,sofia.novak.1080@retail.dev,Singapore,2025-08-08,Basic,1244.22
1081,Chen Sato,chen.sato.1081@retail.dev,France,2021-01-23,Standard,11777.46
1082,Priya Silva,priya.silva.1082@retail.dev,Australia,2023-09-22,Standard,9146.55
1083,Viktor Okafor,viktor.okafor.1083@retail.dev,Brazil,2020-10-03,Standard,7312.19
1084,Imani Williams,imani.williams.1084@example.com,Germany,2022-08-10,Standard,8462.93
1085,Aarav Novak,aarav.novak.1085@example.com,Singapore,2021-05-23,Standard,8861.51
1086,Amelia Patel,amelia.patel.1086@example.com,France,2021-07-17,Standard,3576.96
1087,Diego Patel,diego.patel.1087@shopmail.test,Australia,2022-09-02,Basic,7186.95
1088,Arjun Sato,arjun.sato.1088@retail.dev,France,2023-07-24,Standard,9131.91
1089,Omar Costa,omar.costa.1089@shopmail.test,Germany,2020-04-07,Standard,8801.16
1090,Diego Chen,diego.chen.1090@example.com,Germany,2020-08-09,Basic,7988.45
1091,Noah Lopez,noah.lopez.1091@example.com,United Kingdom,2025-11-05,Standard,5322.27
1092,Viktor Okafor,viktor.okafor.1092@example.com,Germany,2020-10-13,Basic,648.98
1093,Arjun Garcia,arjun.garcia.1093@example.com,Germany,2021-12-12,Standard,9978.87
1094,Liam Garcia,liam.garcia.1094@retail.dev,Germany,2024-10-11,Basic,3754.77
1095,Elena Ivanov,elena.ivanov.1095@retail.dev,Brazil,2021-12-23,Standard,3654.63
1096,Zane Khan,zane.khan.1096@shopmail.test,France,2023-01-18,Basic,5787.02
1097,Imani Nguyen,imani.nguyen.1097@retail.dev,France,2025-04-12,Standard,6075.88
1098,Sofia Silva,sofia.silva.1098@example.com,Canada,2025-05-28,Premium,4592.50
1099,Noah Chen,noah.chen.1099@shopmail.test,Brazil,2021-09-17,Standard,2129.00
1100,Grace Mensah,grace.mensah.1100@example.com,Australia,2023-03-06,Standard,7282.15
1101,Arjun Okafor,arjun.okafor.1101@example.com,Japan,2022-03-12,Standard,2295.77
1102,Rosa Singh,rosa.singh.1102@shopmail.test,Australia,2025-07-05,Standard,5004.45
1103,Imani Okafor,imani.okafor.1103@shopmail.test,United States,2023-06-14,Standard,7070.00
1104,Yara Kim,yara.kim.1104@shopmail.test,Canada,2024-04-25,Basic,1969.29
1105,Sofia Singh,sofia.singh.1105@shopmail.test,United States,2025-09-18,Basic,7628.88
1106,Omar Lopez,omar.lopez.1106@example.com,Australia,2024-10-02,Basic,2927.18
1107,Omar Anderson,omar.anderson.1107@retail.dev,India,2021-08-28,Standard,5479.26
1108,Fatima Muller,fatima.muller.1108@example.com,United Kingdom,2026-06-26,Basic,10102.15
1109,Sofia Garcia,sofia.garcia.1109@example.com,Japan,2024-04-23,Standard,7044.27
1110,Yara Khan,yara.khan.1110@retail.dev,Canada,2024-09-28,Standard,5136.79
1111,Liam Chen,liam.chen.1111@retail.dev,United Kingdom,2024-04-16,Standard,8813.85
1112,Anika Ali,anika.ali.1112@example.com,France,2023-11-11,Basic,3246.53
1113,Quinn Costa,quinn.costa.1113@example.com,United Kingdom,2020-01-27,Basic,9801.26
1114,Amelia Ivanov,amelia.ivanov.1114@shopmail.test,India,2025-11-20,Standard,3477.87
1115,Chen Singh,chen.singh.1115@example.com,Japan,2022-02-02,Basic,2396.30
1116,Zane Kim,zane.kim.1116@example.com,United States,2025-01-19,Standard,2570.57
1117,Rosa Nguyen,rosa.nguyen.1117@shopmail.test,Brazil,2022-02-24,Standard,10829.72
1118,Omar Novak,omar.novak.1118@shopmail.test,United Kingdom,2021-03-23,Basic,2014.36
1119,Imani Kim,imani.kim.1119@example.com,Brazil,2023-02-07,Premium,380.26
1120,Keiko Kim,keiko.kim.1120@example.com,Singapore,2020-02-08,Premium,9027.79
1121,Tara Patel,tara.patel.1121@shopmail.test,Singapore,2021-01-31,Standard,9506.64
1122,Liam Sato,liam.sato.1122@shopmail.test,Australia,2025-06-13,Standard,4060.93
1123,Hiro Brown,hiro.brown.1123@retail.dev,France,2023-07-15,Basic,11293.37
1124,Imani Novak,imani.novak.1124@example.com,United States,2020-08-22,Basic,10480.10
1125,Jia Lopez,jia.lopez.1125@retail.dev,Canada,2021-07-22,Premium,1496.66
1126,Zane Muller,zane.muller.1126@shopmail.test,Japan,2024-02-18,Standard,8242.06
1127,James Khan,james.khan.1127@shopmail.test,United States,2020-01-13,Basic,11491.63
1128,Omar Singh,omar.singh.1128@retail.dev,Brazil,2020-07-06,Basic,8836.36
1129,Elena Novak,elena.novak.1129@example.com,Australia,2025-06-07,Standard,7360.79
1130,James Okafor,james.okafor.1130@example.com,India,2021-02-15,Basic,3544.01
1131,Viktor Williams,viktor.williams.1131@example.com,India,2026-05-31,Basic,8607.07
1132,Keiko Garcia,keiko.garcia.1132@shopmail.test,India,2023-05-19,Basic,11955.75
1133,Wei Mensah,wei.mensah.1133@example.com,Germany,2021-04-18,Standard,6499.50
1134,Chen Garcia,chen.garcia.1134@example.com,Australia,2021-03-08,Standard,8596.29
1135,Wei Lopez,wei.lopez.1135@shopmail.test,United Kingdom,2023-02-22,Standard,3110.10
1136,Priya Silva,priya.silva.1136@retail.dev,Australia,2025-12-29,Standard,5916.21
1137,Viktor Muller,viktor.muller.1137@retail.dev,Australia,2026-06-17,Basic,7218.14
1138,Imani Lopez,imani.lopez.1138@example.com,Germany,2026-04-20,Basic,5257.62
1139,Fatima Kim,fatima.kim.1139@retail.dev,Singapore,2023-04-06,Premium,1092.44
1140,Yara Khan,yara.khan.1140@shopmail.test,France,2021-04-20,Standard,1550.82
1141,Maya Anderson,maya.anderson.1141@shopmail.test,France,2023-06-27,Premium,6438.85
1142,Hassan Singh,hassan.singh.1142@example.com,United Kingdom,2021-06-01,Standard,7229.37
1143,Imani Anderson,imani.anderson.1143@shopmail.test,Germany,2026-01-13,Basic,3808.22
1144,Keiko Mensah,keiko.mensah.1144@retail.dev,United States,2021-08-26,Standard,1771.80
1145,Noah Brown,noah.brown.1145@shopmail.test,Singapore,2023-06-19,Standard,8270.98
1146,Keiko Khan,keiko.khan.1146@example.com,Australia,2025-07-20,Standard,11598.79
1147,Arjun Khan,arjun.khan.1147@example.com,Brazil,2022-07-10,Basic,654.48
1148,Rosa Lopez,rosa.lopez.1148@example.com,United States,2023-05-10,Basic,7919.52
1149,Lucia Lopez,lucia.lopez.1149@shopmail.test,France,2023-10-14,Standard,5694.22
1150,Imani Garcia,imani.garcia.1150@example.com,Japan,2025-12-02,Basic,3406.31
1151,Imani Kim,imani.kim.1151@example.com,Canada,2021-06-20,Standard,9500.55
1152,Jia Nguyen,jia.nguyen.1152@shopmail.test,India,2026-06-22,Premium,8359.07
1153,Diego Khan,diego.khan.1153@retail.dev,Singapore,2022-03-12,Basic,134.36
1154,Anika Silva,anika.silva.1154@example.com,United States,2024-03-22,Basic,5139.65
1155,Anika Singh,anika.singh.1155@retail.dev,Australia,2025-04-24,Standard,653.35
1156,Maya Ivanov,maya.ivanov.1156@example.com,United Kingdom,2021-08-31,Standard,4862.83
1157,Elena Lopez,elena.lopez.1157@example.com,France,2025-06-24,Standard,7163.96
1158,Sofia Garcia,sofia.garcia.1158@shopmail.test,Brazil,2025-03-14,Basic,7812.47
1159,Hiro Anderson,hiro.anderson.1159@retail.dev,Japan,2021-05-06,Premium,1486.57
1160,Elena Anderson,elena.anderson.1160@shopmail.test,United Kingdom,2026-07-31,Standard,6882.25
1161,Tara Ali,tara.ali.1161@retail.dev,France,2022-01-11,Standard,11999.45
1162,Grace Ali,grace.ali.1162@retail.dev,India,2021-05-27,Premium,785.39
1163,Imani Anderson,imani.anderson.1163@retail.dev,Brazil,2024-05-31,Standard,6448.59
1164,Amelia Williams,amelia.williams.1164@retail.dev,United Kingdom,2026-07-23,Standard,9830.46
1165,Sofia Khan,sofia.khan.1165@example.com,United States,2021-04-25,Standard,7199.25
1166,Lucia Mensah,lucia.mensah.1166@example.com,India,2023-07-11,Premium,1567.57
1167,Amelia Chen,amelia.chen.1167@example.com,Japan,2022-11-17,Basic,444.19
1168,Grace Singh,grace.singh.1168@retail.dev,United States,2026-02-07,Standard,11725.81
1169,Elena Costa,elena.costa.1169@shopmail.test,Japan,2020-07-08,Basic,6245.33
1170,Jia Silva,jia.silva.1170@shopmail.test,Singapore,2026-06-21,Standard,3772.41
1171,Lucia Williams,lucia.williams.1171@example.com,Germany,2022-05-09,Standard,7959.84
1172,Aisha Khan,aisha.khan.1172@example.com,Singapore,2021-08-03,Standard,9995.72
1173,Lucia Khan,lucia.khan.1173@retail.dev,France,2026-08-20,Standard,1563.69
1174,Amelia Chen,amelia.chen.1174@example.com,France,2022-11-10,Standard,7805.98
1175,Jia Garcia,jia.garcia.1175@example.com,Japan,2022-11-07,Standard,11283.89
1176,Diego Garcia,diego.garcia.1176@example.com,Australia,2023-01-08,Basic,8369.22
1177,Maya Williams,maya.williams.1177@shopmail.test,France,2021-11-02,Standard,1863.06
1178,Aarav Novak,aarav.novak.1178@example.com,Japan,2022-10-10,Premium,1517.34
1179,James Garcia,james.garcia.1179@shopmail.test,Canada,2023-09-11,Standard,4369.76
1180,Arjun Muller,arjun.muller.1180@example.com,France,2023-01-25,Premium,4541.44
1181,Zane Kim,zane.kim.1181@shopmail.test,Singapore,2021-05-20,Standard,8746.72
1182,Uma Okafor,uma.okafor.1182@shopmail.test,Japan,2021-01-26,Standard,8412.96
1183,Fatima Novak,fatima.novak.1183@shopmail.test,India,2021-02-09,Basic,2069.70
1184,Hiro Chen,hiro.chen.1184@shopmail.test,Singapore,2026-03-09,Standard,10199.32
1185,Arjun Sato,arjun.sato.1185@retail.dev,India,2020-02-08,Standard,8565.84
1186,Arjun Lopez,arjun.lopez.1186@retail.dev,Australia,2026-05-13,Basic,658.05
1187,Quinn Muller,quinn.muller.1187@shopmail.test,Brazil,2024-09-09,Basic,2217.68
1188,Liam Costa,liam.costa.1188@retail.dev,Germany,2023-02-03,Basic,6259.12
1189,Grace Garcia,grace.garcia.1189@example.com,United Kingdom,2023-06-05,Standard,3770.02
1190,Amelia Muller,amelia.muller.1190@retail.dev,Canada,2021-01-18,Standard,712.50
1191,Lucia Okafor,lucia.okafor.1191@retail.dev,India,2020-02-13,Basic,5102.20
1192,Keiko Okafor,keiko.okafor.1192@retail.dev,United Kingdom,2025-10-10,Standard,8129.37
1193,Imani Anderson,imani.anderson.1193@retail.dev,France,2022-02-17,Basic,8957.36
1194,Quinn Chen,quinn.chen.1194@retail.dev,Singapore,2023-11-14,Standard,8874.32
1195,Aisha Novak,aisha.novak.1195@retail.dev,Germany,2025-01-11,Basic,8102.40
1196,Chen Garcia,chen.garcia.1196@example.com,France,2024-02-12,Basic,6176.37
1197,Keiko Lopez,keiko.lopez.1197@retail.dev,Germany,2021-11-29,Standard,1380.97
1198,Uma Chen,uma.chen.1198@shopmail.test,Germany,2021-04-27,Standard,5810.42
1199,Aarav Ali,aarav.ali.1199@retail.dev,Japan,2024-05-31,Standard,3675.22
1200,Uma Patel,uma.patel.1200@example.com,Australia,2025-03-11,Basic,10184.01
1201,Aarav Novak,aarav.novak.1201@example.com,Australia,2025-02-28,Standard,4262.87
1202,Wei Nguyen,wei.nguyen.1202@shopmail.test,Germany,2024-07-04,Standard,1238.52
1203,Amelia Williams,amelia.williams.1203@shopmail.test,United States,2025-10-07,Basic,4943.36
1204,Arjun Sato,arjun.sato.1204@shopmail.test,France,2022-07-15,Standard,4507.36
1205,Wei Nguyen,wei.nguyen.1205@shopmail.test,Brazil,2026-01-06,Basic,1326.62
1206,Chen Silva,chen.silva.1206@retail.dev,Germany,2023-12-19,Basic,94.58
1207,Anika Khan,anika.khan.1207@retail.dev,Australia,2023-03-12,Premium,4749.69
1208,Wei Patel,wei.patel.1208@retail.dev,Canada,2021-10-18,Standard,11381.80
1209,Anika Ivanov,anika.ivanov.1209@retail.dev,India,2025-06-26,Standard,9602.85
1210,Hassan Lopez,hassan.lopez.1210@shopmail.test,India,2025-08-17,Basic,8909.17
1211,Anika Kim,anika.kim.1211@example.com,Germany,2020-03-27,Premium,4145.84
1212,Aisha Brown,aisha.brown.1212@shopmail.test,Brazil,2024-10-25,Basic,8855.74
1213,Grace Costa,grace.costa.1213@retail.dev,India,2025-06-13,Premium,5161.70
1214,Rosa Williams,rosa.williams.1214@shopmail.test,Germany,2022-02-04,Standard,9206.56
1215,Priya Ivanov,priya.ivanov.1215@example.com,Japan,2022-03-23,Standard,9398.04
1216,Noah Nguyen,noah.nguyen.1216@retail.dev,India,2022-02-11,Basic,7104.57
1217,Elena Kim,elena.kim.1217@example.com,India,2021-06-25,Standard,3304.49
1218,James Anderson,james.anderson.1218@shopmail.test,Japan,2022-03-28,Premium,635.19
1219,Grace Muller,grace.muller.1219@retail.dev,France,2022-06-27,Standard,5763.36
1220,Omar Patel,omar.patel.1220@shopmail.test,France,2023-05-31,Premium,4378.82
1221,Elena Brown,elena.brown.1221@retail.dev,Australia,2020-07-13,Standard,31.42
1222,Diego Costa,diego.costa.1222@shopmail.test,India,2025-04-17,Standard,7288.10
1223,Fatima Okafor,fatima.okafor.1223@retail.dev,United States,2024-01-29,Standard,1360.56
1224,Priya Chen,priya.chen.1224@shopmail.test,Singapore,2021-06-17,Standard,8901.97
1225,Liam Novak,liam.novak.1225@retail.dev,France,2024-03-02,Standard,3329.46
1226,Amelia Kim,amelia.kim.1226@example.com,Singapore,2021-06-18,Standard,7231.98
1227,Zane Khan,zane.khan.1227@example.com,Japan,2022-03-01,Basic,11107.87
1228,Noah Brown,noah.brown.1228@example.com,Japan,2023-05-19,Basic,11875.99
1229,Rosa Silva,rosa.silva.1229@retail.dev,Canada,2020-06-28,Premium,5033.10
1230,Wei Chen,wei.chen.1230@retail.dev,United Kingdom,2023-11-23,Basic,5395.57
1231,Yara Ivanov,yara.ivanov.1231@retail.dev,United States,2020-10-04,Standard,6297.06
1232,Chen Novak,chen.novak.1232@example.com,Singapore,2023-01-27,Standard,1568.99
1233,Aisha Khan,aisha.khan.1233@retail.dev,United Kingdom,2024-06-16,Standard,6401.33
1234,Chen Mensah,chen.mensah.1234@shopmail.test,Singapore,2025-09-17,Standard,9357.98
1235,Fatima Khan,fatima.khan.1235@retail.dev,United States,2022-01-23,Premium,6873.48
1236,Wei Williams,wei.williams.1236@shopmail.test,Canada,2025-02-08,Standard,8653.94
1237,Viktor Muller,viktor.muller.1237@example.com,Germany,2023-04-28,Basic,6637.01
1238,Aisha Chen,aisha.chen.1238@shopmail.test,India,2022-09-02,Standard,7684.39
1239,Fatima Patel,fatima.patel.1239@example.com,United States,2022-10-16,Basic,2539.42
1240,Omar Singh,omar.singh.1240@retail.dev,Canada,2024-02-20,Standard,11358.47
1241,Rosa Silva,rosa.silva.1241@example.com,United States,2024-07-30,Basic,3556.37
1242,Uma Singh,uma.singh.1242@shopmail.test,United States,2022-06-17,Basic,3374.29
1243,Lucia Ali,lucia.ali.1243@retail.dev,Canada,2021-03-11,Basic,8265.18
1244,Viktor Novak,viktor.novak.1244@shopmail.test,Canada,2026-03-06,Standard,5320.16
1245,Diego Ali,diego.ali.1245@retail.dev,France,2024-06-07,Standard,2799.88
1246,Hiro Silva,hiro.silva.1246@example.com,India,2025-05-16,Premium,2198.62
1247,Diego Ali,diego.ali.1247@shopmail.test,United States,2025-07-02,Basic,2185.37
1248,Grace Nguyen,grace.nguyen.1248@example.com,United Kingdom,2021-12-28,Basic,8256.22
1249,Arjun Garcia,arjun.garcia.1249@shopmail.test,United Kingdom,2024-10-12,Standard,10911.84
1250,Rosa Williams,rosa.williams.1250@retail.dev,United Kingdom,2021-07-16,Basic,9700.71
1251,Imani Lopez,imani.lopez.1251@retail.dev,United States,2020-03-25,Premium,187.29
1252,Arjun Muller,arjun.muller.1252@retail.dev,United States,2020-12-08,Standard,11264.72
1253,Tara Anderson,tara.anderson.1253@retail.dev,United Kingdom,2021-03-11,Standard,9823.61
1254,Diego Silva,diego.silva.1254@example.com,Canada,2025-05-21,Basic,10711.37
1255,Hassan Okafor,hassan.okafor.1255@shopmail.test,Japan,2021-09-24,Standard,6533.73
1256,Anika Anderson,anika.anderson.1256@retail.dev,France,2020-07-01,Premium,3578.44
1257,Arjun Anderson,arjun.anderson.1257@example.com,Australia,2022-07-07,Premium,5139.95
1258,Omar Costa,omar.costa.1258@retail.dev,United Kingdom,2022-07-14,Basic,8220.90
1259,Keiko Nguyen,keiko.nguyen.1259@shopmail.test,Australia,2021-03-27,Standard,11478.69
1260,Amelia Novak,amelia.novak.1260@example.com,United States,2023-09-28,Premium,11081.75
1261,Noah Silva,noah.silva.1261@example.com,France,2021-12-30,Standard,4034.76
1262,Arjun Costa,arjun.costa.1262@shopmail.test,Australia,2023-03-21,Standard,1269.47
1263,Yara Sato,yara.sato.1263@example.com,India,2020-11-08,Basic,10344.02
1264,Hassan Silva,hassan.silva.1264@shopmail.test,United Kingdom,2024-05-18,Standard,9567.29
1265,Anika Ali,anika.ali.1265@example.com,Australia,2024-10-16,Basic,3359.75
1266,Arjun Nguyen,arjun.nguyen.1266@shopmail.test,France,2024-04-26,Standard,5943.12
1267,Noah Brown,noah.brown.1267@example.com,France,2021-07-20,Basic,7856.10
1268,James Chen,james.chen.1268@retail.dev,Germany,2025-07-29,Standard,5923.90
1269,Imani Garcia,imani.garcia.1269@retail.dev,Germany,2026-07-07,Basic,6335.18
1270,Quinn Garcia,quinn.garcia.1270@example.com,Australia,2022-08-21,Standard,2459.27
1271,Lucia Okafor,lucia.okafor.1271@shopmail.test,Australia,2021-07-01,Basic,738.44
1272,Viktor Silva,viktor.silva.1272@retail.dev,France,2023-04-22,Standard,10027.15
1273,Elena Khan,elena.khan.1273@retail.dev,India,2022-07-08,Premium,1675.17
1274,Imani Anderson,imani.anderson.1274@retail.dev,Singapore,2024-10-05,Standard,8424.29
1275,Amelia Okafor,amelia.okafor.1275@shopmail.test,India,2026-08-29,Basic,386.47
1276,Amelia Muller,amelia.muller.1276@shopmail.test,India,2020-11-11,Premium,9977.04
1277,Sofia Nguyen,sofia.nguyen.1277@retail.dev,Canada,2025-04-08,Basic,8983.58
1278,Keiko Ivanov,keiko.ivanov.1278@example.com,Canada,2023-10-13,Standard,7747.04
1279,Anika Silva,anika.silva.1279@example.com,Japan,2020-09-02,Basic,409.63
1280,Chen Anderson,chen.anderson.1280@shopmail.test,Japan,2024-06-11,Basic,8166.84
1281,Quinn Sato,quinn.sato.1281@shopmail.test,India,2026-06-01,Standard,8519.50
1282,Fatima Garcia,fatima.garcia.1282@retail.dev,Germany,2025-11-06,Standard,11414.10
1283,Imani Novak,imani.novak.1283@retail.dev,Japan,2020-08-17,Standard,2224.73
1284,Noah Garcia,noah.garcia.1284@shopmail.test,France,2025-04-02,Standard,7841.08
1285,Chen Patel,chen.patel.1285@example.com,United Kingdom,2024-03-01,Standard,2356.90
1286,Amelia Singh,amelia.singh.1286@retail.dev,United Kingdom,2023-10-06,Premium,3404.43
1287,Amelia Khan,amelia.khan.1287@example.com,Japan,2026-09-11,Premium,10918.50
1288,Diego Patel,diego.patel.1288@retail.dev,United States,2022-09-11,Standard,11720.54
1289,Maya Okafor,maya.okafor.1289@shopmail.test,United States,2020-07-06,Premium,1141.20
1290,Hiro Costa,hiro.costa.1290@shopmail.test,Australia,2024-06-18,Standard,3790.81
1291,Arjun Kim,arjun.kim.1291@example.com,Japan,2023-09-19,Standard,8903.88
1292,Tara Silva,tara.silva.1292@retail.dev,United States,2020-04-07,Standard,4600.79
1293,Grace Nguyen,grace.nguyen.1293@retail.dev,United Kingdom,2021-09-12,Standard,968.07
1294,Zane Muller,zane.muller.1294@retail.dev,India,2022-06-02,Basic,7859.29
1295,Zane Williams,zane.williams.1295@retail.dev,Australia,2025-10-15,Basic,7314.65
1296,Jia Silva,jia.silva.1296@shopmail.test,United States,2023-10-20,Standard,7491.06
1297,Wei Lopez,wei.lopez.1297@example.com,India,2022-09-06,Standard,7334.39
1298,Maya Okafor,maya.okafor.1298@shopmail.test,Japan,2021-02-02,Basic,1732.90
1299,Viktor Garcia,viktor.garcia.1299@shopmail.test,India,2025-08-05,Premium,3781.78
1300,Amelia Sato,amelia.sato.1300@example.com,Brazil,2026-06-19,Standard,1093.52
1301,Fatima Okafor,fatima.okafor.1301@example.com,United Kingdom,2022-11-14,Basic,5318.49
1302,Maya Okafor,maya.okafor.1302@shopmail.test,Singapore,2020-06-11,Standard,3457.34
1303,Yara Silva,yara.silva.1303@shopmail.test,Australia,2024-12-10,Standard,10141.91
1304,Amelia Ivanov,amelia.ivanov.1304@retail.dev,United States,2025-09-03,Standard,10531.97
1305,Noah Patel,noah.patel.1305@example.com,United Kingdom,2022-09-29,Standard,6740.58
1306,Grace Lopez,grace.lopez.1306@example.com,France,2021-10-10,Standard,10249.60
1307,Viktor Mensah,viktor.mensah.1307@retail.dev,Brazil,2021-01-17,Standard,5635.15
1308,Anika Garcia,anika.garcia.1308@shopmail.test,France,2022-01-08,Basic,11011.59
1309,Diego Lopez,diego.lopez.1309@retail.dev,Brazil,2023-09-08,Premium,4125.52
1310,Diego Okafor,diego.okafor.1310@example.com,Brazil,2021-04-13,Standard,483.43
1311,Arjun Khan,arjun.khan.1311@shopmail.test,United States,2023-08-04,Standard,11854.03
1312,Yara Singh,yara.singh.1312@example.com,United States,2024-10-27,Basic,2580.71
1313,Zane Ivanov,zane.ivanov.1313@example.com,United Kingdom,2023-01-10,Standard,2133.86
1314,Fatima Lopez,fatima.lopez.1314@shopmail.test,Japan,2020-11-30,Standard,8553.68
1315,Diego Sato,diego.sato.1315@shopmail.test,Australia,2022-01-23,Basic,1131.98
1316,Zane Costa,zane.costa.1316@shopmail.test,Brazil,2021-11-04,Standard,11304.75
1317,Lucia Nguyen,lucia.nguyen.1317@shopmail.test,United States,2024-11-24,Standard,8322.49
1318,Lucia Novak,lucia.novak.1318@retail.dev,India,2022-03-24,Premium,8023.85
1319,Hassan Brown,hassan.brown.1319@example.com,Brazil,2020-02-28,Standard,5517.44
1320,Viktor Brown,viktor.brown.1320@shopmail.test,Japan,2021-04-10,Basic,8095.50
1321,Rosa Anderson,rosa.anderson.1321@retail.dev,Brazil,2025-01-19,Basic,10290.77
1322,Omar Ali,omar.ali.1322@example.com,France,2021-02-03,Premium,8954.85
1323,Quinn Chen,quinn.chen.1323@example.com,Germany,2021-11-11,Standard,2613.24
1324,Priya Ali,priya.ali.1324@shopmail.test,Canada,2020-02-28,Standard,4381.44
1325,Liam Kim,liam.kim.1325@shopmail.test,Australia,2025-08-06,Standard,5485.57
1326,Hiro Chen,hiro.chen.1326@example.com,India,2024-10-10,Standard,9186.85
1327,Jia Ivanov,jia.ivanov.1327@retail.dev,France,2024-03-08,Standard,7148.83
1328,Imani Costa,imani.costa.1328@example.com,United Kingdom,2024-11-26,Standard,8432.56
1329,Tara Kim,tara.kim.1329@shopmail.test,United Kingdom,2021-01-02,Standard,7404.72
1330,Keiko Novak,keiko.novak.1330@retail.dev,United States,2026-02-09,Premium,5343.14
1331,Priya Costa,priya.costa.1331@retail.dev,France,2024-09-18,Standard,9328.14
1332,Anika Khan,anika.khan.1332@shopmail.test,France,2025-04-07,Basic,4223.60
1333,Yara Lopez,yara.lopez.1333@retail.dev,Canada,2020-02-01,Basic,9391.80
1334,Fatima Sato,fatima.sato.1334@shopmail.test,Germany,2023-06-13,Basic,9546.78
1335,Aarav Ivanov,aarav.ivanov.1335@shopmail.test,Japan,2020-05-13,Premium,1861.67
1336,Uma Novak,uma.novak.1336@shopmail.test,Germany,2023-07-24,Standard,11510.95
1337,Lucia Lopez,lucia.lopez.1337@example.com,Singapore,2022-02-28,Standard,4734.98
1338,James Silva,james.silva.1338@shopmail.test,Japan,2024-05-18,Basic,2105.26
1339,Chen Ivanov,chen.ivanov.1339@retail.dev,United Kingdom,2022-08-04,Premium,9619.03
1340,Omar Ali,omar.ali.1340@shopmail.test,Japan,2024-05-24,Basic,7537.14
1341,Chen Brown,chen.brown.1341@example.com,Singapore,2022-04-14,Premium,332.04
1342,Arjun Anderson,arjun.anderson.1342@shopmail.test,United States,2026-02-04,Basic,968.30
1343,Rosa Silva,rosa.silva.1343@example.com,Germany,2025-02-01,Standard,9336.64
1344,Omar Muller,omar.muller.1344@retail.dev,France,2023-05-01,Standard,10089.47
1345,Sofia Sato,sofia.sato.1345@retail.dev,United States,2020-07-30,Standard,11221.34
1346,Omar Ali,omar.ali.1346@example.com,United Kingdom,2021-02-27,Premium,11128.21
1347,Arjun Costa,arjun.costa.1347@shopmail.test,Australia,2022-12-09,Basic,1136.01
1348,Yara Khan,yara.khan.1348@shopmail.test,United Kingdom,2024-05-19,Premium,9550.41
1349,Keiko Garcia,keiko.garcia.1349@shopmail.test,Brazil,2022-05-11,Standard,4518.67
1350,Tara Nguyen,tara.nguyen.1350@retail.dev,Singapore,2022-01-06,Standard,10846.07
1351,Omar Novak,omar.novak.1351@shopmail.test,Brazil,2020-05-08,Premium,4130.16
1352,Noah Novak,noah.novak.1352@shopmail.test,United Kingdom,2026-02-16,Premium,6272.94
1353,Diego Novak,diego.novak.1353@example.com,Germany,2020-05-01,Standard,6227.99
1354,Viktor Singh,viktor.singh.1354@example.com,Germany,2021-04-15,Basic,378.23
1355,Amelia Silva,amelia.silva.1355@example.com,Australia,2023-01-01,Standard,2410.87
1356,Quinn Chen,quinn.chen.1356@shopmail.test,Japan,2023-04-20,Standard,9712.92
1357,Zane Lopez,zane.lopez.1357@retail.dev,Canada,2022-03-01,Standard,2394.57
1358,Zane Lopez,zane.lopez.1358@shopmail.test,India,2021-02-25,Standard,9203.23
1359,Tara Khan,tara.khan.1359@retail.dev,Canada,2025-06-21,Standard,5367.74
1360,Uma Brown,uma.brown.1360@retail.dev,Australia,2021-03-16,Standard,5166.02
1361,Hiro Garcia,hiro.garcia.1361@retail.dev,Canada,2025-01-14,Standard,429.28
1362,Maya Ivanov,maya.ivanov.1362@retail.dev,Australia,2023-04-17,Standard,10530.09
1363,Imani Anderson,imani.anderson.1363@example.com,Australia,2021-04-14,Standard,3889.11
1364,Elena Garcia,elena.garcia.1364@shopmail.test,United Kingdom,2022-05-31,Standard,4479.27
1365,Aarav Brown,aarav.brown.1365@retail.dev,Australia,2020-02-14,Basic,2584.92
1366,Wei Muller,wei.muller.1366@example.com,Japan,2026-04-19,Premium,3421.28
1367,Diego Kim,diego.kim.1367@retail.dev,United Kingdom,2026-04-16,Standard,7304.65
1368,Maya Ivanov,maya.ivanov.1368@example.com,United States,2024-11-17,Standard,3858.45
1369,Tara Okafor,tara.okafor.1369@example.com,United Kingdom,2025-08-04,Premium,3311.13
1370,Jia Nguyen,jia.nguyen.1370@example.com,Canada,2023-08-31,Standard,2856.15
1371,Aarav Ali,aarav.ali.1371@shopmail.test,United States,2020-01-20,Basic,3430.28
1372,Wei Chen,wei.chen.1372@example.com,Brazil,2025-11-30,Premium,7746.19
1373,Anika Ivanov,anika.ivanov.1373@shopmail.test,United Kingdom,2023-05-17,Standard,9050.47
1374,Lucia Brown,lucia.brown.1374@retail.dev,Brazil,2025-07-15,Standard,4735.10
1375,Keiko Kim,keiko.kim.1375@example.com,United States,2024-03-11,Basic,1255.35
1376,Uma Anderson,uma.anderson.1376@retail.dev,France,2021-07-22,Premium,3891.24
1377,Elena Nguyen,elena.nguyen.1377@shopmail.test,Japan,2020-12-26,Standard,10829.76
1378,Aarav Patel,aarav.patel.1378@example.com,Canada,2022-11-29,Basic,540.84
1379,Amelia Sato,amelia.sato.1379@shopmail.test,Canada,2023-09-10,Standard,9504.74
1380,Quinn Nguyen,quinn.nguyen.1380@shopmail.test,India,2021-07-18,Standard,1460.82
1381,Sofia Ali,sofia.ali.1381@retail.dev,Japan,2024-08-19,Standard,8027.12
1382,Elena Ali,elena.ali.1382@shopmail.test,Brazil,2025-05-11,Standard,11716.78
1383,Elena Garcia,elena.garcia.1383@shopmail.test,Japan,2022-12-16,Basic,8543.79
1384,Uma Muller,uma.muller.1384@shopmail.test,United States,2022-04-23,Standard,924.85
1385,Diego Anderson,diego.anderson.1385@shopmail.test,United Kingdom,2022-06-04,Standard,4636.10
1386,Hassan Khan,hassan.khan.1386@shopmail.test,Canada,2026-08-15,Basic,6179.28
1387,Quinn Mensah,quinn.mensah.1387@example.com,Germany,2021-09-22,Basic,1290.28
1388,Yara Singh,yara.singh.1388@retail.dev,Germany,2024-04-28,Basic,10417.61
1389,Sofia Lopez,sofia.lopez.1389@retail.dev,Canada,2022-02-08,Premium,5091.55
1390,Zane Ali,zane.ali.1390@retail.dev,United Kingdom,2021-02-22,Premium,10517.45
1391,Elena Anderson,elena.anderson.1391@retail.dev,Japan,2025-03-02,Standard,367.32
1392,Jia Singh,jia.singh.1392@shopmail.test,France,2022-12-23,Premium,6614.89
1393,Diego Silva,diego.silva.1393@example.com,Brazil,2024-06-13,Standard,6107.42
1394,Fatima Singh,fatima.singh.1394@shopmail.test,Germany,2021-02-04,Premium,4605.71
1395,Grace Khan,grace.khan.1395@retail.dev,Brazil,2024-07-07,Standard,3329.21
1396,Liam Ivanov,liam.ivanov.1396@example.com,Germany,2021-03-23,Standard,7764.98
1397,Anika Patel,anika.patel.1397@retail.dev,United Kingdom,2020-05-26,Standard,2884.24
1398,Fatima Muller,fatima.muller.1398@retail.dev,Canada,2024-07-15,Standard,1238.12
1399,Keiko Khan,keiko.khan.1399@shopmail.test,Singapore,2021-12-01,Basic,4187.91
1400,Grace Anderson,grace.anderson.1400@retail.dev,Brazil,2021-01-21,Standard,10895.69
1401,Rosa Costa,rosa.costa.1401@example.com,India,2022-09-04,Standard,8185.27
1402,Hassan Mensah,hassan.mensah.1402@shopmail.test,Australia,2021-08-03,Basic,8000.73
1403,Aarav Nguyen,aarav.nguyen.1403@example.com,Singapore,2022-12-16,Basic,2069.43
1404,Hiro Okafor,hiro.okafor.1404@shopmail.test,United Kingdom,2026-07-16,Premium,10481.79
1405,Aisha Anderson,aisha.anderson.1405@example.com,Japan,2026-05-12,Standard,3505.64
1406,Liam Nguyen,liam.nguyen.1406@retail.dev,Australia,2021-08-23,Basic,1222.41
1407,Jia Okafor,jia.okafor.1407@shopmail.test,Canada,2023-12-07,Basic,3106.64
1408,Hiro Mensah,hiro.mensah.1408@shopmail.test,Japan,2020-02-25,Basic,3631.08
1409,Sofia Novak,sofia.novak.1409@retail.dev,United States,2025-06-06,Premium,8237.27
1410,Arjun Ivanov,arjun.ivanov.1410@shopmail.test,United States,2022-06-21,Standard,1721.06
1411,Elena Ali,elena.ali.1411@example.com,France,2024-10-30,Standard,8938.77
1412,Omar Kim,omar.kim.1412@shopmail.test,Japan,2023-01-26,Basic,8153.65
1413,Chen Sato,chen.sato.1413@shopmail.test,Canada,2023-11-29,Basic,4707.54
1414,Grace Khan,grace.khan.1414@retail.dev,United Kingdom,2020-06-17,Standard,8429.48
1415,James Mensah,james.mensah.1415@shopmail.test,United Kingdom,2026-05-10,Basic,9513.28
1416,Aarav Okafor,aarav.okafor.1416@shopmail.test,Singapore,2021-08-25,Standard,1823.98
1417,Lucia Nguyen,lucia.nguyen.1417@shopmail.test,United States,2023-05-28,Standard,798.78
1418,Jia Patel,jia.patel.1418@example.com,Brazil,2022-06-09,Standard,7127.03
1419,Grace Anderson,grace.anderson.1419@example.com,Canada,2024-10-28,Standard,10013.47
1420,Arjun Singh,arjun.singh.1420@retail.dev,India,2023-03-06,Basic,6036.37
1421,Zane Garcia,zane.garcia.1421@shopmail.test,Singapore,2023-01-13,Premium,8803.31
1422,Yara Garcia,yara.garcia.1422@shopmail.test,Germany,2023-04-06,Standard,5691.30
1423,Tara Lopez,tara.lopez.1423@shopmail.test,Canada,2024-09-26,Standard,10852.35
1424,Noah Costa,noah.costa.1424@shopmail.test,Singapore,2021-12-10,Standard,8155.11
1425,Arjun Khan,arjun.khan.1425@shopmail.test,Canada,2022-10-21,Premium,6662.55
1426,Amelia Costa,amelia.costa.1426@example.com,France,2026-05-10,Basic,5547.32
1427,Tara Ivanov,tara.ivanov.1427@shopmail.test,Japan,2021-01-28,Premium,5316.77
1428,Yara Singh,yara.singh.1428@shopmail.test,Brazil,2025-04-02,Standard,5611.97
1429,Aarav Chen,aarav.chen.1429@example.com,Singapore,2020-04-18,Basic,5065.50
1430,Yara Costa,yara.costa.1430@retail.dev,Japan,2022-09-20,Standard,4493.01
1431,Wei Ali,wei.ali.1431@example.com,France,2023-04-16,Premium,10145.16
1432,Priya Anderson,priya.anderson.1432@shopmail.test,United States,2025-03-10,Basic,10502.06
1433,Amelia Patel,amelia.patel.1433@shopmail.test,Singapore,2023-01-11,Basic,7807.31
1434,Anika Costa,anika.costa.1434@example.com,United Kingdom,2026-05-05,Standard,3992.41
1435,Rosa Ali,rosa.ali.1435@example.com,Japan,2025-09-23,Basic,659.92
1436,Arjun Chen,arjun.chen.1436@retail.dev,India,2025-07-21,Premium,10743.25
1437,Grace Costa,grace.costa.1437@example.com,United Kingdom,2020-01-27,Basic,7493.38
1438,Amelia Anderson,amelia.anderson.1438@example.com,Germany,2021-09-18,Standard,1474.39
1439,Diego Kim,diego.kim.1439@shopmail.test,United States,2025-04-24,Premium,6082.01
1440,Yara Kim,yara.kim.1440@example.com,Japan,2023-05-13,Standard,11792.79
1441,Fatima Novak,fatima.novak.1441@shopmail.test,India,2024-12-03,Basic,7415.47
1442,Omar Anderson,omar.anderson.1442@example.com,India,2022-01-26,Premium,8941.57
1443,Liam Chen,liam.chen.1443@retail.dev,United Kingdom,2022-03-31,Standard,3498.18
1444,Zane Ali,zane.ali.1444@shopmail.test,United Kingdom,2025-07-12,Standard,3320.30
1445,Jia Ivanov,jia.ivanov.1445@example.com,Singapore,2024-10-06,Premium,3418.98
1446,Imani Anderson,imani.anderson.1446@retail.dev,Singapore,2026-07-05,Standard,7750.18
1447,Jia Patel,jia.patel.1447@retail.dev,Brazil,2023-12-23,Basic,5628.19
1448,Fatima Anderson,fatima.anderson.1448@retail.dev,Germany,2021-10-10,Standard,10273.68
1449,Hiro Williams,hiro.williams.1449@example.com,Australia,2024-05-18,Standard,2114.60
1450,Omar Ali,omar.ali.1450@example.com,Canada,2023-10-21,Standard,10307.50
1451,Tara Costa,tara.costa.1451@shopmail.test,France,2024-06-01,Premium,10075.92
1452,Zane Okafor,zane.okafor.1452@retail.dev,Japan,2022-01-08,Standard,11130.76
1453,Fatima Silva,fatima.silva.1453@retail.dev,Singapore,2023-08-20,Standard,6979.18
1454,Uma Lopez,uma.lopez.1454@example.com,Germany,2020-10-03,Premium,10228.07
1455,Anika Kim,anika.kim.1455@example.com,Germany,2025-08-07,Basic,5730.05
1456,Anika Nguyen,anika.nguyen.1456@example.com,United States,2024-04-22,Basic,5055.17
1457,Noah Sato,noah.sato.1457@shopmail.test,Australia,2021-04-13,Premium,9005.47
1458,Noah Anderson,noah.anderson.1458@shopmail.test,India,2021-12-13,Standard,8392.24
1459,Omar Ali,omar.ali.1459@shopmail.test,Canada,2026-03-29,Standard,3048.63
1460,Elena Khan,elena.khan.1460@example.com,United Kingdom,2021-10-25,Standard,6354.14
1461,Maya Anderson,maya.anderson.1461@example.com,Australia,2021-01-29,Standard,9724.86
1462,Sofia Ivanov,sofia.ivanov.1462@example.com,Japan,2026-05-16,Standard,886.78
1463,Keiko Khan,keiko.khan.1463@shopmail.test,Australia,2022-04-29,Standard,5697.95
1464,Noah Chen,noah.chen.1464@retail.dev,France,2021-07-18,Basic,5280.56
1465,Viktor Garcia,viktor.garcia.1465@shopmail.test,United Kingdom,2026-05-20,Premium,9394.09
1466,Anika Okafor,anika.okafor.1466@example.com,Germany,2022-08-02,Premium,6497.94
1467,Uma Costa,uma.costa.1467@example.com,Canada,2022-10-26,Standard,4310.91
1468,Amelia Chen,amelia.chen.1468@retail.dev,Japan,2026-06-14,Standard,6225.17
1469,Grace Lopez,grace.lopez.1469@retail.dev,Brazil,2020-08-20,Standard,10704.41
1470,Yara Sato,yara.sato.1470@example.com,Australia,2020-05-02,Premium,5071.33
1471,Wei Patel,wei.patel.1471@shopmail.test,United States,2021-07-24,Standard,9805.73
1472,Elena Okafor,elena.okafor.1472@retail.dev,United States,2020-10-25,Basic,6777.18
1473,Hiro Garcia,hiro.garcia.1473@example.com,Japan,2024-08-31,Standard,7358.88
1474,Keiko Silva,keiko.silva.1474@shopmail.test,Japan,2023-01-13,Basic,1271.13
1475,Elena Singh,elena.singh.1475@example.com,United States,2024-11-02,Standard,9383.96
1476,Yara Patel,yara.patel.1476@retail.dev,Singapore,2020-04-17,Basic,9741.07
1477,Viktor Lopez,viktor.lopez.1477@shopmail.test,India,2020-03-15,Standard,649.38
1478,James Ivanov,james.ivanov.1478@retail.dev,Australia,2026-02-28,Premium,5269.49
1479,Hiro Khan,hiro.khan.1479@example.com,United Kingdom,2023-11-06,Standard,718.62
1480,Maya Anderson,maya.anderson.1480@retail.dev,Singapore,2022-07-19,Standard,9037.01
1481,Aisha Anderson,aisha.anderson.1481@example.com,Brazil,2022-10-20,Basic,942.42
1482,Chen Costa,chen.costa.1482@example.com,Canada,2020-06-28,Standard,7238.93
1483,Arjun Novak,arjun.novak.1483@example.com,United Kingdom,2024-06-17,Standard,1490.46
1484,Fatima Chen,fatima.chen.1484@shopmail.test,Germany,2022-04-23,Standard,8829.24
1485,Jia Costa,jia.costa.1485@retail.dev,Germany,2024-02-11,Basic,3529.88
1486,Liam Sato,liam.sato.1486@example.com,Australia,2023-07-30,Standard,6053.76
1487,Wei Ivanov,wei.ivanov.1487@example.com,Japan,2025-06-14,Standard,2462.57
1488,Elena Costa,elena.costa.1488@example.com,United States,2026-03-14,Standard,4484.37
1489,Elena Mensah,elena.mensah.1489@example.com,Canada,2025-02-01,Basic,279.94
1490,Fatima Ali,fatima.ali.1490@example.com,Canada,2024-04-22,Standard,11582.03
1491,Viktor Novak,viktor.novak.1491@shopmail.test,Brazil,2024-04-21,Standard,10356.70
1492,Aisha Muller,aisha.muller.1492@retail.dev,United States,2022-04-22,Standard,7927.61
1493,Priya Costa,priya.costa.1493@example.com,Singapore,2020-05-08,Standard,4189.96
1494,Sofia Brown,sofia.brown.1494@example.com,Australia,2022-12-11,Basic,7101.73
1495,Rosa Novak,rosa.novak.1495@retail.dev,United States,2024-11-12,Basic,9396.79
1496,Tara Kim,tara.kim.1496@retail.dev,Canada,2026-03-16,Standard,8662.53
1497,Viktor Chen,viktor.chen.1497@retail.dev,Canada,2025-03-13,Standard,8637.66
1498,Chen Lopez,chen.lopez.1498@example.com,United States,2025-03-29,Basic,11097.82
1499,Fatima Sato,fatima.sato.1499@shopmail.test,Australia,2020-12-16,Basic,9261.79
1500,Maya Lopez,maya.lopez.1500@retail.dev,Canada,2020-06-07,Standard,4356.30
1501,Tara Novak,tara.novak.1501@shopmail.test,Canada,2020-02-20,Premium,6832.08
1502,Viktor Nguyen,viktor.nguyen.1502@shopmail.test,United States,2024-12-22,Standard,5292.91
1503,Zane Singh,zane.singh.1503@shopmail.test,United States,2025-05-20,Standard,6690.39
1504,Maya Garcia,maya.garcia.1504@example.com,Brazil,2023-02-06,Basic,6628.59
1505,Chen Sato,chen.sato.1505@example.com,India,2023-02-05,Standard,5951.77
1506,Arjun Novak,arjun.novak.1506@example.com,Japan,2020-07-22,Standard,7863.84
1507,Viktor Mensah,viktor.mensah.1507@example.com,United States,2026-07-03,Standard,6652.06
1508,Zane Sato,zane.sato.1508@shopmail.test,Japan,2022-11-20,Premium,10143.05
1509,Quinn Patel,quinn.patel.1509@shopmail.test,United Kingdom,2022-08-19,Standard,952.81
1510,Liam Garcia,liam.garcia.1510@retail.dev,France,2022-08-28,Standard,6855.13
1511,Amelia Ivanov,amelia.ivanov.1511@shopmail.test,Australia,2023-03-05,Premium,3935.32
1512,James Singh,james.singh.1512@example.com,India,2025-04-11,Basic,3546.40
1513,Hiro Patel,hiro.patel.1513@example.com,United Kingdom,2023-04-06,Basic,10944.68
1514,Noah Khan,noah.khan.1514@retail.dev,Singapore,2023-07-06,Standard,9375.96
1515,Quinn Singh,quinn.singh.1515@retail.dev,India,2022-05-30,Standard,7002.67
1516,Imani Garcia,imani.garcia.1516@retail.dev,Japan,2020-11-12,Basic,11908.03
1517,Maya Chen,maya.chen.1517@retail.dev,United States,2024-09-08,Standard,1476.88
1518,Noah Okafor,noah.okafor.1518@example.com,Singapore,2025-11-18,Standard,3820.35
1519,Grace Muller,grace.muller.1519@shopmail.test,Germany,2023-09-08,Standard,9217.53
1520,Jia Brown,jia.brown.1520@shopmail.test,Australia,2021-04-17,Standard,5353.96
1521,Amelia Singh,amelia.singh.1521@retail.dev,Brazil,2026-04-14,Standard,10977.76
1522,Noah Muller,noah.muller.1522@example.com,Japan,2025-01-12,Basic,2776.42
1523,Elena Ivanov,elena.ivanov.1523@shopmail.test,Australia,2026-07-23,Standard,7276.41
1524,Hassan Kim,hassan.kim.1524@example.com,Singapore,2020-11-29,Standard,6072.69
1525,Keiko Khan,keiko.khan.1525@example.com,France,2022-01-06,Basic,210.76
1526,Fatima Chen,fatima.chen.1526@example.com,France,2025-04-08,Basic,1538.62
1527,Aarav Nguyen,aarav.nguyen.1527@shopmail.test,France,2020-10-26,Premium,10405.89
1528,Hiro Silva,hiro.silva.1528@shopmail.test,United Kingdom,2024-07-05,Standard,2916.18
1529,Hassan Brown,hassan.brown.1529@retail.dev,United States,2026-08-19,Standard,1315.57
1530,Amelia Singh,amelia.singh.1530@retail.dev,France,2025-01-12,Basic,7579.21
1531,Grace Okafor,grace.okafor.1531@retail.dev,Japan,2021-07-05,Basic,8691.40
1532,Amelia Silva,amelia.silva.1532@retail.dev,Brazil,2020-02-01,Standard,4454.24
1533,Imani Brown,imani.brown.1533@shopmail.test,United Kingdom,2024-12-01,Standard,8677.33
1534,Elena Costa,elena.costa.1534@retail.dev,Singapore,2025-07-13,Standard,6780.47
1535,Liam Ivanov,liam.ivanov.1535@example.com,India,2023-03-14,Standard,3839.98
1536,Aisha Khan,aisha.khan.1536@retail.dev,Australia,2024-10-29,Standard,6912.28
1537,Anika Singh,anika.singh.1537@shopmail.test,Brazil,2023-03-12,Standard,3471.92
1538,Elena Nguyen,elena.nguyen.1538@retail.dev,United Kingdom,2023-03-27,Basic,3131.66
1539,Yara Muller,yara.muller.1539@retail.dev,India,2023-02-15,Premium,2501.95
1540,Aarav Novak,aarav.novak.1540@example.com,United States,2020-06-11,Basic,6489.46
1541,Keiko Anderson,keiko.anderson.1541@retail.dev,France,2024-02-22,Standard,11303.13
1542,Rosa Mensah,rosa.mensah.1542@example.com,United Kingdom,2025-11-03,Premium,5459.85
1543,Jia Ivanov,jia.ivanov.1543@shopmail.test,United Kingdom,2025-07-13,Standard,10377.42
1544,Zane Singh,zane.singh.1544@example.com,Australia,2020-11-19,Basic,2688.74
1545,Chen Williams,chen.williams.1545@retail.dev,United Kingdom,2023-10-05,Standard,7576.72
1546,Quinn Brown,quinn.brown.1546@retail.dev,Australia,2020-06-06,Standard,11190.11
1547,Diego Chen,diego.chen.1547@example.com,India,2020-05-25,Basic,7536.74
1548,Maya Lopez,maya.lopez.1548@example.com,Brazil,2022-06-20,Standard,3201.80
1549,Uma Nguyen,uma.nguyen.1549@example.com,Japan,2025-07-27,Standard,2402.91
1550,Viktor Khan,viktor.khan.1550@retail.dev,Germany,2020-01-14,Standard,5901.03
1551,Quinn Nguyen,quinn.nguyen.1551@shopmail.test,Singapore,2020-06-07,Standard,3175.31
1552,Elena Singh,elena.singh.1552@shopmail.test,Germany,2025-06-06,Standard,11453.16
1553,Wei Costa,wei.costa.1553@retail.dev,Australia,2025-06-09,Standard,7569.58
1554,Lucia Okafor,lucia.okafor.1554@shopmail.test,France,2023-04-25,Premium,1370.60
1555,Jia Brown,jia.brown.1555@shopmail.test,Australia,2022-10-10,Standard,1411.93
1556,Priya Kim,priya.kim.1556@shopmail.test,Brazil,2023-11-24,Standard,8465.21
1557,Noah Ivanov,noah.ivanov.1557@example.com,France,2022-08-19,Premium,3233.39
1558,Aisha Chen,aisha.chen.1558@shopmail.test,Brazil,2023-08-16,Standard,3828.48
1559,James Lopez,james.lopez.1559@retail.dev,Germany,2022-12-03,Basic,3238.10
1560,Hassan Patel,hassan.patel.1560@example.com,Japan,2023-06-17,Standard,2675.19
1561,Diego Kim,diego.kim.1561@retail.dev,United States,2023-09-12,Premium,6488.71
1562,Tara Lopez,tara.lopez.1562@shopmail.test,Japan,2021-01-04,Basic,4016.12
1563,Amelia Patel,amelia.patel.1563@example.com,Japan,2025-10-25,Standard,6437.29
1564,Imani Muller,imani.muller.1564@shopmail.test,France,2023-04-03,Basic,10930.08
1565,Diego Chen,diego.chen.1565@example.com,Japan,2022-10-15,Basic,457.00
1566,Anika Williams,anika.williams.1566@shopmail.test,Canada,2024-06-17,Basic,531.36
1567,Aarav Muller,aarav.muller.1567@shopmail.test,France,2022-10-09,Premium,9005.24
1568,Arjun Sato,arjun.sato.1568@retail.dev,France,2020-12-13,Premium,6066.50
1569,Aarav Anderson,aarav.anderson.1569@retail.dev,Singapore,2026-01-27,Standard,1843.37
1570,Tara Lopez,tara.lopez.1570@shopmail.test,France,2022-03-06,Basic,10315.15
1571,Liam Anderson,liam.anderson.1571@shopmail.test,Singapore,2023-05-22,Standard,2451.93
1572,Keiko Lopez,keiko.lopez.1572@shopmail.test,Japan,2023-04-07,Standard,2686.48
1573,Fatima Okafor,fatima.okafor.1573@example.com,France,2023-03-10,Basic,6410.12
1574,Aarav Okafor,aarav.okafor.1574@retail.dev,United Kingdom,2024-05-31,Basic,9158.34
1575,Jia Muller,jia.muller.1575@example.com,Brazil,2026-06-24,Basic,4783.25
1576,Hiro Okafor,hiro.okafor.1576@example.com,United Kingdom,2026-04-25,Premium,3744.55
1577,Anika Chen,anika.chen.1577@retail.dev,Germany,2021-11-24,Standard,11306.57
1578,Amelia Silva,amelia.silva.1578@retail.dev,Singapore,2024-07-09,Standard,5695.34
1579,Sofia Muller,sofia.muller.1579@shopmail.test,Australia,2020-08-29,Basic,3042.99
1580,Uma Silva,uma.silva.1580@shopmail.test,United States,2020-05-29,Standard,6794.62
1581,Fatima Khan,fatima.khan.1581@shopmail.test,Germany,2026-04-22,Basic,6558.43
1582,Hassan Mensah,hassan.mensah.1582@retail.dev,United Kingdom,2025-06-01,Standard,10307.37
1583,Yara Kim,yara.kim.1583@example.com,India,2024-10-09,Standard,4523.84
1584,Liam Kim,liam.kim.1584@example.com,United States,2021-11-11,Standard,10440.25
1585,Wei Ivanov,wei.ivanov.1585@shopmail.test,India,2025-07-21,Standard,9642.76
1586,Rosa Chen,rosa.chen.1586@shopmail.test,Canada,2024-09-08,Standard,3578.59
1587,Rosa Sato,rosa.sato.1587@retail.dev,India,2025-11-10,Standard,10677.30
1588,Arjun Costa,arjun.costa.1588@retail.dev,Australia,2025-11-13,Standard,9638.69
1589,Liam Novak,liam.novak.1589@shopmail.test,India,2022-10-26,Standard,2547.14
1590,Chen Williams,chen.williams.1590@example.com,Brazil,2025-04-24,Premium,5010.23
1591,Amelia Anderson,amelia.anderson.1591@example.com,Japan,2023-07-01,Basic,2411.23
1592,Jia Brown,jia.brown.1592@example.com,United Kingdom,2021-01-22,Premium,5637.61
1593,Hiro Chen,hiro.chen.1593@example.com,Canada,2022-07-14,Standard,194.20
1594,Grace Ivanov,grace.ivanov.1594@shopmail.test,Canada,2026-07-21,Basic,4423.12
1595,Lucia Chen,lucia.chen.1595@retail.dev,Germany,2022-04-09,Premium,1850.25
1596,Fatima Nguyen,fatima.nguyen.1596@retail.dev,Singapore,2022-12-12,Standard,1542.28
1597,Omar Lopez,omar.lopez.1597@retail.dev,Canada,2023-09-14,Standard,10244.47
1598,Zane Novak,zane.novak.1598@example.com,Germany,2025-04-23,Standard,56.98
1599,Amelia Novak,amelia.novak.1599@example.com,Australia,2021-08-23,Premium,5718.68
1600,Amelia Patel,amelia.patel.1600@retail.dev,Brazil,2021-07-15,Standard,5290.28
1601,Hassan Costa,hassan.costa.1601@shopmail.test,France,2025-08-11,Basic,2908.26
1602,Sofia Lopez,sofia.lopez.1602@shopmail.test,Japan,2025-04-27,Standard,10067.83
1603,Amelia Novak,amelia.novak.1603@shopmail.test,India,2022-05-26,Basic,11347.24
1604,Uma Ivanov,uma.ivanov.1604@shopmail.test,United Kingdom,2026-04-14,Standard,8348.82
1605,Lucia Ivanov,lucia.ivanov.1605@shopmail.test,Australia,2023-11-27,Standard,10397.01
1606,Rosa Ivanov,rosa.ivanov.1606@example.com,France,2022-05-25,Standard,10518.63
1607,Hiro Nguyen,hiro.nguyen.1607@example.com,United States,2020-02-13,Standard,4347.87
1608,Maya Costa,maya.costa.1608@shopmail.test,Japan,2023-09-07,Premium,4442.19
1609,Yara Anderson,yara.anderson.1609@shopmail.test,France,2023-01-23,Premium,3317.54
1610,Aisha Sato,aisha.sato.1610@example.com,Brazil,2023-01-28,Standard,11654.41
1611,Noah Mensah,noah.mensah.1611@retail.dev,Japan,2025-07-01,Standard,9005.48
1612,Tara Kim,tara.kim.1612@retail.dev,India,2020-06-05,Standard,7364.72
1613,Quinn Nguyen,quinn.nguyen.1613@example.com,United States,2021-06-23,Premium,10012.92
1614,Jia Patel,jia.patel.1614@example.com,Singapore,2023-07-11,Premium,6540.40
1615,Rosa Anderson,rosa.anderson.1615@shopmail.test,India,2023-09-24,Basic,10182.55
1616,Wei Ali,wei.ali.1616@shopmail.test,France,2024-02-09,Standard,11288.03
1617,Uma Patel,uma.patel.1617@example.com,Canada,2020-09-23,Standard,9141.48
1618,Amelia Nguyen,amelia.nguyen.1618@retail.dev,Japan,2024-12-21,Premium,7312.14
1619,James Nguyen,james.nguyen.1619@example.com,Australia,2020-01-14,Standard,6737.70
1620,Jia Ali,jia.ali.1620@example.com,United Kingdom,2020-12-18,Standard,5569.49
1621,Chen Garcia,chen.garcia.1621@example.com,India,2022-01-30,Standard,7528.83
1622,Tara Anderson,tara.anderson.1622@retail.dev,Germany,2022-06-09,Standard,5537.68
1623,Grace Khan,grace.khan.1623@shopmail.test,India,2021-06-27,Standard,4567.24
1624,Fatima Silva,fatima.silva.1624@example.com,Canada,2026-05-03,Standard,2730.88
1625,Wei Khan,wei.khan.1625@shopmail.test,Canada,2021-12-26,Basic,3130.77
1626,Amelia Okafor,amelia.okafor.1626@retail.dev,Japan,2023-12-25,Standard,4202.59
1627,Jia Nguyen,jia.nguyen.1627@example.com,Japan,2020-05-30,Basic,7033.05
1628,Maya Khan,maya.khan.1628@shopmail.test,Germany,2024-11-12,Standard,9735.63
1629,Hassan Williams,hassan.williams.1629@example.com,Japan,2026-03-09,Basic,9536.68
1630,Sofia Khan,sofia.khan.1630@example.com,Japan,2022-11-23,Standard,3148.63
1631,Priya Nguyen,priya.nguyen.1631@shopmail.test,Singapore,2025-04-30,Premium,7052.18
1632,Imani Ali,imani.ali.1632@shopmail.test,United States,2020-05-18,Standard,1277.74
1633,Chen Ivanov,chen.ivanov.1633@example.com,India,2025-05-01,Standard,7783.38
1634,Yara Singh,yara.singh.1634@example.com,Brazil,2023-06-08,Standard,6572.67
1635,Tara Novak,tara.novak.1635@retail.dev,France,2025-02-12,Standard,8341.62
1636,Keiko Muller,keiko.muller.1636@shopmail.test,France,2022-10-31,Basic,7221.28
1637,Grace Patel,grace.patel.1637@retail.dev,United Kingdom,2022-08-17,Basic,10812.86
1638,James Ivanov,james.ivanov.1638@example.com,India,2023-01-08,Basic,4823.98
1639,Liam Nguyen,liam.nguyen.1639@retail.dev,Germany,2023-05-16,Basic,11583.70
1640,Zane Ali,zane.ali.1640@example.com,United Kingdom,2021-07-25,Premium,4014.44
1641,Grace Silva,grace.silva.1641@example.com,India,2023-11-18,Standard,2004.97
1642,Diego Nguyen,diego.nguyen.1642@example.com,France,2023-05-19,Standard,2235.51
1643,Amelia Muller,amelia.muller.1643@shopmail.test,United States,2021-09-23,Standard,10151.88
1644,Keiko Nguyen,keiko.nguyen.1644@shopmail.test,Germany,2023-11-12,Premium,6609.20
1645,Yara Okafor,yara.okafor.1645@example.com,France,2024-03-21,Basic,8482.03
1646,Arjun Brown,arjun.brown.1646@shopmail.test,France,2021-06-30,Standard,3942.16
1647,Noah Lopez,noah.lopez.1647@retail.dev,Singapore,2025-12-27,Premium,5872.50
1648,Aarav Muller,aarav.muller.1648@shopmail.test,Japan,2021-12-30,Basic,4445.36
1649,Uma Anderson,uma.anderson.1649@example.com,Brazil,2024-06-18,Basic,7755.79
1650,Diego Patel,diego.patel.1650@shopmail.test,India,2022-05-15,Standard,1136.88
1651,James Silva,james.silva.1651@shopmail.test,United States,2023-03-13,Standard,8111.39
1652,Fatima Ivanov,fatima.ivanov.1652@example.com,Brazil,2022-01-05,Standard,8196.02
1653,Tara Garcia,tara.garcia.1653@shopmail.test,United States,2023-11-19,Standard,1239.33
1654,Chen Brown,chen.brown.1654@shopmail.test,United States,2021-06-11,Standard,4623.28
1655,Keiko Lopez,keiko.lopez.1655@shopmail.test,United Kingdom,2024-09-26,Basic,3652.88
1656,Noah Mensah,noah.mensah.1656@shopmail.test,Japan,2025-08-18,Standard,5695.73
1657,Hiro Kim,hiro.kim.1657@shopmail.test,United Kingdom,2022-01-02,Basic,6392.25
1658,Arjun Anderson,arjun.anderson.1658@shopmail.test,Germany,2023-10-12,Basic,8498.09
1659,Liam Novak,liam.novak.1659@example.com,United Kingdom,2025-02-06,Standard,5590.54
1660,Viktor Okafor,viktor.okafor.1660@retail.dev,Australia,2025-02-28,Standard,10672.76
1661,Fatima Ivanov,fatima.ivanov.1661@example.com,Japan,2023-10-14,Standard,9207.83
1662,Fatima Nguyen,fatima.nguyen.1662@shopmail.test,Canada,2023-04-16,Standard,234.79
1663,Omar Patel,omar.patel.1663@retail.dev,France,2026-09-06,Premium,8789.55
1664,Elena Nguyen,elena.nguyen.1664@example.com,Brazil,2020-12-10,Standard,1534.50
1665,James Sato,james.sato.1665@example.com,Japan,2023-11-15,Basic,8275.68
1666,Maya Mensah,maya.mensah.1666@example.com,Singapore,2020-06-15,Premium,4489.22
1667,Rosa Kim,rosa.kim.1667@shopmail.test,Canada,2024-04-13,Standard,8711.65
1668,James Lopez,james.lopez.1668@retail.dev,United Kingdom,2020-04-01,Standard,8967.54
1669,Uma Ivanov,uma.ivanov.1669@shopmail.test,Singapore,2021-04-21,Basic,6861.47
1670,Liam Chen,liam.chen.1670@retail.dev,Brazil,2022-09-25,Standard,609.75
1671,Diego Ivanov,diego.ivanov.1671@shopmail.test,Japan,2023-01-30,Basic,9345.25
1672,Priya Patel,priya.patel.1672@shopmail.test,United States,2024-06-20,Basic,8146.54
1673,James Khan,james.khan.1673@shopmail.test,Canada,2020-03-17,Basic,7895.12
1674,Jia Novak,jia.novak.1674@retail.dev,Australia,2023-07-27,Premium,2717.28
1675,Elena Garcia,elena.garcia.1675@shopmail.test,Singapore,2023-03-24,Basic,7321.56
1676,James Novak,james.novak.1676@retail.dev,United States,2023-09-08,Standard,5720.34
1677,Hassan Brown,hassan.brown.1677@shopmail.test,Brazil,2023-08-02,Standard,5346.49
1678,Diego Chen,diego.chen.1678@example.com,Singapore,2021-11-27,Standard,3086.92
1679,Zane Garcia,zane.garcia.1679@example.com,Japan,2025-06-15,Standard,4159.96
1680,Hiro Costa,hiro.costa.1680@shopmail.test,United States,2023-04-10,Basic,5431.70
1681,Arjun Novak,arjun.novak.1681@shopmail.test,France,2026-07-23,Standard,4235.73
1682,Sofia Anderson,sofia.anderson.1682@example.com,France,2023-03-08,Standard,5901.81
1683,Yara Chen,yara.chen.1683@example.com,United Kingdom,2021-06-23,Standard,11387.11
1684,Imani Khan,imani.khan.1684@example.com,India,2022-05-15,Basic,6859.67
1685,Sofia Lopez,sofia.lopez.1685@shopmail.test,Singapore,2026-03-03,Standard,9021.59
1686,Fatima Brown,fatima.brown.1686@retail.dev,Australia,2024-01-27,Standard,7979.21
1687,Liam Chen,liam.chen.1687@shopmail.test,Brazil,2025-12-21,Standard,10312.20
1688,Grace Mensah,grace.mensah.1688@shopmail.test,United States,2021-10-04,Basic,2152.08
1689,Lucia Brown,lucia.brown.1689@example.com,France,2025-03-15,Standard,8208.14
1690,Maya Ivanov,maya.ivanov.1690@retail.dev,Germany,2024-09-09,Standard,7646.09
1691,Arjun Novak,arjun.novak.1691@retail.dev,France,2025-08-23,Basic,7204.83
1692,Zane Anderson,zane.anderson.1692@retail.dev,Brazil,2023-08-24,Standard,2018.34
1693,Priya Garcia,priya.garcia.1693@retail.dev,France,2024-02-25,Premium,7226.08
1694,Lucia Williams,lucia.williams.1694@shopmail.test,Germany,2022-03-01,Basic,1957.52
1695,Chen Okafor,chen.okafor.1695@example.com,Germany,2022-03-29,Standard,3533.46
1696,Maya Mensah,maya.mensah.1696@example.com,India,2025-02-23,Standard,7248.91
1697,Jia Williams,jia.williams.1697@example.com,Germany,2021-03-31,Basic,10058.56
1698,Jia Garcia,jia.garcia.1698@shopmail.test,Japan,2020-01-29,Basic,8192.23
1699,Keiko Lopez,keiko.lopez.1699@retail.dev,Japan,2020-10-15,Basic,11491.96
1700,Anika Novak,anika.novak.1700@retail.dev,United States,2025-12-27,Basic,5276.29
1701,Grace Lopez,grace.lopez.1701@retail.dev,Brazil,2020-06-12,Standard,8606.58
1702,James Kim,james.kim.1702@retail.dev,United Kingdom,2021-02-28,Premium,3168.43
1703,Rosa Nguyen,rosa.nguyen.1703@example.com,Brazil,2024-02-10,Standard,4094.52
1704,Diego Sato,diego.sato.1704@shopmail.test,Brazil,2021-02-01,Standard,8332.25
1705,Sofia Muller,sofia.muller.1705@shopmail.test,Brazil,2022-11-30,Standard,8278.10
1706,Quinn Sato,quinn.sato.1706@example.com,India,2026-05-16,Standard,453.04
1707,Liam Costa,liam.costa.1707@shopmail.test,Canada,2020-04-16,Standard,4465.94
1708,Grace Nguyen,grace.nguyen.1708@shopmail.test,Canada,2026-05-14,Standard,5716.54
1709,Arjun Silva,arjun.silva.1709@shopmail.test,Germany,2021-08-23,Standard,10313.29
1710,Aarav Khan,aarav.khan.1710@shopmail.test,Australia,2026-07-16,Standard,7021.21
1711,Rosa Williams,rosa.williams.1711@example.com,Australia,2025-10-17,Standard,7431.06
1712,Omar Silva,omar.silva.1712@shopmail.test,France,2026-08-01,Basic,3788.70
1713,Viktor Okafor,viktor.okafor.1713@shopmail.test,France,2021-11-23,Basic,5797.58
1714,Aarav Garcia,aarav.garcia.1714@example.com,Canada,2023-11-03,Standard,2496.99
1715,Noah Kim,noah.kim.1715@retail.dev,United States,2022-03-17,Standard,5525.38
1716,Uma Williams,uma.williams.1716@example.com,France,2022-07-24,Basic,4378.63
1717,Omar Kim,omar.kim.1717@retail.dev,Japan,2023-09-11,Standard,3275.90
1718,Viktor Garcia,viktor.garcia.1718@example.com,Canada,2020-08-17,Standard,6287.31
1719,Tara Nguyen,tara.nguyen.1719@example.com,United States,2022-09-30,Standard,8615.63
1720,Noah Sato,noah.sato.1720@retail.dev,United Kingdom,2026-03-10,Standard,8923.75
1721,Wei Silva,wei.silva.1721@example.com,Singapore,2025-11-10,Standard,2512.59
1722,Sofia Ali,sofia.ali.1722@example.com,Australia,2025-05-08,Standard,6454.78
1723,Tara Garcia,tara.garcia.1723@shopmail.test,Germany,2022-03-15,Standard,5316.73
1724,Anika Chen,anika.chen.1724@retail.dev,United States,2026-08-11,Standard,5859.59
1725,Maya Ivanov,maya.ivanov.1725@retail.dev,Germany,2021-04-01,Basic,5325.64
1726,Maya Novak,maya.novak.1726@shopmail.test,Singapore,2025-02-11,Basic,3039.68
1727,Fatima Okafor,fatima.okafor.1727@shopmail.test,Canada,2021-12-24,Standard,5812.27
1728,Fatima Chen,fatima.chen.1728@retail.dev,Canada,2022-10-16,Standard,8142.16
1729,Omar Mensah,omar.mensah.1729@shopmail.test,United States,2021-04-01,Basic,11349.72
1730,Hassan Williams,hassan.williams.1730@shopmail.test,Canada,2025-04-11,Standard,2166.07
1731,Anika Mensah,anika.mensah.1731@example.com,Germany,2023-11-03,Standard,6474.62
1732,Sofia Kim,sofia.kim.1732@shopmail.test,Japan,2022-08-07,Standard,6033.81
1733,Keiko Kim,keiko.kim.1733@retail.dev,India,2023-05-14,Basic,2543.25
1734,Hassan Nguyen,hassan.nguyen.1734@example.com,Singapore,2022-02-25,Basic,9435.09
1735,Priya Nguyen,priya.nguyen.1735@retail.dev,Singapore,2023-08-26,Basic,11774.32
1736,Tara Ivanov,tara.ivanov.1736@shopmail.test,Australia,2023-01-08,Standard,3172.69
1737,Arjun Costa,arjun.costa.1737@shopmail.test,Brazil,2023-09-28,Basic,9955.04
1738,Grace Ivanov,grace.ivanov.1738@shopmail.test,United States,2026-04-26,Standard,5020.06
1739,Zane Ivanov,zane.ivanov.1739@shopmail.test,Canada,2023-12-19,Standard,1700.67
1740,Aarav Khan,aarav.khan.1740@shopmail.test,United States,2022-05-04,Standard,3089.75
1741,Hassan Ivanov,hassan.ivanov.1741@example.com,Germany,2024-04-15,Standard,6730.67
1742,Noah Williams,noah.williams.1742@example.com,India,2024-12-07,Basic,1304.34
1743,Hassan Okafor,hassan.okafor.1743@example.com,France,2026-08-25,Standard,11654.32
1744,Quinn Okafor,quinn.okafor.1744@shopmail.test,United States,2022-10-20,Standard,7290.29
1745,Anika Patel,anika.patel.1745@shopmail.test,United Kingdom,2023-11-04,Standard,4449.15
1746,Keiko Silva,keiko.silva.1746@shopmail.test,India,2020-10-30,Standard,9308.53
1747,Viktor Silva,viktor.silva.1747@example.com,Brazil,2026-08-12,Standard,2419.93
1748,Elena Brown,elena.brown.1748@retail.dev,Japan,2026-06-03,Standard,7936.77
1749,Uma Costa,uma.costa.1749@retail.dev,Australia,2020-03-30,Premium,9244.62
1750,Zane Singh,zane.singh.1750@shopmail.test,Brazil,2024-12-31,Basic,2597.38
1751,Elena Mensah,elena.mensah.1751@retail.dev,Canada,2024-01-23,Standard,8140.08
1752,Fatima Novak,fatima.novak.1752@shopmail.test,France,2020-04-04,Premium,7715.83
1753,Tara Okafor,tara.okafor.1753@retail.dev,Australia,2020-07-15,Basic,746.93
1754,Aarav Ali,aarav.ali.1754@shopmail.test,Japan,2024-11-25,Basic,11518.46
1755,Keiko Costa,keiko.costa.1755@example.com,Singapore,2026-06-12,Standard,828.64
1756,Amelia Chen,amelia.chen.1756@example.com,Singapore,2021-04-05,Standard,9588.13
1757,Yara Mensah,yara.mensah.1757@shopmail.test,Canada,2022-02-20,Basic,9211.21
1758,Jia Mensah,jia.mensah.1758@retail.dev,Singapore,2021-09-15,Standard,899.48
1759,Hassan Mensah,hassan.mensah.1759@shopmail.test,United States,2025-12-01,Basic,8880.02
1760,Imani Ali,imani.ali.1760@example.com,United States,2023-04-18,Premium,9942.97
1761,Elena Brown,elena.brown.1761@retail.dev,Australia,2024-10-15,Standard,10270.51
1762,Lucia Mensah,lucia.mensah.1762@shopmail.test,Singapore,2022-03-31,Basic,6903.90
1763,Arjun Khan,arjun.khan.1763@example.com,Japan,2021-08-30,Standard,2199.50
1764,Noah Patel,noah.patel.1764@shopmail.test,Australia,2021-06-05,Standard,11457.06
1765,Yara Muller,yara.muller.1765@shopmail.test,Germany,2022-05-05,Standard,1980.38
1766,Yara Khan,yara.khan.1766@shopmail.test,United Kingdom,2023-12-26,Premium,10534.71
1767,Uma Lopez,uma.lopez.1767@retail.dev,Germany,2020-04-14,Standard,8933.71
1768,Imani Patel,imani.patel.1768@shopmail.test,Singapore,2025-01-04,Standard,2403.69
1769,Uma Kim,uma.kim.1769@retail.dev,Japan,2021-01-15,Basic,6092.77
1770,Anika Nguyen,anika.nguyen.1770@retail.dev,Australia,2022-05-08,Premium,5882.07
1771,Rosa Brown,rosa.brown.1771@retail.dev,Australia,2024-08-27,Standard,11822.20
1772,Keiko Sato,keiko.sato.1772@example.com,France,2025-09-14,Premium,5497.02
1773,Tara Ivanov,tara.ivanov.1773@shopmail.test,Canada,2024-06-27,Basic,1223.29
1774,Uma Garcia,uma.garcia.1774@example.com,United Kingdom,2024-11-13,Basic,7832.72
1775,Omar Lopez,omar.lopez.1775@retail.dev,Australia,2025-04-14,Premium,11571.71
1776,Aisha Silva,aisha.silva.1776@retail.dev,India,2022-10-16,Standard,136.06
1777,Arjun Okafor,arjun.okafor.1777@retail.dev,Canada,2020-06-08,Premium,9633.50
1778,Hiro Novak,hiro.novak.1778@example.com,Japan,2024-08-26,Basic,5045.39
1779,Zane Silva,zane.silva.1779@example.com,United States,2022-01-13,Standard,11101.33
1780,Keiko Khan,keiko.khan.1780@shopmail.test,Singapore,2023-06-07,Standard,4493.88
1781,Hassan Anderson,hassan.anderson.1781@example.com,India,2020-04-15,Standard,10668.62
1782,Yara Ivanov,yara.ivanov.1782@retail.dev,Japan,2020-07-09,Standard,9155.96
1783,Chen Nguyen,chen.nguyen.1783@example.com,France,2021-02-14,Premium,10768.83
1784,Amelia Kim,amelia.kim.1784@retail.dev,Brazil,2025-05-02,Standard,4995.55
1785,Arjun Novak,arjun.novak.1785@shopmail.test,India,2020-01-03,Standard,5647.11
1786,Hassan Chen,hassan.chen.1786@example.com,Brazil,2024-02-06,Basic,8029.47
1787,Keiko Ali,keiko.ali.1787@example.com,Germany,2022-03-14,Premium,6188.94
1788,Priya Garcia,priya.garcia.1788@retail.dev,United Kingdom,2021-01-23,Basic,3405.54
1789,Elena Muller,elena.muller.1789@shopmail.test,Brazil,2022-10-23,Standard,7920.95
1790,Priya Ali,priya.ali.1790@shopmail.test,India,2025-10-30,Standard,11852.02
1791,Hassan Ivanov,hassan.ivanov.1791@example.com,France,2024-03-15,Standard,6962.94
1792,Omar Patel,omar.patel.1792@retail.dev,United States,2022-03-21,Basic,196.50
1793,Uma Muller,uma.muller.1793@shopmail.test,Brazil,2021-10-25,Standard,165.26
1794,Viktor Singh,viktor.singh.1794@retail.dev,France,2022-02-08,Standard,9808.45
1795,Jia Khan,jia.khan.1795@example.com,Canada,2025-01-30,Standard,6561.91
1796,Omar Williams,omar.williams.1796@shopmail.test,Australia,2023-10-13,Standard,10713.01
1797,Tara Okafor,tara.okafor.1797@shopmail.test,Japan,2026-02-26,Standard,1180.63
1798,Fatima Garcia,fatima.garcia.1798@retail.dev,India,2024-02-05,Standard,329.33
1799,Anika Muller,anika.muller.1799@retail.dev,Canada,2025-02-16,Basic,1465.33
1800,Arjun Singh,arjun.singh.1800@example.com,Japan,2023-06-11,Standard,6650.75
1801,Chen Lopez,chen.lopez.1801@example.com,United States,2025-09-23,Standard,10084.15
1802,Diego Singh,diego.singh.1802@retail.dev,Japan,2025-11-22,Standard,1842.46
1803,Aisha Chen,aisha.chen.1803@retail.dev,India,2024-01-25,Standard,8331.99
1804,Hiro Nguyen,hiro.nguyen.1804@retail.dev,Germany,2021-02-14,Standard,7628.02
1805,Uma Silva,uma.silva.1805@example.com,Canada,2026-01-24,Basic,7325.75
1806,Aisha Lopez,aisha.lopez.1806@shopmail.test,Brazil,2023-04-29,Standard,6272.94
1807,Jia Brown,jia.brown.1807@example.com,Canada,2021-07-11,Basic,3617.42
1808,Quinn Chen,quinn.chen.1808@retail.dev,United Kingdom,2023-06-30,Standard,8808.19
1809,Aisha Ivanov,aisha.ivanov.1809@example.com,France,2021-07-28,Premium,9873.73
1810,Tara Nguyen,tara.nguyen.1810@shopmail.test,United Kingdom,2024-09-12,Standard,2340.62
1811,Elena Sato,elena.sato.1811@retail.dev,Singapore,2021-07-29,Basic,1503.57
1812,Zane Silva,zane.silva.1812@shopmail.test,United States,2022-04-23,Standard,8075.05
1813,Omar Kim,omar.kim.1813@retail.dev,Singapore,2025-11-02,Standard,1253.78
1814,Keiko Muller,keiko.muller.1814@retail.dev,Singapore,2024-11-30,Standard,1520.25
1815,Jia Silva,jia.silva.1815@retail.dev,Australia,2020-10-15,Basic,9057.15
1816,Wei Sato,wei.sato.1816@example.com,Brazil,2020-06-16,Standard,10696.12
1817,James Ali,james.ali.1817@shopmail.test,Canada,2021-11-20,Basic,8304.96
1818,Elena Williams,elena.williams.1818@retail.dev,Australia,2021-02-26,Premium,8787.82
1819,Elena Okafor,elena.okafor.1819@shopmail.test,Canada,2024-11-06,Standard,7665.77
1820,Wei Sato,wei.sato.1820@shopmail.test,Australia,2025-09-11,Standard,8012.07
1821,Amelia Anderson,amelia.anderson.1821@retail.dev,Brazil,2021-02-18,Basic,5839.45
1822,Elena Ali,elena.ali.1822@retail.dev,Brazil,2024-11-11,Standard,1269.99
1823,Lucia Novak,lucia.novak.1823@retail.dev,France,2026-05-05,Standard,6239.63
1824,Aisha Novak,aisha.novak.1824@example.com,Singapore,2021-03-17,Standard,9528.36
1825,Anika Kim,anika.kim.1825@retail.dev,France,2022-09-04,Standard,8079.50
1826,Uma Lopez,uma.lopez.1826@shopmail.test,Singapore,2020-06-12,Standard,9462.93
1827,Viktor Williams,viktor.williams.1827@retail.dev,France,2020-06-01,Basic,9762.60
1828,Priya Anderson,priya.anderson.1828@shopmail.test,United Kingdom,2022-06-03,Standard,314.13
1829,Grace Ivanov,grace.ivanov.1829@shopmail.test,Australia,2020-04-26,Basic,10196.93
1830,Uma Singh,uma.singh.1830@shopmail.test,United States,2023-12-14,Basic,3003.20
1831,Hassan Mensah,hassan.mensah.1831@retail.dev,Japan,2022-12-13,Basic,1948.09
1832,Omar Brown,omar.brown.1832@example.com,Brazil,2024-07-01,Basic,9377.09
1833,Viktor Garcia,viktor.garcia.1833@example.com,Australia,2023-09-29,Standard,6470.36
1834,Uma Costa,uma.costa.1834@shopmail.test,Australia,2021-02-18,Basic,1107.93
1835,Noah Okafor,noah.okafor.1835@retail.dev,Brazil,2022-02-01,Basic,2445.74
1836,Hiro Brown,hiro.brown.1836@example.com,Australia,2024-11-28,Basic,9063.38
1837,Aarav Kim,aarav.kim.1837@retail.dev,Japan,2022-02-16,Standard,10908.24
1838,Grace Chen,grace.chen.1838@example.com,Germany,2026-01-13,Standard,7431.19
1839,Amelia Garcia,amelia.garcia.1839@shopmail.test,Japan,2024-07-15,Basic,1770.54
1840,Hiro Lopez,hiro.lopez.1840@retail.dev,Canada,2021-06-28,Basic,1265.92
1841,Noah Ali,noah.ali.1841@example.com,Germany,2020-12-02,Standard,2717.28
1842,Lucia Silva,lucia.silva.1842@retail.dev,Germany,2023-01-26,Premium,2713.01
1843,Elena Muller,elena.muller.1843@example.com,Canada,2024-12-08,Standard,2611.22
1844,Elena Anderson,elena.anderson.1844@retail.dev,Singapore,2025-06-02,Basic,4988.95
1845,Diego Ivanov,diego.ivanov.1845@retail.dev,Singapore,2022-02-01,Basic,6981.22
1846,Wei Lopez,wei.lopez.1846@shopmail.test,France,2022-12-07,Basic,11783.45
1847,Hiro Singh,hiro.singh.1847@retail.dev,India,2022-08-19,Standard,4300.96
1848,Hassan Muller,hassan.muller.1848@retail.dev,Brazil,2026-01-13,Standard,1182.04
1849,Lucia Brown,lucia.brown.1849@retail.dev,Australia,2021-03-05,Basic,7259.00
1850,Quinn Chen,quinn.chen.1850@example.com,Brazil,2022-07-06,Standard,6901.75
1851,Noah Mensah,noah.mensah.1851@example.com,United States,2025-07-29,Standard,799.28
1852,Lucia Mensah,lucia.mensah.1852@shopmail.test,India,2026-04-08,Standard,10752.70
1853,Amelia Singh,amelia.singh.1853@shopmail.test,United States,2020-09-24,Basic,3331.18
1854,Quinn Novak,quinn.novak.1854@example.com,France,2025-07-03,Standard,9178.27
1855,Diego Mensah,diego.mensah.1855@shopmail.test,Germany,2023-06-23,Standard,8104.14
1856,Maya Williams,maya.williams.1856@retail.dev,Singapore,2024-07-25,Premium,6486.86
1857,Hassan Anderson,hassan.anderson.1857@example.com,United Kingdom,2020-08-04,Basic,4316.24
1858,Noah Garcia,noah.garcia.1858@example.com,Germany,2025-12-09,Standard,1955.46
1859,Noah Nguyen,noah.nguyen.1859@retail.dev,United Kingdom,2022-01-12,Premium,11147.69
1860,Hassan Garcia,hassan.garcia.1860@retail.dev,France,2021-01-20,Basic,6898.68
1861,Tara Ivanov,tara.ivanov.1861@shopmail.test,India,2024-04-10,Standard,1683.65
1862,Anika Costa,anika.costa.1862@shopmail.test,Brazil,2023-12-25,Standard,5178.57
1863,Amelia Nguyen,amelia.nguyen.1863@retail.dev,United Kingdom,2022-12-03,Standard,2739.02
1864,Hassan Mensah,hassan.mensah.1864@retail.dev,United States,2021-01-20,Standard,269.30
1865,Lucia Patel,lucia.patel.1865@retail.dev,United States,2024-03-08,Premium,45.70
1866,Aarav Brown,aarav.brown.1866@retail.dev,Singapore,2024-04-24,Standard,9605.46
1867,Hiro Garcia,hiro.garcia.1867@example.com,Japan,2021-12-07,Standard,7459.95
1868,Diego Singh,diego.singh.1868@retail.dev,Australia,2021-02-01,Basic,10953.56
1869,Maya Nguyen,maya.nguyen.1869@example.com,Japan,2024-12-10,Basic,10559.07
1870,Arjun Mensah,arjun.mensah.1870@example.com,Canada,2020-05-04,Standard,11225.13
1871,Yara Costa,yara.costa.1871@retail.dev,India,2021-03-17,Standard,2185.49
1872,Wei Kim,wei.kim.1872@retail.dev,Australia,2025-07-31,Standard,1884.15
1873,Zane Mensah,zane.mensah.1873@example.com,Japan,2026-02-22,Basic,9414.15
1874,Amelia Brown,amelia.brown.1874@shopmail.test,Germany,2022-10-05,Standard,2892.43
1875,Tara Lopez,tara.lopez.1875@shopmail.test,Singapore,2020-06-19,Standard,11001.41
1876,Anika Williams,anika.williams.1876@retail.dev,Singapore,2021-01-07,Standard,3863.62
1877,Maya Chen,maya.chen.1877@example.com,Canada,2025-11-06,Standard,6567.91
1878,Hassan Silva,hassan.silva.1878@retail.dev,France,2025-01-08,Basic,3533.19
1879,Imani Ivanov,imani.ivanov.1879@example.com,Australia,2024-03-24,Premium,310.41
1880,Lucia Okafor,lucia.okafor.1880@shopmail.test,United States,2024-05-11,Standard,11907.64
1881,Liam Patel,liam.patel.1881@retail.dev,Singapore,2022-02-09,Basic,3702.76
1882,Lucia Nguyen,lucia.nguyen.1882@example.com,Canada,2023-07-08,Basic,6423.15
1883,Imani Khan,imani.khan.1883@retail.dev,France,2023-12-11,Basic,652.91
1884,Rosa Williams,rosa.williams.1884@retail.dev,United States,2025-11-16,Basic,6117.23
1885,Yara Khan,yara.khan.1885@example.com,Australia,2021-02-08,Standard,2248.82
1886,Amelia Khan,amelia.khan.1886@example.com,United States,2025-07-21,Standard,7694.04
1887,Yara Lopez,yara.lopez.1887@shopmail.test,United States,2022-04-23,Basic,1418.06
1888,Wei Muller,wei.muller.1888@example.com,Australia,2023-09-16,Basic,11845.35
1889,Yara Lopez,yara.lopez.1889@retail.dev,Canada,2020-07-02,Standard,7195.05
1890,Wei Ivanov,wei.ivanov.1890@shopmail.test,Germany,2026-05-25,Basic,10827.50
1891,Zane Sato,zane.sato.1891@shopmail.test,France,2024-08-03,Standard,5005.25
1892,Fatima Khan,fatima.khan.1892@retail.dev,France,2025-06-22,Standard,149.90
1893,Aisha Mensah,aisha.mensah.1893@retail.dev,United Kingdom,2021-06-11,Standard,2695.12
1894,Anika Nguyen,anika.nguyen.1894@example.com,Canada,2025-06-24,Premium,6454.85
1895,Zane Lopez,zane.lopez.1895@retail.dev,Canada,2023-03-12,Standard,3434.34
1896,Anika Kim,anika.kim.1896@example.com,Japan,2024-06-05,Basic,10611.22
1897,Viktor Okafor,viktor.okafor.1897@shopmail.test,Brazil,2022-04-02,Premium,11946.81
1898,Anika Kim,anika.kim.1898@example.com,United Kingdom,2022-07-25,Premium,4672.06
1899,Elena Ivanov,elena.ivanov.1899@retail.dev,United States,2024-02-28,Standard,1734.54
1900,Priya Williams,priya.williams.1900@example.com,Singapore,2022-02-13,Basic,8705.80
1901,Aarav Silva,aarav.silva.1901@example.com,Australia,2023-10-30,Basic,3028.36
1902,Jia Khan,jia.khan.1902@shopmail.test,Japan,2020-08-19,Standard,1858.34
1903,Amelia Muller,amelia.muller.1903@retail.dev,Brazil,2022-01-23,Standard,4047.27
1904,Aarav Mensah,aarav.mensah.1904@shopmail.test,Japan,2020-10-11,Basic,7229.88
1905,Chen Silva,chen.silva.1905@retail.dev,United Kingdom,2026-02-19,Basic,704.14
1906,James Williams,james.williams.1906@retail.dev,Australia,2025-12-28,Premium,8652.78
1907,Hiro Patel,hiro.patel.1907@example.com,France,2021-08-10,Basic,8219.69
1908,Aarav Ali,aarav.ali.1908@example.com,Germany,2020-08-27,Basic,9230.13
1909,Sofia Patel,sofia.patel.1909@shopmail.test,Singapore,2026-04-27,Standard,262.03
1910,Omar Lopez,omar.lopez.1910@retail.dev,Germany,2023-03-02,Standard,4656.54
1911,Priya Okafor,priya.okafor.1911@shopmail.test,Brazil,2022-10-21,Standard,11856.03
1912,Yara Silva,yara.silva.1912@example.com,Canada,2025-02-03,Standard,4337.62
1913,Omar Nguyen,omar.nguyen.1913@shopmail.test,United States,2024-05-10,Basic,10586.20
1914,James Costa,james.costa.1914@retail.dev,Germany,2021-08-12,Premium,4939.20
1915,Imani Silva,imani.silva.1915@shopmail.test,Brazil,2023-12-16,Standard,4884.36
1916,Rosa Mensah,rosa.mensah.1916@shopmail.test,Australia,2024-12-23,Basic,5575.62
1917,Priya Lopez,priya.lopez.1917@example.com,Germany,2021-06-29,Basic,2490.83
1918,Maya Khan,maya.khan.1918@shopmail.test,Australia,2024-01-28,Basic,6589.76
1919,Omar Costa,omar.costa.1919@retail.dev,Brazil,2022-05-24,Standard,5656.03
1920,Grace Novak,grace.novak.1920@retail.dev,India,2024-08-15,Premium,2625.71
1921,Priya Lopez,priya.lopez.1921@example.com,Germany,2025-10-20,Standard,11319.81
1922,Imani Ali,imani.ali.1922@retail.dev,India,2021-12-06,Standard,8958.01
1923,Omar Lopez,omar.lopez.1923@shopmail.test,Australia,2026-06-13,Basic,2393.77
1924,Jia Muller,jia.muller.1924@retail.dev,Singapore,2021-06-18,Basic,5853.05
1925,Liam Patel,liam.patel.1925@example.com,United States,2021-02-01,Basic,1051.86
1926,Hassan Garcia,hassan.garcia.1926@retail.dev,India,2023-07-07,Basic,4296.44
1927,Zane Khan,zane.khan.1927@shopmail.test,Singapore,2023-06-13,Basic,4371.21
1928,Wei Mensah,wei.mensah.1928@shopmail.test,United Kingdom,2025-04-29,Standard,2123.24
1929,Tara Chen,tara.chen.1929@shopmail.test,United Kingdom,2021-10-16,Basic,1845.40
1930,Lucia Novak,lucia.novak.1930@shopmail.test,Canada,2024-08-05,Standard,6639.05
1931,Quinn Muller,quinn.muller.1931@shopmail.test,United Kingdom,2021-04-09,Standard,1781.09
1932,Sofia Patel,sofia.patel.1932@shopmail.test,India,2021-07-09,Basic,5686.94
1933,Sofia Anderson,sofia.anderson.1933@shopmail.test,Singapore,2026-07-28,Standard,9819.97
1934,Maya Nguyen,maya.nguyen.1934@retail.dev,Singapore,2025-01-06,Basic,11644.30
1935,Hiro Brown,hiro.brown.1935@example.com,Singapore,2020-12-14,Basic,849.96
1936,Grace Lopez,grace.lopez.1936@retail.dev,Germany,2021-09-04,Premium,11221.97
1937,Zane Brown,zane.brown.1937@example.com,Australia,2023-04-12,Basic,11386.42
1938,Noah Okafor,noah.okafor.1938@example.com,Australia,2020-03-06,Standard,7094.11
1939,Viktor Sato,viktor.sato.1939@example.com,Brazil,2022-02-25,Standard,11784.89
1940,Hassan Nguyen,hassan.nguyen.1940@shopmail.test,Brazil,2020-08-01,Standard,8413.67
1941,James Brown,james.brown.1941@retail.dev,Brazil,2020-06-14,Standard,11941.28
1942,Priya Garcia,priya.garcia.1942@retail.dev,United States,2023-09-25,Standard,1589.53
1943,Rosa Ali,rosa.ali.1943@shopmail.test,France,2020-03-19,Standard,2415.72
1944,Imani Patel,imani.patel.1944@retail.dev,France,2023-01-12,Standard,4044.23
1945,James Brown,james.brown.1945@retail.dev,Germany,2021-06-26,Basic,8636.43
1946,Keiko Costa,keiko.costa.1946@retail.dev,United Kingdom,2022-12-28,Premium,5412.24
1947,Tara Brown,tara.brown.1947@example.com,United Kingdom,2025-09-15,Basic,300.51
1948,Elena Garcia,elena.garcia.1948@example.com,United Kingdom,2021-12-26,Standard,1869.22
1949,Viktor Garcia,viktor.garcia.1949@shopmail.test,Singapore,2020-02-09,Basic,8844.63
1950,Amelia Silva,amelia.silva.1950@shopmail.test,Australia,2026-07-14,Standard,10459.41
1951,Tara Kim,tara.kim.1951@retail.dev,United Kingdom,2021-05-14,Premium,1686.11
1952,Chen Garcia,chen.garcia.1952@example.com,Germany,2021-01-10,Premium,9504.32
1953,Aisha Garcia,aisha.garcia.1953@shopmail.test,Germany,2024-05-03,Standard,6363.77
1954,Quinn Okafor,quinn.okafor.1954@retail.dev,United States,2022-02-01,Standard,8785.49
1955,Jia Nguyen,jia.nguyen.1955@example.com,Canada,2025-09-10,Premium,2130.81
1956,Arjun Chen,arjun.chen.1956@retail.dev,United Kingdom,2026-06-14,Basic,8407.11
1957,Diego Nguyen,diego.nguyen.1957@shopmail.test,Singapore,2023-08-09,Basic,2751.89
1958,Grace Novak,grace.novak.1958@shopmail.test,Canada,2024-08-15,Standard,3442.70
1959,Uma Singh,uma.singh.1959@retail.dev,Canada,2022-09-13,Standard,7866.73
1960,Grace Nguyen,grace.nguyen.1960@retail.dev,United States,2020-09-21,Premium,5939.73
1961,Noah Ivanov,noah.ivanov.1961@shopmail.test,United States,2020-11-23,Standard,10786.21
1962,Rosa Garcia,rosa.garcia.1962@shopmail.test,Singapore,2023-07-28,Standard,10998.09
1963,Priya Garcia,priya.garcia.1963@shopmail.test,Australia,2026-05-20,Standard,10080.71
1964,Rosa Okafor,rosa.okafor.1964@shopmail.test,Japan,2024-02-26,Standard,9166.86
1965,Rosa Khan,rosa.khan.1965@shopmail.test,France,2022-07-23,Standard,536.33
1966,Jia Mensah,jia.mensah.1966@shopmail.test,Brazil,2023-08-21,Basic,10161.62
1967,Viktor Mensah,viktor.mensah.1967@shopmail.test,France,2025-01-26,Standard,8860.86
1968,Zane Anderson,zane.anderson.1968@retail.dev,India,2021-07-25,Basic,4592.95
1969,Imani Singh,imani.singh.1969@example.com,India,2020-02-27,Standard,9813.42
1970,Maya Nguyen,maya.nguyen.1970@example.com,Canada,2022-06-07,Premium,4710.72
1971,Hassan Khan,hassan.khan.1971@retail.dev,Canada,2020-03-29,Standard,1920.84
1972,Elena Khan,elena.khan.1972@shopmail.test,India,2025-06-15,Standard,6002.16
1973,Keiko Patel,keiko.patel.1973@shopmail.test,Brazil,2023-12-18,Basic,826.20
1974,Noah Costa,noah.costa.1974@example.com,France,2021-08-02,Standard,11321.47
1975,Keiko Anderson,keiko.anderson.1975@shopmail.test,Singapore,2023-06-15,Standard,4079.50
1976,James Novak,james.novak.1976@shopmail.test,Australia,2021-05-14,Standard,6367.40
1977,Tara Silva,tara.silva.1977@example.com,Brazil,2024-02-22,Standard,5695.44
1978,Hiro Ivanov,hiro.ivanov.1978@example.com,Australia,2022-10-05,Standard,3931.25
1979,Omar Okafor,omar.okafor.1979@shopmail.test,Germany,2023-02-23,Standard,6937.21
1980,Wei Silva,wei.silva.1980@example.com,Singapore,2023-08-11,Basic,6877.99
1981,Noah Muller,noah.muller.1981@example.com,Australia,2022-10-17,Standard,5650.29
1982,Liam Kim,liam.kim.1982@example.com,Japan,2024-04-22,Basic,7492.69
1983,Keiko Mensah,keiko.mensah.1983@example.com,Canada,2022-12-25,Premium,4690.18
1984,Quinn Silva,quinn.silva.1984@example.com,Germany,2024-01-30,Basic,731.78
1985,Omar Anderson,omar.anderson.1985@retail.dev,India,2023-09-02,Standard,7457.31
1986,Tara Sato,tara.sato.1986@retail.dev,Germany,2023-08-03,Standard,3787.17
1987,Uma Khan,uma.khan.1987@example.com,Japan,2021-05-08,Standard,750.24
1988,Tara Williams,tara.williams.1988@retail.dev,United States,2023-03-02,Standard,4527.71
1989,Grace Sato,grace.sato.1989@retail.dev,France,2022-04-16,Premium,327.77
1990,Amelia Singh,amelia.singh.1990@shopmail.test,France,2025-03-19,Basic,11915.93
1991,Lucia Nguyen,lucia.nguyen.1991@shopmail.test,Brazil,2026-08-29,Standard,3786.19
1992,Fatima Khan,fatima.khan.1992@shopmail.test,United States,2025-01-30,Standard,7048.10
1993,Anika Patel,anika.patel.1993@shopmail.test,France,2023-08-30,Standard,4441.64
1994,Lucia Anderson,lucia.anderson.1994@shopmail.test,Singapore,2024-11-13,Standard,4761.56
1995,Uma Patel,uma.patel.1995@example.com,Japan,2023-03-04,Standard,9083.98
1996,Aisha Silva,aisha.silva.1996@example.com,United Kingdom,2025-07-27,Premium,838.04
1997,Liam Nguyen,liam.nguyen.1997@shopmail.test,Australia,2022-08-20,Premium,4339.80
1998,Amelia Ivanov,amelia.ivanov.1998@retail.dev,United States,2023-11-08,Basic,5922.16
1999,Liam Ivanov,liam.ivanov.1999@example.com,Germany,2024-06-09,Standard,6588.47
2000,Jia Nguyen,jia.nguyen.2000@example.com,Germany,2021-04-17,Basic,10427.26
2001,Aisha Chen,aisha.chen.2001@example.com,Brazil,2020-04-09,Premium,10118.65
2002,Aisha Patel,aisha.patel.2002@example.com,Japan,2022-06-16,Basic,11400.84
2003,Hassan Brown,hassan.brown.2003@example.com,Japan,2024-05-06,Basic,8051.40
2004,Sofia Costa,sofia.costa.2004@shopmail.test,Japan,2025-07-09,Premium,8584.04
2005,Amelia Patel,amelia.patel.2005@retail.dev,Brazil,2022-03-30,Standard,2525.82
2006,Aarav Singh,aarav.singh.2006@example.com,France,2020-11-26,Standard,4433.22
2007,Diego Silva,diego.silva.2007@retail.dev,Canada,2026-01-05,Premium,7541.47
2008,Fatima Chen,fatima.chen.2008@example.com,Singapore,2024-03-13,Standard,1939.36
2009,Fatima Brown,fatima.brown.2009@example.com,Canada,2022-03-12,Standard,3142.59
2010,Jia Anderson,jia.anderson.2010@retail.dev,France,2024-12-29,Standard,7825.62
2011,Diego Nguyen,diego.nguyen.2011@retail.dev,Germany,2021-04-06,Premium,9660.51
2012,Diego Ali,diego.ali.2012@retail.dev,Canada,2023-05-08,Basic,8098.62
2013,Hiro Mensah,hiro.mensah.2013@shopmail.test,Germany,2020-08-10,Standard,2776.98
2014,Liam Anderson,liam.anderson.2014@shopmail.test,Germany,2023-06-23,Premium,9959.31
2015,Keiko Lopez,keiko.lopez.2015@example.com,Brazil,2023-09-02,Standard,4704.28
2016,Keiko Chen,keiko.chen.2016@example.com,United Kingdom,2026-09-10,Standard,11841.70
2017,Noah Kim,noah.kim.2017@example.com,Canada,2020-01-02,Basic,7440.84
2018,Yara Anderson,yara.anderson.2018@example.com,United Kingdom,2023-05-27,Standard,8751.76
2019,Aisha Singh,aisha.singh.2019@retail.dev,Australia,2022-05-31,Standard,11652.01
2020,Amelia Sato,amelia.sato.2020@example.com,United Kingdom,2024-09-06,Standard,3587.20
2021,Grace Silva,grace.silva.2021@example.com,United Kingdom,2022-12-12,Standard,11188.64
2022,Yara Anderson,yara.anderson.2022@retail.dev,Germany,2025-05-05,Standard,1373.23
2023,Jia Ali,jia.ali.2023@retail.dev,Brazil,2026-04-02,Standard,295.14
2024,Amelia Silva,amelia.silva.2024@example.com,United States,2022-06-01,Premium,8144.28
2025,Keiko Ivanov,keiko.ivanov.2025@retail.dev,United States,2025-03-22,Standard,11675.56
2026,Priya Garcia,priya.garcia.2026@example.com,Canada,2023-02-24,Basic,8633.48
2027,Aarav Sato,aarav.sato.2027@example.com,United States,2022-02-09,Standard,5389.67
2028,Viktor Ali,viktor.ali.2028@example.com,United States,2024-11-18,Standard,8442.79
2029,Grace Singh,grace.singh.2029@shopmail.test,Japan,2020-12-28,Standard,5488.68
2030,Chen Singh,chen.singh.2030@shopmail.test,Australia,2024-02-29,Basic,6500.69
2031,James Nguyen,james.nguyen.2031@shopmail.test,Canada,2026-07-04,Standard,5623.12
2032,Arjun Okafor,arjun.okafor.2032@example.com,Singapore,2026-01-30,Standard,11537.60
2033,Fatima Silva,fatima.silva.2033@shopmail.test,Japan,2023-09-25,Basic,7754.43
2034,Viktor Nguyen,viktor.nguyen.2034@retail.dev,India,2020-06-24,Standard,11021.63
2035,Noah Brown,noah.brown.2035@retail.dev,India,2026-01-21,Standard,8943.91
2036,Uma Khan,uma.khan.2036@example.com,Japan,2024-06-11,Premium,5042.24
2037,Lucia Patel,lucia.patel.2037@retail.dev,India,2025-10-29,Premium,73.38
2038,Rosa Muller,rosa.muller.2038@shopmail.test,Japan,2023-10-03,Standard,3922.71
2039,Yara Lopez,yara.lopez.2039@retail.dev,Australia,2025-11-12,Standard,4728.78
2040,Rosa Ivanov,rosa.ivanov.2040@example.com,Germany,2021-03-11,Standard,7735.73
2041,Quinn Anderson,quinn.anderson.2041@example.com,Canada,2025-08-28,Basic,5955.05
2042,Elena Lopez,elena.lopez.2042@example.com,Germany,2023-05-25,Basic,6515.05
2043,Aarav Anderson,aarav.anderson.2043@retail.dev,United Kingdom,2020-05-07,Standard,2504.87
2044,Amelia Sato,amelia.sato.2044@shopmail.test,France,2025-01-27,Basic,5077.46
2045,Aarav Novak,aarav.novak.2045@shopmail.test,France,2023-05-14,Standard,4514.62
2046,Noah Ali,noah.ali.2046@retail.dev,Brazil,2025-05-13,Standard,7130.20
2047,Aisha Okafor,aisha.okafor.2047@shopmail.test,France,2023-08-02,Standard,3087.99
2048,Sofia Chen,sofia.chen.2048@shopmail.test,Brazil,2021-02-05,Standard,7055.82
2049,Aarav Lopez,aarav.lopez.2049@example.com,Brazil,2020-06-07,Basic,9114.62
2050,Fatima Chen,fatima.chen.2050@retail.dev,United Kingdom,2021-01-12,Premium,8698.24
2051,Jia Lopez,jia.lopez.2051@example.com,Australia,2023-10-13,Standard,11808.40
2052,Grace Chen,grace.chen.2052@example.com,India,2025-01-22,Standard,4942.02
2053,Maya Anderson,maya.anderson.2053@shopmail.test,Canada,2025-09-04,Standard,6037.32
2054,Quinn Ali,quinn.ali.2054@retail.dev,United States,2024-05-08,Basic,6439.56
2055,Fatima Ali,fatima.ali.2055@shopmail.test,Canada,2021-04-26,Standard,5905.91
2056,Viktor Nguyen,viktor.nguyen.2056@example.com,India,2020-06-12,Standard,3993.70
2057,Zane Garcia,zane.garcia.2057@shopmail.test,India,2022-03-26,Standard,3007.29
2058,Sofia Lopez,sofia.lopez.2058@retail.dev,Singapore,2020-06-28,Standard,2700.49
2059,Viktor Okafor,viktor.okafor.2059@example.com,United Kingdom,2022-07-25,Basic,9705.81
2060,Chen Silva,chen.silva.2060@retail.dev,United States,2021-06-24,Basic,11361.40
2061,Jia Okafor,jia.okafor.2061@retail.dev,Japan,2024-02-10,Basic,5173.93
2062,Wei Singh,wei.singh.2062@shopmail.test,France,2026-02-04,Premium,5697.05
2063,Lucia Ivanov,lucia.ivanov.2063@retail.dev,Australia,2020-10-01,Premium,3171.74
2064,Keiko Lopez,keiko.lopez.2064@example.com,United Kingdom,2025-09-08,Basic,10881.73
2065,Aarav Nguyen,aarav.nguyen.2065@shopmail.test,Japan,2020-12-19,Standard,7984.08
2066,Hiro Chen,hiro.chen.2066@retail.dev,India,2022-12-13,Standard,11651.11
2067,Maya Ivanov,maya.ivanov.2067@example.com,Canada,2021-04-19,Standard,2806.17
2068,Arjun Lopez,arjun.lopez.2068@example.com,United Kingdom,2020-02-15,Standard,6134.60
2069,Liam Sato,liam.sato.2069@example.com,Australia,2026-07-26,Standard,3657.55
2070,Yara Muller,yara.muller.2070@shopmail.test,Brazil,2025-05-21,Basic,2284.29
2071,Keiko Khan,keiko.khan.2071@retail.dev,Japan,2021-02-09,Standard,6647.56
2072,Viktor Garcia,viktor.garcia.2072@example.com,United Kingdom,2021-08-21,Standard,10297.70
2073,Keiko Williams,keiko.williams.2073@shopmail.test,Australia,2020-10-24,Standard,2983.64
2074,Zane Muller,zane.muller.2074@example.com,Australia,2022-12-11,Standard,9034.64
2075,Sofia Lopez,sofia.lopez.2075@shopmail.test,France,2020-04-23,Standard,8724.78
2076,Jia Novak,jia.novak.2076@retail.dev,Japan,2022-07-09,Basic,1549.73
2077,Wei Ivanov,wei.ivanov.2077@shopmail.test,United Kingdom,2021-10-06,Standard,6267.07
2078,James Novak,james.novak.2078@retail.dev,India,2020-05-06,Standard,6751.20
2079,Sofia Patel,sofia.patel.2079@retail.dev,Australia,2024-02-22,Standard,3387.98
2080,Grace Chen,grace.chen.2080@shopmail.test,Japan,2023-09-01,Basic,10268.16
2081,Keiko Lopez,keiko.lopez.2081@retail.dev,Singapore,2026-08-11,Standard,11083.36
2082,Priya Ali,priya.ali.2082@shopmail.test,Australia,2021-07-16,Standard,1114.58
2083,Lucia Williams,lucia.williams.2083@shopmail.test,Canada,2020-09-14,Standard,3236.83
2084,Noah Williams,noah.williams.2084@example.com,Singapore,2022-07-22,Standard,10872.08
2085,Diego Singh,diego.singh.2085@retail.dev,France,2023-06-08,Standard,4036.61
2086,Fatima Sato,fatima.sato.2086@retail.dev,India,2024-10-02,Standard,2280.52
2087,Tara Costa,tara.costa.2087@retail.dev,Japan,2022-02-17,Standard,4353.81
2088,Hassan Khan,hassan.khan.2088@retail.dev,Canada,2025-03-10,Standard,2101.65
2089,Omar Muller,omar.muller.2089@shopmail.test,India,2022-04-22,Standard,7610.49
2090,Wei Okafor,wei.okafor.2090@shopmail.test,Singapore,2024-03-15,Standard,5825.01
2091,Jia Chen,jia.chen.2091@shopmail.test,United Kingdom,2023-10-30,Premium,7281.66
2092,Zane Lopez,zane.lopez.2092@example.com,Canada,2026-03-05,Basic,64.12
2093,Yara Okafor,yara.okafor.2093@shopmail.test,Japan,2025-02-05,Basic,6618.96
2094,Maya Ivanov,maya.ivanov.2094@retail.dev,Brazil,2022-03-26,Standard,11779.39
2095,Noah Kim,noah.kim.2095@example.com,India,2025-05-05,Standard,3774.88
2096,Anika Singh,anika.singh.2096@example.com,Japan,2020-08-11,Premium,866.60
2097,Lucia Sato,lucia.sato.2097@retail.dev,France,2021-06-05,Basic,11110.83
2098,Diego Patel,diego.patel.2098@retail.dev,Canada,2026-05-09,Premium,1359.40
2099,Grace Ivanov,grace.ivanov.2099@retail.dev,Canada,2022-09-12,Standard,7429.29
2100,Yara Chen,yara.chen.2100@retail.dev,Singapore,2023-12-19,Basic,1841.64
2101,Hassan Muller,hassan.muller.2101@example.com,Japan,2021-12-04,Basic,9905.80
2102,Noah Anderson,noah.anderson.2102@shopmail.test,Brazil,2021-10-18,Premium,8891.96
2103,Anika Kim,anika.kim.2103@shopmail.test,Singapore,2022-10-05,Basic,2671.16
2104,Chen Nguyen,chen.nguyen.2104@retail.dev,Canada,2022-06-21,Standard,62.94
2105,James Ali,james.ali.2105@example.com,France,2024-05-02,Standard,2805.36
2106,Quinn Mensah,quinn.mensah.2106@retail.dev,France,2024-12-17,Standard,10660.22
2107,Aarav Chen,aarav.chen.2107@shopmail.test,Japan,2023-01-17,Standard,8087.90
2108,Hassan Brown,hassan.brown.2108@shopmail.test,Singapore,2020-03-25,Standard,7397.26
2109,Diego Singh,diego.singh.2109@retail.dev,France,2021-08-14,Basic,7221.42
2110,Chen Lopez,chen.lopez.2110@shopmail.test,Germany,2022-04-28,Standard,4255.35
2111,Quinn Costa,quinn.costa.2111@example.com,Singapore,2022-08-03,Standard,10535.82
2112,Elena Garcia,elena.garcia.2112@retail.dev,Australia,2025-01-26,Basic,287.00
2113,Hiro Lopez,hiro.lopez.2113@shopmail.test,United Kingdom,2020-03-24,Standard,8697.04
2114,James Sato,james.sato.2114@shopmail.test,Brazil,2023-11-27,Standard,4414.97
2115,Chen Nguyen,chen.nguyen.2115@retail.dev,Japan,2022-06-16,Basic,7748.98
2116,Tara Khan,tara.khan.2116@example.com,United Kingdom,2020-05-28,Basic,4390.75
2117,Quinn Nguyen,quinn.nguyen.2117@shopmail.test,United Kingdom,2021-01-13,Standard,6645.07
2118,Liam Sato,liam.sato.2118@shopmail.test,Canada,2025-01-29,Premium,1721.07
2119,Viktor Nguyen,viktor.nguyen.2119@example.com,Germany,2022-07-27,Standard,2020.38
2120,Viktor Garcia,viktor.garcia.2120@retail.dev,India,2020-08-01,Standard,9402.63
2121,Grace Chen,grace.chen.2121@example.com,United States,2025-04-10,Basic,10741.69
2122,Tara Khan,tara.khan.2122@example.com,Japan,2020-11-11,Premium,1240.59
2123,Anika Mensah,anika.mensah.2123@example.com,Japan,2026-03-16,Basic,8685.42
2124,Yara Nguyen,yara.nguyen.2124@example.com,Canada,2022-10-03,Basic,3922.60
2125,Liam Anderson,liam.anderson.2125@example.com,India,2025-08-13,Standard,705.78
2126,Aisha Okafor,aisha.okafor.2126@retail.dev,Australia,2021-09-30,Basic,2922.06
2127,Maya Sato,maya.sato.2127@example.com,Germany,2025-03-09,Standard,2122.36
2128,Chen Novak,chen.novak.2128@example.com,Canada,2020-06-22,Premium,4544.67
2129,Jia Williams,jia.williams.2129@retail.dev,France,2025-06-29,Standard,4755.33
2130,Wei Williams,wei.williams.2130@shopmail.test,Singapore,2025-03-26,Basic,11320.84
2131,Maya Lopez,maya.lopez.2131@retail.dev,Brazil,2022-10-26,Standard,4906.95
2132,Arjun Patel,arjun.patel.2132@shopmail.test,United Kingdom,2022-04-27,Premium,11936.71
2133,Noah Ivanov,noah.ivanov.2133@shopmail.test,Brazil,2024-04-16,Standard,4499.14
2134,Diego Anderson,diego.anderson.2134@example.com,Brazil,2022-06-01,Standard,7670.48
2135,Viktor Ali,viktor.ali.2135@example.com,India,2021-07-26,Standard,3641.12
2136,Aarav Muller,aarav.muller.2136@retail.dev,Brazil,2024-12-03,Standard,4805.89
2137,Hiro Khan,hiro.khan.2137@example.com,India,2025-03-12,Premium,11516.43
2138,Wei Kim,wei.kim.2138@shopmail.test,France,2023-04-25,Standard,4222.90
2139,Amelia Novak,amelia.novak.2139@shopmail.test,United States,2023-04-19,Standard,6162.92
2140,Yara Okafor,yara.okafor.2140@retail.dev,India,2020-10-04,Standard,2341.91
2141,Aarav Kim,aarav.kim.2141@example.com,United States,2021-08-20,Basic,6750.04
2142,Liam Khan,liam.khan.2142@shopmail.test,Singapore,2025-11-04,Standard,5394.09
2143,Jia Singh,jia.singh.2143@retail.dev,Singapore,2023-08-30,Standard,634.72
2144,Anika Mensah,anika.mensah.2144@retail.dev,Japan,2025-06-19,Standard,6179.81
2145,Rosa Ali,rosa.ali.2145@shopmail.test,Australia,2025-09-03,Premium,11618.35
2146,Priya Mensah,priya.mensah.2146@example.com,United Kingdom,2022-12-30,Premium,9151.25
2147,Noah Lopez,noah.lopez.2147@shopmail.test,United States,2023-02-03,Standard,526.65
2148,Zane Silva,zane.silva.2148@example.com,France,2022-03-07,Standard,2344.13
2149,Lucia Ali,lucia.ali.2149@example.com,India,2022-11-11,Basic,2547.13
2150,Viktor Patel,viktor.patel.2150@example.com,Brazil,2022-12-23,Basic,9449.47
2151,Yara Nguyen,yara.nguyen.2151@shopmail.test,Singapore,2025-07-14,Premium,8041.27
2152,Rosa Singh,rosa.singh.2152@retail.dev,Japan,2025-04-04,Basic,3115.55
2153,Wei Brown,wei.brown.2153@retail.dev,Singapore,2023-08-30,Standard,8021.33
2154,Liam Sato,liam.sato.2154@example.com,France,2026-08-29,Basic,2962.43
2155,Keiko Sato,keiko.sato.2155@retail.dev,France,2023-09-06,Basic,3624.31
2156,Aisha Ali,aisha.ali.2156@example.com,Japan,2023-05-15,Basic,3110.27
2157,Elena Muller,elena.muller.2157@example.com,Japan,2022-10-15,Standard,1860.27
2158,Liam Singh,liam.singh.2158@shopmail.test,Canada,2024-08-17,Basic,5046.02
2159,Amelia Muller,amelia.muller.2159@retail.dev,United Kingdom,2021-10-27,Standard,11383.19
2160,Sofia Brown,sofia.brown.2160@example.com,France,2020-08-21,Standard,9785.35
2161,Keiko Anderson,keiko.anderson.2161@example.com,Brazil,2023-09-29,Basic,1440.76
2162,Wei Okafor,wei.okafor.2162@example.com,Canada,2024-06-11,Standard,4878.68
2163,Elena Novak,elena.novak.2163@retail.dev,France,2021-11-06,Standard,7185.84
2164,Viktor Garcia,viktor.garcia.2164@example.com,India,2021-02-16,Premium,9559.43
2165,Lucia Ivanov,lucia.ivanov.2165@retail.dev,India,2025-07-10,Basic,11214.13
2166,Aisha Anderson,aisha.anderson.2166@shopmail.test,Australia,2025-04-14,Standard,1623.46
2167,Priya Ali,priya.ali.2167@shopmail.test,United Kingdom,2020-12-24,Premium,10717.23
2168,Aisha Ali,aisha.ali.2168@example.com,India,2020-12-03,Basic,7382.00
2169,Wei Lopez,wei.lopez.2169@retail.dev,Japan,2025-07-01,Premium,7130.61
2170,Amelia Novak,amelia.novak.2170@shopmail.test,India,2023-03-11,Premium,5561.48
2171,Omar Williams,omar.williams.2171@shopmail.test,United States,2021-01-28,Standard,2704.91
2172,Imani Brown,imani.brown.2172@shopmail.test,Japan,2021-10-28,Standard,9727.99
2173,Grace Costa,grace.costa.2173@shopmail.test,Australia,2024-06-30,Standard,11167.70
2174,Diego Muller,diego.muller.2174@example.com,United States,2025-03-04,Premium,1883.75
2175,Maya Kim,maya.kim.2175@example.com,United Kingdom,2021-08-27,Premium,5400.82
2176,Grace Brown,grace.brown.2176@shopmail.test,France,2023-08-03,Standard,8630.72
2177,Anika Chen,anika.chen.2177@shopmail.test,United States,2026-08-04,Standard,8516.60
2178,Hiro Nguyen,hiro.nguyen.2178@example.com,Canada,2024-05-19,Standard,816.01
2179,Imani Nguyen,imani.nguyen.2179@retail.dev,Australia,2025-07-31,Standard,11599.47
2180,Jia Silva,jia.silva.2180@retail.dev,Australia,2023-09-01,Basic,8495.93
2181,Zane Ali,zane.ali.2181@shopmail.test,France,2022-01-23,Premium,9403.90
2182,Amelia Okafor,amelia.okafor.2182@example.com,Japan,2023-10-02,Premium,10613.52
2183,Noah Okafor,noah.okafor.2183@shopmail.test,United States,2023-02-12,Basic,8656.39
2184,Sofia Anderson,sofia.anderson.2184@shopmail.test,Australia,2024-01-17,Basic,9607.50
2185,Aarav Kim,aarav.kim.2185@example.com,Germany,2025-05-31,Basic,11632.06
2186,Arjun Brown,arjun.brown.2186@retail.dev,Singapore,2025-08-30,Standard,4703.52
2187,Noah Novak,noah.novak.2187@example.com,Brazil,2022-03-16,Standard,11399.06
2188,Zane Ali,zane.ali.2188@shopmail.test,United States,2026-02-19,Standard,11961.56
2189,Grace Brown,grace.brown.2189@example.com,Brazil,2020-03-14,Standard,7533.84
2190,Uma Ivanov,uma.ivanov.2190@example.com,Australia,2025-03-13,Basic,7314.91
2191,Uma Ali,uma.ali.2191@retail.dev,United States,2022-07-01,Standard,3620.88
2192,Uma Muller,uma.muller.2192@retail.dev,Germany,2026-07-01,Standard,3202.76
2193,Aisha Muller,aisha.muller.2193@example.com,United Kingdom,2025-01-14,Standard,51.95
2194,Tara Sato,tara.sato.2194@shopmail.test,United States,2026-01-01,Basic,6569.89
2195,Liam Costa,liam.costa.2195@retail.dev,Japan,2020-07-28,Standard,6972.61
2196,Grace Kim,grace.kim.2196@retail.dev,Australia,2022-08-19,Basic,4683.59
2197,Chen Chen,chen.chen.2197@shopmail.test,Germany,2022-03-31,Premium,5168.27
2198,Zane Okafor,zane.okafor.2198@retail.dev,Canada,2020-03-25,Premium,11174.71
2199,Chen Costa,chen.costa.2199@example.com,India,2022-11-19,Standard,10873.81
2200,Hiro Kim,hiro.kim.2200@retail.dev,United Kingdom,2023-03-28,Standard,6519.28
2201,Amelia Silva,amelia.silva.2201@example.com,United Kingdom,2021-05-12,Basic,64.86
2202,Sofia Sato,sofia.sato.2202@example.com,Japan,2022-01-03,Premium,5429.22
2203,Sofia Chen,sofia.chen.2203@retail.dev,Canada,2025-03-20,Standard,5787.87
2204,Tara Garcia,tara.garcia.2204@shopmail.test,Germany,2023-12-30,Basic,4255.05
2205,Lucia Sato,lucia.sato.2205@example.com,United Kingdom,2020-03-15,Basic,7453.60
2206,Chen Silva,chen.silva.2206@retail.dev,Germany,2023-11-02,Standard,9787.23
2207,Keiko Singh,keiko.singh.2207@shopmail.test,United Kingdom,2020-05-02,Standard,4686.61
2208,Tara Williams,tara.williams.2208@retail.dev,Brazil,2024-07-06,Standard,2301.97
2209,Sofia Ali,sofia.ali.2209@retail.dev,Brazil,2020-10-01,Basic,8942.20
2210,Lucia Mensah,lucia.mensah.2210@example.com,United States,2024-05-05,Standard,4442.23
2211,Jia Khan,jia.khan.2211@retail.dev,Australia,2020-01-16,Standard,230.03
2212,Omar Brown,omar.brown.2212@shopmail.test,Brazil,2024-08-29,Basic,114.07
2213,Amelia Silva,amelia.silva.2213@example.com,Singapore,2021-01-28,Standard,6747.91
2214,Arjun Okafor,arjun.okafor.2214@shopmail.test,United Kingdom,2025-07-17,Standard,6630.46
2215,Noah Patel,noah.patel.2215@shopmail.test,Canada,2023-07-22,Standard,6456.55
2216,Aisha Kim,aisha.kim.2216@example.com,Canada,2020-08-12,Basic,7986.26
2217,Uma Lopez,uma.lopez.2217@example.com,Japan,2021-09-18,Standard,10200.60
2218,Hiro Garcia,hiro.garcia.2218@example.com,United States,2025-08-02,Standard,3615.35
2219,Grace Brown,grace.brown.2219@retail.dev,Singapore,2022-01-26,Basic,10437.32
2220,Noah Kim,noah.kim.2220@shopmail.test,Australia,2024-01-24,Premium,11696.30
2221,Wei Kim,wei.kim.2221@example.com,Germany,2022-01-18,Standard,6997.18
2222,Aisha Sato,aisha.sato.2222@retail.dev,United Kingdom,2023-06-29,Basic,6613.75
2223,Tara Chen,tara.chen.2223@retail.dev,Canada,2026-06-22,Basic,6564.12
2224,Anika Lopez,anika.lopez.2224@example.com,Australia,2020-06-15,Standard,10538.62
2225,Fatima Patel,fatima.patel.2225@retail.dev,United States,2021-07-14,Premium,11389.08
2226,Anika Okafor,anika.okafor.2226@retail.dev,United Kingdom,2020-06-23,Standard,4349.51
2227,Fatima Nguyen,fatima.nguyen.2227@example.com,United Kingdom,2026-08-17,Basic,10742.92
2228,Hassan Nguyen,hassan.nguyen.2228@example.com,United States,2022-01-28,Standard,6838.96
2229,Keiko Khan,keiko.khan.2229@retail.dev,Japan,2021-06-02,Standard,11488.57
2230,Elena Ivanov,elena.ivanov.2230@retail.dev,Germany,2020-01-22,Standard,10504.00
2231,Keiko Chen,keiko.chen.2231@retail.dev,France,2022-09-01,Premium,2551.82
2232,Diego Williams,diego.williams.2232@retail.dev,France,2023-04-13,Standard,4869.13
2233,Yara Ali,yara.ali.2233@example.com,France,2023-03-24,Standard,7406.21
2234,Fatima Novak,fatima.novak.2234@retail.dev,Germany,2025-07-31,Premium,1397.46
2235,Rosa Sato,rosa.sato.2235@retail.dev,United Kingdom,2021-06-09,Standard,9777.99
2236,Zane Muller,zane.muller.2236@example.com,United States,2021-06-26,Basic,2789.50
2237,Rosa Garcia,rosa.garcia.2237@example.com,Singapore,2024-06-04,Premium,2637.17
2238,Aarav Khan,aarav.khan.2238@example.com,Australia,2021-03-29,Basic,189.78
2239,Diego Mensah,diego.mensah.2239@example.com,Australia,2021-08-14,Premium,7784.36
2240,Hassan Ivanov,hassan.ivanov.2240@shopmail.test,Germany,2024-03-31,Standard,8171.77
2241,Viktor Silva,viktor.silva.2241@retail.dev,Germany,2022-04-26,Standard,2276.31
2242,Keiko Okafor,keiko.okafor.2242@shopmail.test,Brazil,2023-01-26,Standard,3044.03
2243,Chen Patel,chen.patel.2243@example.com,France,2020-09-01,Basic,6303.28
2244,Anika Costa,anika.costa.2244@example.com,Brazil,2021-07-30,Standard,2145.29
2245,Tara Williams,tara.williams.2245@retail.dev,Germany,2020-09-24,Standard,4190.42
2246,Jia Khan,jia.khan.2246@shopmail.test,India,2023-02-02,Basic,11563.01
2247,Keiko Muller,keiko.muller.2247@example.com,Brazil,2024-11-29,Basic,230.32
2248,Imani Muller,imani.muller.2248@example.com,Canada,2026-03-09,Standard,11209.37
2249,Rosa Singh,rosa.singh.2249@retail.dev,Japan,2025-11-08,Standard,1208.54
2250,Tara Costa,tara.costa.2250@example.com,Germany,2024-07-11,Premium,6816.69
2251,Wei Costa,wei.costa.2251@retail.dev,Japan,2022-10-29,Basic,9098.90
2252,Viktor Novak,viktor.novak.2252@example.com,Brazil,2026-06-10,Basic,6370.78
2253,Liam Anderson,liam.anderson.2253@retail.dev,Japan,2021-09-02,Basic,3945.34
2254,James Ali,james.ali.2254@example.com,Canada,2023-10-29,Premium,2341.19
2255,Rosa Ivanov,rosa.ivanov.2255@example.com,France,2022-10-25,Standard,3281.50
2256,Priya Novak,priya.novak.2256@shopmail.test,Singapore,2026-05-04,Standard,1175.68
2257,Diego Muller,diego.muller.2257@shopmail.test,Germany,2023-08-23,Premium,4050.37
2258,Lucia Brown,lucia.brown.2258@example.com,United Kingdom,2025-07-12,Standard,11491.08
2259,Anika Ali,anika.ali.2259@example.com,Brazil,2021-07-15,Standard,10401.95
2260,James Chen,james.chen.2260@retail.dev,Brazil,2020-10-24,Premium,11877.55
2261,Quinn Silva,quinn.silva.2261@example.com,United States,2022-06-23,Basic,2641.18
2262,Fatima Anderson,fatima.anderson.2262@retail.dev,Singapore,2026-08-03,Standard,11896.00
2263,Wei Mensah,wei.mensah.2263@retail.dev,United Kingdom,2022-05-06,Premium,11084.72
2264,Amelia Sato,amelia.sato.2264@example.com,United States,2026-01-08,Basic,11260.80
2265,Keiko Sato,keiko.sato.2265@retail.dev,United States,2026-01-25,Standard,9093.98
2266,Yara Okafor,yara.okafor.2266@example.com,United Kingdom,2022-06-05,Basic,10652.43
2267,Liam Ali,liam.ali.2267@shopmail.test,Australia,2022-07-28,Basic,3350.10
2268,Yara Singh,yara.singh.2268@retail.dev,United Kingdom,2025-01-26,Standard,1992.42
2269,Omar Ali,omar.ali.2269@example.com,Germany,2020-03-28,Standard,2330.72
2270,Rosa Patel,rosa.patel.2270@example.com,Canada,2022-01-04,Standard,2528.62
2271,Jia Patel,jia.patel.2271@example.com,Germany,2025-01-15,Standard,1635.82
2272,Hiro Costa,hiro.costa.2272@example.com,Brazil,2024-11-03,Standard,782.63
2273,Imani Anderson,imani.anderson.2273@retail.dev,France,2021-12-02,Standard,6408.03
2274,Anika Garcia,anika.garcia.2274@example.com,France,2021-10-07,Standard,1866.03
2275,Elena Nguyen,elena.nguyen.2275@retail.dev,Japan,2022-12-26,Basic,8571.82
2276,Zane Ali,zane.ali.2276@example.com,Singapore,2026-07-26,Basic,10639.50
2277,Lucia Ali,lucia.ali.2277@retail.dev,Brazil,2022-06-02,Basic,5113.01
2278,Fatima Brown,fatima.brown.2278@example.com,Germany,2022-12-01,Standard,11116.40
2279,Imani Costa,imani.costa.2279@example.com,Singapore,2024-03-18,Basic,5591.80
2280,Anika Silva,anika.silva.2280@example.com,Japan,2020-08-08,Standard,8410.73
2281,Keiko Lopez,keiko.lopez.2281@example.com,Japan,2026-07-06,Basic,9805.03
2282,Chen Chen,chen.chen.2282@example.com,Japan,2022-08-07,Basic,2904.78
2283,Viktor Novak,viktor.novak.2283@retail.dev,United Kingdom,2026-02-04,Basic,2916.90
2284,Hassan Williams,hassan.williams.2284@retail.dev,India,2026-01-10,Premium,3152.15
2285,Uma Nguyen,uma.nguyen.2285@example.com,India,2020-06-29,Standard,10206.68
2286,Tara Muller,tara.muller.2286@example.com,France,2021-01-01,Standard,7507.46
2287,Rosa Chen,rosa.chen.2287@example.com,Canada,2020-11-24,Basic,3879.06
2288,Viktor Brown,viktor.brown.2288@example.com,United States,2020-05-02,Premium,163.07
2289,Viktor Anderson,viktor.anderson.2289@retail.dev,Singapore,2020-12-08,Standard,9096.76
2290,Amelia Garcia,amelia.garcia.2290@shopmail.test,Japan,2022-02-18,Standard,9669.34
2291,Omar Singh,omar.singh.2291@retail.dev,United States,2020-08-22,Basic,8987.95
2292,Rosa Silva,rosa.silva.2292@retail.dev,Canada,2023-12-18,Standard,8074.34
2293,Sofia Costa,sofia.costa.2293@example.com,Singapore,2022-12-04,Standard,6560.66
2294,Priya Ali,priya.ali.2294@example.com,India,2026-01-20,Standard,5906.39
2295,Chen Costa,chen.costa.2295@shopmail.test,Brazil,2025-08-15,Standard,533.46
2296,Aisha Williams,aisha.williams.2296@example.com,United States,2024-11-15,Standard,553.65
2297,Priya Sato,priya.sato.2297@example.com,Australia,2022-10-03,Standard,7649.10
2298,Rosa Williams,rosa.williams.2298@retail.dev,United Kingdom,2023-01-31,Standard,4877.07
2299,Elena Ivanov,elena.ivanov.2299@shopmail.test,Australia,2021-09-03,Basic,6152.40
2300,Priya Patel,priya.patel.2300@retail.dev,France,2024-02-08,Standard,2063.57
2301,Rosa Patel,rosa.patel.2301@example.com,France,2026-03-13,Basic,7509.58
2302,Diego Muller,diego.muller.2302@shopmail.test,Singapore,2024-08-07,Standard,7380.15
2303,Hiro Anderson,hiro.anderson.2303@shopmail.test,United States,2025-11-23,Standard,797.56
2304,Yara Kim,yara.kim.2304@retail.dev,Japan,2024-05-23,Standard,6354.70
2305,Rosa Anderson,rosa.anderson.2305@retail.dev,India,2022-12-07,Standard,3122.47
2306,Lucia Okafor,lucia.okafor.2306@example.com,France,2025-08-03,Basic,3006.96
2307,Quinn Khan,quinn.khan.2307@example.com,India,2025-12-04,Standard,4811.51
2308,Priya Garcia,priya.garcia.2308@shopmail.test,India,2021-08-02,Standard,7438.42
2309,Liam Ali,liam.ali.2309@example.com,France,2023-06-13,Standard,1924.15
2310,Sofia Silva,sofia.silva.2310@shopmail.test,Germany,2024-02-17,Basic,10144.35
2311,Anika Costa,anika.costa.2311@shopmail.test,Canada,2022-10-28,Premium,10484.49
2312,Zane Lopez,zane.lopez.2312@shopmail.test,United States,2021-10-03,Standard,9009.76
2313,Chen Lopez,chen.lopez.2313@retail.dev,India,2022-07-27,Basic,4444.35
2314,Grace Khan,grace.khan.2314@shopmail.test,France,2020-04-05,Standard,5651.24
2315,Tara Sato,tara.sato.2315@retail.dev,Japan,2023-04-05,Standard,11520.66
2316,Yara Anderson,yara.anderson.2316@retail.dev,Japan,2022-07-14,Basic,4436.25
2317,Liam Nguyen,liam.nguyen.2317@shopmail.test,Singapore,2023-02-02,Standard,11670.40
2318,Uma Patel,uma.patel.2318@example.com,Canada,2023-10-24,Premium,8249.76
2319,Elena Khan,elena.khan.2319@shopmail.test,Germany,2022-06-04,Standard,9186.43
2320,Uma Williams,uma.williams.2320@example.com,France,2022-11-21,Standard,10604.68
2321,Rosa Muller,rosa.muller.2321@retail.dev,Singapore,2021-08-02,Basic,1103.44
2322,Jia Williams,jia.williams.2322@retail.dev,United States,2025-03-25,Basic,9453.79
2323,Noah Khan,noah.khan.2323@example.com,Brazil,2022-09-14,Standard,7579.71
2324,Diego Silva,diego.silva.2324@example.com,France,2024-07-16,Standard,11993.34
2325,Viktor Patel,viktor.patel.2325@retail.dev,Japan,2020-11-10,Basic,11019.61
2326,Keiko Brown,keiko.brown.2326@shopmail.test,Japan,2024-05-13,Premium,11529.86
2327,Rosa Williams,rosa.williams.2327@example.com,United States,2020-02-04,Premium,2238.33
2328,Maya Kim,maya.kim.2328@example.com,Singapore,2023-10-02,Basic,1366.38
2329,Liam Anderson,liam.anderson.2329@retail.dev,Brazil,2022-09-28,Standard,4022.88
2330,Fatima Costa,fatima.costa.2330@shopmail.test,United States,2026-09-07,Premium,8704.21
2331,Wei Novak,wei.novak.2331@shopmail.test,India,2022-05-25,Standard,7326.67
2332,Wei Patel,wei.patel.2332@example.com,Japan,2020-11-08,Standard,874.18
2333,Omar Ali,omar.ali.2333@example.com,France,2023-03-20,Premium,3524.62
2334,Liam Okafor,liam.okafor.2334@shopmail.test,Germany,2023-11-05,Basic,7049.02
2335,Chen Nguyen,chen.nguyen.2335@example.com,Germany,2022-06-02,Standard,6082.58
2336,Jia Sato,jia.sato.2336@shopmail.test,United States,2023-10-04,Standard,944.02
2337,Quinn Costa,quinn.costa.2337@retail.dev,United States,2021-06-16,Standard,4901.79
2338,Uma Singh,uma.singh.2338@shopmail.test,France,2020-03-28,Basic,4066.46
2339,James Ivanov,james.ivanov.2339@retail.dev,India,2020-07-08,Standard,1174.42
2340,James Anderson,james.anderson.2340@example.com,Japan,2020-06-21,Basic,10501.08
2341,Wei Khan,wei.khan.2341@example.com,United States,2024-01-19,Standard,10617.36
2342,Imani Silva,imani.silva.2342@example.com,United Kingdom,2025-02-09,Premium,11285.20
2343,Zane Nguyen,zane.nguyen.2343@example.com,France,2022-06-14,Standard,4102.89
2344,Liam Chen,liam.chen.2344@retail.dev,Brazil,2022-01-21,Standard,1327.56
2345,James Chen,james.chen.2345@shopmail.test,Canada,2021-08-07,Standard,11807.44
2346,Rosa Patel,rosa.patel.2346@example.com,Japan,2021-04-19,Standard,10758.92
2347,Jia Khan,jia.khan.2347@retail.dev,Japan,2023-11-04,Standard,5735.72
2348,Rosa Williams,rosa.williams.2348@retail.dev,Australia,2021-07-13,Standard,2563.23
2349,Noah Kim,noah.kim.2349@retail.dev,United States,2020-08-06,Premium,4462.49
2350,Noah Patel,noah.patel.2350@retail.dev,United Kingdom,2025-09-09,Standard,6784.43
2351,Tara Costa,tara.costa.2351@retail.dev,Brazil,2023-03-16,Standard,11221.17
2352,Fatima Ali,fatima.ali.2352@retail.dev,Singapore,2021-11-09,Standard,7184.26
2353,Zane Ivanov,zane.ivanov.2353@retail.dev,Canada,2026-06-03,Basic,10438.22
2354,Uma Chen,uma.chen.2354@example.com,Japan,2025-02-11,Premium,6278.49
2355,Tara Singh,tara.singh.2355@example.com,India,2026-06-30,Standard,11424.42
2356,Hassan Ali,hassan.ali.2356@shopmail.test,Singapore,2021-02-25,Standard,9273.29
2357,Noah Khan,noah.khan.2357@example.com,Canada,2021-12-18,Basic,1322.55
2358,Sofia Silva,sofia.silva.2358@example.com,France,2024-10-26,Standard,6729.19
2359,Noah Anderson,noah.anderson.2359@example.com,Brazil,2026-04-04,Standard,4790.98
2360,Sofia Ivanov,sofia.ivanov.2360@example.com,Canada,2020-05-05,Standard,2107.63
2361,Lucia Muller,lucia.muller.2361@retail.dev,Singapore,2025-10-30,Standard,3926.19
2362,Yara Singh,yara.singh.2362@retail.dev,Japan,2022-09-26,Basic,6254.50
2363,Sofia Anderson,sofia.anderson.2363@shopmail.test,United Kingdom,2023-03-12,Basic,10769.58
2364,Arjun Ali,arjun.ali.2364@example.com,France,2024-11-13,Standard,6602.30
2365,Maya Singh,maya.singh.2365@shopmail.test,United Kingdom,2026-02-08,Standard,5223.89
2366,Tara Chen,tara.chen.2366@retail.dev,United Kingdom,2024-04-15,Standard,4152.99
2367,Yara Khan,yara.khan.2367@example.com,India,2020-03-02,Standard,9709.69
2368,Sofia Khan,sofia.khan.2368@example.com,Canada,2025-12-04,Standard,4058.81
2369,Uma Khan,uma.khan.2369@retail.dev,Canada,2022-12-29,Standard,1808.70
2370,Viktor Williams,viktor.williams.2370@example.com,India,2023-01-18,Standard,510.73
2371,Keiko Muller,keiko.muller.2371@shopmail.test,Singapore,2020-01-05,Premium,10230.19
2372,Imani Lopez,imani.lopez.2372@shopmail.test,Japan,2020-09-13,Basic,1423.49
2373,Diego Garcia,diego.garcia.2373@shopmail.test,United States,2020-11-28,Standard,9776.41
2374,Aisha Garcia,aisha.garcia.2374@shopmail.test,United Kingdom,2024-03-16,Standard,7354.51
2375,Grace Novak,grace.novak.2375@shopmail.test,France,2020-10-26,Basic,3873.68
2376,Sofia Nguyen,sofia.nguyen.2376@shopmail.test,France,2025-11-07,Standard,6999.99
2377,Omar Silva,omar.silva.2377@shopmail.test,Canada,2020-07-25,Basic,2665.62
2378,Aarav Okafor,aarav.okafor.2378@example.com,United States,2024-12-09,Standard,3395.97
2379,Quinn Mensah,quinn.mensah.2379@shopmail.test,India,2021-07-26,Basic,9161.52
2380,Noah Silva,noah.silva.2380@retail.dev,Brazil,2023-11-12,Premium,9589.04
2381,Rosa Okafor,rosa.okafor.2381@retail.dev,Singapore,2024-04-23,Basic,11784.24
2382,Amelia Sato,amelia.sato.2382@retail.dev,Canada,2020-04-03,Standard,6299.68
2383,Amelia Khan,amelia.khan.2383@example.com,Australia,2022-03-23,Standard,2804.55
2384,Hiro Nguyen,hiro.nguyen.2384@example.com,Brazil,2022-04-09,Standard,11533.15
2385,Lucia Garcia,lucia.garcia.2385@example.com,United Kingdom,2025-03-16,Premium,10198.31
2386,Amelia Novak,amelia.novak.2386@shopmail.test,Germany,2021-10-31,Premium,1373.62
2387,Uma Williams,uma.williams.2387@retail.dev,Australia,2023-07-25,Premium,5961.58
2388,Imani Kim,imani.kim.2388@retail.dev,Japan,2022-02-18,Standard,915.17
2389,Grace Costa,grace.costa.2389@example.com,Singapore,2022-12-19,Standard,8718.69
2390,Hassan Patel,hassan.patel.2390@example.com,United Kingdom,2021-07-30,Basic,3545.85
2391,James Sato,james.sato.2391@example.com,Canada,2023-03-12,Basic,2857.18
2392,Uma Kim,uma.kim.2392@example.com,Brazil,2024-06-19,Standard,1321.68
2393,Rosa Okafor,rosa.okafor.2393@example.com,India,2025-10-03,Standard,2260.11
2394,Omar Garcia,omar.garcia.2394@example.com,United Kingdom,2025-07-06,Basic,7078.19
2395,Omar Khan,omar.khan.2395@example.com,Singapore,2022-12-05,Standard,11684.80
2396,Lucia Brown,lucia.brown.2396@shopmail.test,Germany,2025-07-05,Basic,8249.18
2397,Sofia Ivanov,sofia.ivanov.2397@example.com,Japan,2022-08-06,Basic,6483.83
2398,Chen Chen,chen.chen.2398@retail.dev,Brazil,2023-07-28,Standard,4078.19
2399,Zane Anderson,zane.anderson.2399@retail.dev,France,2025-07-11,Basic,7073.62
2400,Imani Kim,imani.kim.2400@shopmail.test,Germany,2025-01-31,Standard,756.54
2401,Wei Lopez,wei.lopez.2401@example.com,Australia,2025-10-23,Basic,1779.87
2402,Sofia Anderson,sofia.anderson.2402@example.com,India,2024-03-20,Standard,1035.12
2403,Elena Singh,elena.singh.2403@shopmail.test,Australia,2023-09-05,Standard,1057.11
2404,Aarav Brown,aarav.brown.2404@retail.dev,Canada,2026-01-17,Basic,11246.28
2405,Imani Ali,imani.ali.2405@example.com,United Kingdom,2021-09-07,Basic,6285.98
2406,Maya Silva,maya.silva.2406@retail.dev,United States,2023-09-02,Standard,11627.78
2407,Lucia Ali,lucia.ali.2407@shopmail.test,Singapore,2025-12-28,Basic,3240.50
2408,Noah Chen,noah.chen.2408@example.com,India,2023-03-28,Basic,10420.23
2409,Wei Patel,wei.patel.2409@retail.dev,Germany,2023-09-17,Basic,11418.01
2410,Priya Chen,priya.chen.2410@retail.dev,Canada,2024-11-09,Basic,7188.72
2411,Liam Costa,liam.costa.2411@retail.dev,Singapore,2021-06-16,Standard,7277.03
2412,Liam Chen,liam.chen.2412@shopmail.test,Japan,2020-09-27,Standard,3420.70
2413,Liam Mensah,liam.mensah.2413@shopmail.test,India,2020-05-26,Standard,5310.83
2414,Elena Chen,elena.chen.2414@retail.dev,India,2024-07-03,Standard,5744.28
2415,Aarav Novak,aarav.novak.2415@retail.dev,United Kingdom,2025-01-25,Standard,9368.47
2416,Rosa Mensah,rosa.mensah.2416@retail.dev,India,2025-07-20,Standard,5922.34
2417,Viktor Novak,viktor.novak.2417@retail.dev,India,2026-06-11,Basic,6082.02
2418,Uma Silva,uma.silva.2418@retail.dev,United States,2023-08-04,Standard,2373.94
2419,Tara Chen,tara.chen.2419@retail.dev,India,2023-07-27,Standard,32.84
2420,Priya Muller,priya.muller.2420@example.com,Australia,2024-02-19,Premium,3250.19
2421,Sofia Lopez,sofia.lopez.2421@shopmail.test,Singapore,2024-04-09,Basic,3999.23
2422,Aisha Anderson,aisha.anderson.2422@example.com,Australia,2021-05-26,Standard,10799.71
2423,Viktor Singh,viktor.singh.2423@shopmail.test,Brazil,2023-01-04,Standard,11212.41
2424,Maya Lopez,maya.lopez.2424@retail.dev,Canada,2022-03-14,Premium,9921.96
2425,Chen Muller,chen.muller.2425@shopmail.test,France,2021-06-29,Standard,8878.84
2426,Uma Muller,uma.muller.2426@retail.dev,United Kingdom,2022-03-07,Standard,10820.68
2427,Hassan Lopez,hassan.lopez.2427@shopmail.test,India,2021-11-04,Standard,8221.52
2428,Lucia Brown,lucia.brown.2428@shopmail.test,India,2025-06-02,Standard,11341.67
2429,Zane Ali,zane.ali.2429@retail.dev,Germany,2021-12-04,Standard,7079.76
2430,Hassan Williams,hassan.williams.2430@retail.dev,United Kingdom,2024-02-24,Premium,10328.89
2431,Lucia Lopez,lucia.lopez.2431@shopmail.test,Japan,2024-02-21,Standard,11420.75
2432,Fatima Lopez,fatima.lopez.2432@shopmail.test,Canada,2026-04-07,Standard,7328.36
2433,Uma Sato,uma.sato.2433@retail.dev,United Kingdom,2022-07-07,Premium,3696.77
2434,Wei Williams,wei.williams.2434@shopmail.test,Singapore,2026-06-21,Premium,9992.96
2435,Keiko Nguyen,keiko.nguyen.2435@shopmail.test,Singapore,2020-07-11,Standard,10000.47
2436,Elena Sato,elena.sato.2436@shopmail.test,Canada,2020-06-03,Premium,4386.58
2437,Amelia Brown,amelia.brown.2437@shopmail.test,Germany,2023-04-17,Standard,3938.04
2438,Anika Khan,anika.khan.2438@shopmail.test,Brazil,2021-12-11,Standard,10636.03
2439,Rosa Williams,rosa.williams.2439@shopmail.test,United States,2021-02-02,Standard,5129.34
2440,Aarav Novak,aarav.novak.2440@retail.dev,United Kingdom,2022-12-24,Basic,1817.50
2441,Grace Garcia,grace.garcia.2441@shopmail.test,Singapore,2020-05-24,Basic,2148.46
2442,Liam Kim,liam.kim.2442@retail.dev,India,2026-08-20,Standard,6748.79
2443,Sofia Okafor,sofia.okafor.2443@retail.dev,Japan,2020-01-28,Standard,1579.07
2444,Lucia Singh,lucia.singh.2444@shopmail.test,Japan,2024-07-05,Standard,1663.78
2445,Tara Ivanov,tara.ivanov.2445@retail.dev,Japan,2024-08-31,Premium,3910.35
2446,James Mensah,james.mensah.2446@example.com,India,2026-01-16,Standard,3601.34
2447,Keiko Brown,keiko.brown.2447@retail.dev,Canada,2025-09-20,Standard,8896.10
2448,Lucia Brown,lucia.brown.2448@shopmail.test,Singapore,2026-08-06,Standard,4380.42
2449,Grace Nguyen,grace.nguyen.2449@example.com,United Kingdom,2025-08-18,Premium,11497.11
2450,Tara Ivanov,tara.ivanov.2450@example.com,United States,2023-09-23,Premium,11192.58
2451,Aisha Silva,aisha.silva.2451@retail.dev,Germany,2023-06-10,Standard,2774.14
2452,Amelia Muller,amelia.muller.2452@example.com,Australia,2021-06-21,Standard,9914.16
2453,Viktor Brown,viktor.brown.2453@shopmail.test,United States,2020-10-10,Standard,3904.62
2454,Liam Khan,liam.khan.2454@example.com,Canada,2024-10-09,Standard,2206.23
2455,Grace Costa,grace.costa.2455@retail.dev,Singapore,2025-10-30,Standard,4612.23
2456,Quinn Okafor,quinn.okafor.2456@example.com,France,2021-08-13,Standard,10207.85
2457,Jia Mensah,jia.mensah.2457@example.com,India,2023-04-13,Standard,1817.71
2458,Hiro Williams,hiro.williams.2458@example.com,Japan,2021-11-17,Basic,3472.76
2459,Diego Nguyen,diego.nguyen.2459@example.com,Germany,2026-02-03,Basic,1292.69
2460,Uma Garcia,uma.garcia.2460@retail.dev,United States,2021-06-01,Standard,1739.97
2461,Omar Costa,omar.costa.2461@example.com,Japan,2021-01-14,Premium,8866.10
2462,Elena Ivanov,elena.ivanov.2462@retail.dev,Brazil,2022-12-10,Standard,2467.39
2463,Hiro Anderson,hiro.anderson.2463@retail.dev,United Kingdom,2025-12-21,Standard,5673.14
2464,Priya Mensah,priya.mensah.2464@shopmail.test,Brazil,2021-12-25,Basic,10800.72
2465,Hassan Sato,hassan.sato.2465@example.com,France,2024-01-27,Standard,3205.92
2466,Arjun Ali,arjun.ali.2466@retail.dev,Brazil,2020-05-13,Standard,7432.87
2467,Imani Chen,imani.chen.2467@retail.dev,India,2022-09-14,Basic,4725.13
2468,Quinn Mensah,quinn.mensah.2468@shopmail.test,Germany,2021-05-10,Standard,2127.20
2469,Diego Mensah,diego.mensah.2469@example.com,United States,2022-06-08,Basic,7873.37
2470,Hassan Nguyen,hassan.nguyen.2470@retail.dev,Germany,2021-12-07,Standard,11463.43
2471,Rosa Ivanov,rosa.ivanov.2471@shopmail.test,Singapore,2021-12-02,Basic,8800.34
2472,Amelia Costa,amelia.costa.2472@example.com,Australia,2022-08-25,Standard,1747.88
2473,Omar Singh,omar.singh.2473@retail.dev,Germany,2022-09-28,Basic,10272.00
2474,Hassan Chen,hassan.chen.2474@retail.dev,Brazil,2023-06-15,Standard,1487.82
2475,Rosa Okafor,rosa.okafor.2475@example.com,United States,2022-06-15,Standard,4732.15
2476,Maya Brown,maya.brown.2476@shopmail.test,Singapore,2022-12-05,Basic,6941.87
2477,Quinn Kim,quinn.kim.2477@retail.dev,Brazil,2022-01-09,Basic,7253.20
2478,Aarav Nguyen,aarav.nguyen.2478@example.com,Australia,2026-05-27,Standard,861.84
2479,Elena Novak,elena.novak.2479@retail.dev,United Kingdom,2025-04-03,Basic,10930.20
2480,Diego Okafor,diego.okafor.2480@retail.dev,Germany,2023-08-31,Premium,11416.05
2481,Arjun Silva,arjun.silva.2481@example.com,India,2020-04-25,Basic,9039.17
2482,Tara Singh,tara.singh.2482@example.com,Japan,2024-06-14,Basic,8720.16
2483,Diego Nguyen,diego.nguyen.2483@retail.dev,Brazil,2020-06-03,Basic,3202.11
2484,Noah Mensah,noah.mensah.2484@shopmail.test,Australia,2025-10-25,Standard,10366.89
2485,Priya Khan,priya.khan.2485@example.com,Japan,2024-03-04,Standard,4304.44
2486,Imani Patel,imani.patel.2486@shopmail.test,Germany,2020-06-14,Standard,3355.61
2487,Yara Lopez,yara.lopez.2487@retail.dev,Australia,2020-12-01,Basic,10265.85
2488,Anika Mensah,anika.mensah.2488@example.com,Singapore,2020-09-29,Standard,10465.11
2489,Wei Garcia,wei.garcia.2489@example.com,Singapore,2020-04-03,Basic,7723.87
2490,Rosa Singh,rosa.singh.2490@shopmail.test,Japan,2020-04-08,Premium,2406.10
2491,Diego Patel,diego.patel.2491@shopmail.test,United Kingdom,2022-03-15,Basic,6929.18
2492,Diego Ali,diego.ali.2492@example.com,France,2025-08-09,Premium,11609.79
2493,Aisha Silva,aisha.silva.2493@retail.dev,Brazil,2021-09-13,Premium,1909.92
2494,James Mensah,james.mensah.2494@retail.dev,United Kingdom,2021-07-25,Premium,7279.90
2495,Anika Kim,anika.kim.2495@example.com,United States,2024-04-16,Standard,1575.79
2496,Anika Novak,anika.novak.2496@retail.dev,Japan,2020-05-10,Standard,8682.92
2497,Sofia Mensah,sofia.mensah.2497@retail.dev,Germany,2022-10-15,Standard,7485.11
2498,Aisha Costa,aisha.costa.2498@example.com,Japan,2026-05-31,Standard,4578.90
2499,Aarav Nguyen,aarav.nguyen.2499@shopmail.test,Japan,2025-02-08,Standard,7990.10
2500,Anika Silva,anika.silva.2500@example.com,Japan,2023-03-01,Standard,1103.95
2501,Priya Lopez,priya.lopez.2501@example.com,Singapore,2025-11-19,Premium,4062.44
2502,Priya Brown,priya.brown.2502@example.com,United States,2021-07-05,Standard,3458.39
2503,Uma Ali,uma.ali.2503@shopmail.test,France,2022-03-04,Basic,4416.56
2504,Uma Garcia,uma.garcia.2504@retail.dev,Singapore,2020-01-06,Basic,2595.05
2505,Noah Singh,noah.singh.2505@example.com,United Kingdom,2021-06-09,Basic,7011.92
2506,Elena Mensah,elena.mensah.2506@shopmail.test,Japan,2021-04-30,Premium,2309.31
2507,Hassan Chen,hassan.chen.2507@example.com,Germany,2024-02-10,Standard,9156.80
2508,Viktor Anderson,viktor.anderson.2508@example.com,United States,2022-11-28,Basic,10660.03
2509,Arjun Okafor,arjun.okafor.2509@example.com,Brazil,2020-08-08,Standard,4357.83
2510,Elena Chen,elena.chen.2510@retail.dev,United States,2025-07-19,Standard,2017.06
2511,Jia Garcia,jia.garcia.2511@shopmail.test,Germany,2024-11-01,Standard,7099.98
2512,Arjun Silva,arjun.silva.2512@example.com,Australia,2023-02-26,Standard,11343.20
2513,Hassan Sato,hassan.sato.2513@retail.dev,United States,2021-10-11,Basic,8221.27
2514,Elena Costa,elena.costa.2514@retail.dev,Australia,2020-05-12,Standard,1518.22
2515,Yara Lopez,yara.lopez.2515@shopmail.test,Australia,2025-07-26,Standard,9226.74
2516,James Costa,james.costa.2516@shopmail.test,Australia,2020-09-22,Standard,7091.72
2517,Grace Ivanov,grace.ivanov.2517@example.com,India,2021-12-07,Basic,3034.09
2518,Uma Sato,uma.sato.2518@retail.dev,United States,2025-03-06,Standard,1348.96
2519,Sofia Kim,sofia.kim.2519@retail.dev,France,2025-10-07,Premium,2506.45
2520,Lucia Muller,lucia.muller.2520@example.com,Brazil,2021-02-15,Standard,3332.14
2521,Chen Ivanov,chen.ivanov.2521@example.com,Australia,2025-10-15,Premium,182.22
2522,Jia Kim,jia.kim.2522@example.com,Australia,2021-08-29,Standard,10424.48
2523,Quinn Patel,quinn.patel.2523@shopmail.test,Brazil,2025-03-13,Premium,6112.65
2524,Anika Muller,anika.muller.2524@example.com,United States,2020-08-08,Standard,2769.54
2525,Uma Costa,uma.costa.2525@shopmail.test,Canada,2024-01-19,Basic,11447.80
2526,Diego Lopez,diego.lopez.2526@example.com,Singapore,2021-12-17,Premium,2378.73
2527,James Nguyen,james.nguyen.2527@shopmail.test,Brazil,2023-11-30,Standard,6349.26
2528,James Ivanov,james.ivanov.2528@example.com,Japan,2026-09-07,Standard,380.47
2529,Aarav Brown,aarav.brown.2529@example.com,Singapore,2022-03-25,Basic,9648.75
2530,Imani Nguyen,imani.nguyen.2530@shopmail.test,France,2024-12-05,Basic,10064.01
2531,Uma Silva,uma.silva.2531@example.com,India,2020-11-19,Standard,792.29
2532,Quinn Okafor,quinn.okafor.2532@shopmail.test,France,2020-03-18,Premium,11758.38
2533,James Kim,james.kim.2533@example.com,United Kingdom,2023-06-26,Basic,7531.38
2534,Tara Kim,tara.kim.2534@shopmail.test,United Kingdom,2020-07-26,Standard,5840.70
2535,Yara Sato,yara.sato.2535@retail.dev,Germany,2020-06-01,Premium,7869.86
2536,Lucia Chen,lucia.chen.2536@retail.dev,Canada,2020-10-05,Basic,6765.98
2537,Maya Anderson,maya.anderson.2537@example.com,Australia,2023-07-14,Standard,11969.88
2538,Tara Nguyen,tara.nguyen.2538@example.com,Singapore,2020-06-22,Standard,7315.97
2539,Grace Novak,grace.novak.2539@retail.dev,Japan,2025-07-28,Basic,4755.13
2540,Keiko Muller,keiko.muller.2540@retail.dev,United Kingdom,2020-09-23,Standard,7094.05
2541,Uma Ivanov,uma.ivanov.2541@example.com,France,2024-04-14,Standard,9005.13
2542,Yara Lopez,yara.lopez.2542@example.com,Brazil,2021-02-11,Premium,5832.34
2543,Keiko Ali,keiko.ali.2543@shopmail.test,France,2022-12-26,Standard,9975.22
2544,Chen Khan,chen.khan.2544@retail.dev,Singapore,2025-10-12,Standard,7151.58
2545,Yara Kim,yara.kim.2545@shopmail.test,India,2025-01-01,Basic,827.27
2546,Wei Ivanov,wei.ivanov.2546@retail.dev,Brazil,2021-07-25,Premium,5620.54
2547,Uma Chen,uma.chen.2547@example.com,United States,2021-12-03,Premium,4943.63
2548,Omar Sato,omar.sato.2548@retail.dev,United Kingdom,2021-01-24,Basic,10825.69
2549,Elena Singh,elena.singh.2549@retail.dev,Brazil,2026-05-30,Standard,6065.87
2550,Wei Silva,wei.silva.2550@example.com,Japan,2021-04-03,Premium,5347.37
2551,Liam Ali,liam.ali.2551@example.com,Japan,2023-04-01,Basic,6110.90
2552,Yara Lopez,yara.lopez.2552@example.com,Brazil,2022-12-01,Standard,1680.43
2553,Zane Singh,zane.singh.2553@retail.dev,Brazil,2025-11-07,Standard,11127.05
2554,Liam Singh,liam.singh.2554@example.com,United States,2024-11-27,Basic,6480.72
2555,Fatima Chen,fatima.chen.2555@retail.dev,United Kingdom,2020-07-10,Standard,3859.37
2556,Uma Nguyen,uma.nguyen.2556@retail.dev,France,2022-02-12,Standard,1044.41
2557,Amelia Garcia,amelia.garcia.2557@retail.dev,Canada,2021-10-08,Standard,6008.72
2558,Tara Nguyen,tara.nguyen.2558@shopmail.test,France,2024-09-30,Standard,6068.62
2559,Maya Okafor,maya.okafor.2559@example.com,United Kingdom,2020-07-23,Standard,7076.38
2560,Fatima Garcia,fatima.garcia.2560@example.com,Brazil,2026-07-07,Standard,4271.46
2561,Wei Chen,wei.chen.2561@retail.dev,Japan,2022-10-13,Standard,3427.31
2562,Lucia Muller,lucia.muller.2562@shopmail.test,Singapore,2023-09-27,Basic,4264.66
2563,Tara Lopez,tara.lopez.2563@retail.dev,France,2022-01-14,Standard,565.88
2564,Quinn Costa,quinn.costa.2564@shopmail.test,Singapore,2024-03-21,Standard,3002.64
2565,James Anderson,james.anderson.2565@example.com,Brazil,2022-12-24,Standard,3765.91
2566,Aarav Silva,aarav.silva.2566@example.com,Australia,2026-04-16,Standard,4646.57
2567,Maya Muller,maya.muller.2567@example.com,Japan,2024-07-23,Standard,6571.88
2568,Zane Ali,zane.ali.2568@retail.dev,Japan,2022-06-28,Standard,4816.56
2569,Elena Novak,elena.novak.2569@shopmail.test,France,2020-06-17,Basic,1671.08
2570,Keiko Silva,keiko.silva.2570@shopmail.test,United States,2025-11-29,Standard,6919.61
2571,Noah Garcia,noah.garcia.2571@example.com,Singapore,2020-12-31,Standard,2593.06
2572,Wei Muller,wei.muller.2572@retail.dev,India,2024-01-05,Standard,11845.95
2573,Uma Khan,uma.khan.2573@retail.dev,France,2024-07-26,Premium,2579.79
2574,Wei Anderson,wei.anderson.2574@shopmail.test,Australia,2023-10-31,Standard,3002.29
2575,Lucia Williams,lucia.williams.2575@retail.dev,United States,2021-01-21,Standard,9362.61
2576,Yara Nguyen,yara.nguyen.2576@shopmail.test,Brazil,2024-01-15,Basic,3359.04
2577,Arjun Sato,arjun.sato.2577@retail.dev,United States,2021-05-25,Standard,5161.29
2578,Viktor Khan,viktor.khan.2578@shopmail.test,France,2023-03-30,Standard,9457.68
2579,Viktor Garcia,viktor.garcia.2579@retail.dev,United Kingdom,2025-04-09,Basic,5823.77
2580,Sofia Williams,sofia.williams.2580@retail.dev,Japan,2021-06-03,Basic,7144.70
2581,Omar Patel,omar.patel.2581@example.com,France,2026-02-17,Standard,10892.95
2582,Jia Chen,jia.chen.2582@shopmail.test,France,2021-08-18,Premium,978.44
2583,Liam Kim,liam.kim.2583@shopmail.test,France,2022-07-16,Basic,7480.01
2584,Zane Sato,zane.sato.2584@retail.dev,Germany,2026-02-14,Standard,7966.44
2585,Quinn Ali,quinn.ali.2585@shopmail.test,Japan,2024-06-09,Standard,6605.89
2586,Imani Ali,imani.ali.2586@shopmail.test,Australia,2023-07-03,Standard,10404.12
2587,Maya Sato,maya.sato.2587@example.com,Singapore,2023-07-08,Basic,615.37
2588,Arjun Novak,arjun.novak.2588@shopmail.test,Australia,2022-01-09,Premium,8257.25
2589,Elena Lopez,elena.lopez.2589@example.com,France,2020-07-01,Standard,867.84
2590,Priya Patel,priya.patel.2590@retail.dev,France,2022-07-19,Basic,6465.36
2591,Diego Ivanov,diego.ivanov.2591@retail.dev,India,2023-07-11,Standard,11710.97
2592,Anika Williams,anika.williams.2592@example.com,France,2026-06-30,Standard,4484.35
2593,Keiko Anderson,keiko.anderson.2593@retail.dev,Canada,2020-07-20,Premium,7881.37
2594,Tara Silva,tara.silva.2594@example.com,United States,2023-05-08,Standard,6974.86
2595,Grace Lopez,grace.lopez.2595@retail.dev,Japan,2024-03-16,Standard,3305.81
2596,Noah Ivanov,noah.ivanov.2596@shopmail.test,Canada,2024-11-01,Standard,623.78
2597,Chen Anderson,chen.anderson.2597@shopmail.test,Brazil,2023-06-26,Standard,10385.51
2598,Hassan Chen,hassan.chen.2598@shopmail.test,Australia,2020-04-29,Standard,9395.64
2599,Zane Muller,zane.muller.2599@example.com,France,2022-02-26,Basic,9668.04
2600,Arjun Muller,arjun.muller.2600@shopmail.test,India,2024-02-22,Standard,4868.13
2601,Viktor Nguyen,viktor.nguyen.2601@example.com,France,2024-09-11,Standard,3488.06
2602,Omar Brown,omar.brown.2602@retail.dev,France,2023-11-22,Standard,668.05
2603,Chen Nguyen,chen.nguyen.2603@shopmail.test,France,2021-04-30,Standard,3547.00
2604,Zane Okafor,zane.okafor.2604@shopmail.test,Singapore,2025-04-25,Standard,1633.68
2605,Amelia Lopez,amelia.lopez.2605@retail.dev,United Kingdom,2020-04-23,Premium,2143.11
2606,Amelia Singh,amelia.singh.2606@retail.dev,France,2025-08-23,Basic,3033.13
2607,Aisha Anderson,aisha.anderson.2607@retail.dev,France,2026-01-07,Premium,5708.16
2608,Keiko Okafor,keiko.okafor.2608@example.com,Singapore,2026-04-07,Premium,10498.56
2609,Noah Singh,noah.singh.2609@shopmail.test,Brazil,2024-12-23,Basic,10769.75
2610,Arjun Ivanov,arjun.ivanov.2610@shopmail.test,United Kingdom,2022-12-13,Basic,7672.16
2611,Arjun Kim,arjun.kim.2611@example.com,Brazil,2021-11-05,Premium,6356.92
2612,Hassan Muller,hassan.muller.2612@shopmail.test,Japan,2024-10-27,Standard,7075.19
2613,Aisha Mensah,aisha.mensah.2613@example.com,Australia,2026-03-19,Standard,9832.54
2614,Fatima Williams,fatima.williams.2614@retail.dev,Germany,2021-12-17,Standard,1502.79
2615,Liam Brown,liam.brown.2615@shopmail.test,United States,2022-11-03,Standard,9035.25
2616,Aisha Ivanov,aisha.ivanov.2616@retail.dev,Brazil,2022-11-08,Standard,4424.94
2617,Hassan Silva,hassan.silva.2617@example.com,Germany,2022-03-17,Basic,943.53
2618,Arjun Mensah,arjun.mensah.2618@retail.dev,Brazil,2023-03-15,Basic,7386.95
2619,Priya Novak,priya.novak.2619@shopmail.test,Germany,2020-12-13,Standard,10816.52
2620,Elena Costa,elena.costa.2620@retail.dev,Japan,2021-11-12,Standard,392.69
2621,Imani Nguyen,imani.nguyen.2621@example.com,Japan,2020-10-25,Basic,4259.72
2622,Aisha Garcia,aisha.garcia.2622@shopmail.test,Australia,2024-05-04,Basic,9924.75
2623,Quinn Khan,quinn.khan.2623@example.com,Australia,2020-05-15,Standard,11932.10
2624,Rosa Chen,rosa.chen.2624@example.com,Australia,2025-08-22,Basic,3219.51
2625,Viktor Muller,viktor.muller.2625@retail.dev,United Kingdom,2023-06-05,Premium,10297.62
2626,Liam Garcia,liam.garcia.2626@retail.dev,United Kingdom,2024-06-11,Standard,6074.25
2627,Uma Ivanov,uma.ivanov.2627@shopmail.test,Australia,2023-11-15,Basic,3364.28
2628,Fatima Sato,fatima.sato.2628@retail.dev,Australia,2024-10-17,Premium,6392.55
2629,Quinn Garcia,quinn.garcia.2629@retail.dev,Japan,2025-04-30,Standard,2628.88
2630,Anika Anderson,anika.anderson.2630@example.com,Japan,2023-08-05,Standard,7159.18
2631,Jia Williams,jia.williams.2631@retail.dev,France,2025-09-30,Standard,10492.75
2632,Tara Novak,tara.novak.2632@retail.dev,Japan,2026-05-15,Standard,11858.36
2633,Sofia Silva,sofia.silva.2633@shopmail.test,Singapore,2020-09-06,Standard,11823.77
2634,Quinn Silva,quinn.silva.2634@retail.dev,India,2025-05-17,Premium,10080.95
2635,Fatima Lopez,fatima.lopez.2635@retail.dev,Singapore,2022-08-10,Premium,1097.26
2636,Lucia Lopez,lucia.lopez.2636@example.com,Japan,2022-10-31,Standard,1608.11
2637,Omar Muller,omar.muller.2637@example.com,Singapore,2026-08-23,Standard,6269.52
2638,Tara Kim,tara.kim.2638@retail.dev,Japan,2021-09-10,Basic,11824.33
2639,Keiko Anderson,keiko.anderson.2639@retail.dev,Germany,2024-05-24,Basic,1906.47
2640,Chen Williams,chen.williams.2640@retail.dev,Germany,2025-10-09,Basic,8547.50
2641,Chen Silva,chen.silva.2641@example.com,Germany,2021-05-11,Premium,1425.75
2642,Chen Anderson,chen.anderson.2642@shopmail.test,France,2020-03-07,Premium,6276.21
2643,Imani Kim,imani.kim.2643@retail.dev,Singapore,2020-07-04,Basic,6107.38
2644,Priya Chen,priya.chen.2644@retail.dev,United Kingdom,2025-05-23,Basic,1482.39
2645,Uma Costa,uma.costa.2645@shopmail.test,United States,2022-02-14,Standard,9567.39
2646,Yara Muller,yara.muller.2646@example.com,United Kingdom,2026-03-15,Standard,3848.91
2647,Maya Williams,maya.williams.2647@retail.dev,India,2020-07-13,Basic,3334.45
2648,Diego Brown,diego.brown.2648@shopmail.test,United Kingdom,2023-06-21,Standard,11789.74
2649,Aisha Anderson,aisha.anderson.2649@shopmail.test,France,2022-03-24,Basic,11935.16
2650,Yara Nguyen,yara.nguyen.2650@shopmail.test,Singapore,2020-01-15,Standard,9791.57
2651,Imani Mensah,imani.mensah.2651@example.com,France,2020-11-01,Standard,10837.70
2652,James Lopez,james.lopez.2652@retail.dev,France,2024-09-24,Standard,909.06
2653,Yara Singh,yara.singh.2653@retail.dev,Germany,2023-05-10,Basic,8514.78
2654,Grace Anderson,grace.anderson.2654@retail.dev,Singapore,2025-01-04,Standard,1229.34
2655,Fatima Novak,fatima.novak.2655@shopmail.test,Japan,2025-04-06,Premium,7391.73
2656,Sofia Khan,sofia.khan.2656@retail.dev,India,2024-10-26,Standard,2447.57
2657,Imani Chen,imani.chen.2657@shopmail.test,Singapore,2026-05-13,Standard,4877.95
2658,Jia Anderson,jia.anderson.2658@retail.dev,Japan,2025-12-02,Standard,5215.55
2659,Wei Ali,wei.ali.2659@retail.dev,Brazil,2021-04-29,Standard,11940.20
2660,Tara Novak,tara.novak.2660@retail.dev,France,2020-10-24,Standard,4467.67
2661,Chen Singh,chen.singh.2661@shopmail.test,United States,2025-01-31,Basic,6842.96
2662,Quinn Novak,quinn.novak.2662@example.com,France,2022-08-27,Premium,11320.63
2663,Wei Singh,wei.singh.2663@retail.dev,Japan,2025-02-04,Basic,7581.94
2664,Uma Nguyen,uma.nguyen.2664@retail.dev,United States,2024-04-06,Premium,11733.89
2665,Sofia Ali,sofia.ali.2665@shopmail.test,Australia,2024-02-18,Basic,11290.42
2666,Hassan Williams,hassan.williams.2666@shopmail.test,Brazil,2023-07-11,Basic,1435.40
2667,Grace Garcia,grace.garcia.2667@example.com,United Kingdom,2021-07-19,Standard,4636.53
2668,Anika Chen,anika.chen.2668@retail.dev,Singapore,2026-03-08,Premium,1125.53
2669,Imani Silva,imani.silva.2669@retail.dev,Brazil,2024-11-19,Standard,1973.56
2670,Hassan Williams,hassan.williams.2670@retail.dev,Canada,2026-08-03,Premium,664.40
2671,Rosa Singh,rosa.singh.2671@retail.dev,Australia,2022-12-27,Basic,1285.20
2672,Priya Costa,priya.costa.2672@shopmail.test,France,2024-03-07,Standard,10024.22
2673,Sofia Williams,sofia.williams.2673@example.com,Australia,2021-06-01,Premium,6946.28
2674,Keiko Anderson,keiko.anderson.2674@example.com,France,2026-06-11,Premium,8818.45
2675,Elena Brown,elena.brown.2675@example.com,Germany,2024-08-06,Standard,657.77
2676,Uma Silva,uma.silva.2676@example.com,Japan,2023-02-14,Basic,5653.28
2677,Chen Chen,chen.chen.2677@shopmail.test,United States,2023-09-05,Basic,10628.61
2678,Aisha Garcia,aisha.garcia.2678@retail.dev,India,2025-06-11,Standard,11345.21
2679,Chen Sato,chen.sato.2679@shopmail.test,United Kingdom,2025-01-27,Standard,1656.59
2680,Imani Chen,imani.chen.2680@shopmail.test,Japan,2024-03-08,Premium,814.29
2681,Omar Patel,omar.patel.2681@example.com,Singapore,2021-01-09,Premium,4477.32
2682,Chen Mensah,chen.mensah.2682@shopmail.test,India,2021-03-23,Basic,7891.82
2683,James Garcia,james.garcia.2683@shopmail.test,United States,2020-06-27,Basic,2748.27
2684,Uma Ali,uma.ali.2684@example.com,France,2021-07-11,Standard,418.12
2685,Maya Brown,maya.brown.2685@retail.dev,United Kingdom,2020-03-01,Premium,5819.31
2686,Wei Williams,wei.williams.2686@shopmail.test,Canada,2026-06-09,Basic,6752.25
2687,Elena Silva,elena.silva.2687@retail.dev,Singapore,2026-05-13,Standard,4973.12
2688,Diego Ivanov,diego.ivanov.2688@shopmail.test,United Kingdom,2023-11-12,Premium,3103.66
2689,James Garcia,james.garcia.2689@example.com,Canada,2025-10-09,Basic,11729.42
2690,Tara Chen,tara.chen.2690@example.com,United States,2020-12-04,Standard,9251.89
2691,Fatima Brown,fatima.brown.2691@retail.dev,Singapore,2020-07-04,Standard,9301.83
2692,Imani Muller,imani.muller.2692@example.com,Australia,2022-01-20,Premium,10711.51
2693,Jia Sato,jia.sato.2693@shopmail.test,India,2025-11-16,Basic,9890.68
2694,James Williams,james.williams.2694@retail.dev,France,2020-09-04,Standard,3294.28
2695,Aisha Ivanov,aisha.ivanov.2695@retail.dev,Canada,2025-01-08,Standard,6586.75
2696,Wei Costa,wei.costa.2696@example.com,Australia,2026-01-28,Standard,6577.27
2697,Tara Muller,tara.muller.2697@retail.dev,Canada,2024-04-16,Basic,9578.58
2698,Imani Silva,imani.silva.2698@shopmail.test,Brazil,2026-01-21,Premium,4024.56
2699,Yara Sato,yara.sato.2699@shopmail.test,Australia,2020-07-24,Standard,5401.60
2700,Amelia Singh,amelia.singh.2700@retail.dev,United States,2024-06-14,Standard,6785.74
2701,Noah Patel,noah.patel.2701@shopmail.test,United Kingdom,2026-01-24,Basic,10830.20
2702,Aisha Okafor,aisha.okafor.2702@retail.dev,United Kingdom,2023-06-21,Basic,8001.34
2703,Wei Muller,wei.muller.2703@shopmail.test,Japan,2021-02-12,Basic,11961.46
2704,Zane Lopez,zane.lopez.2704@example.com,Australia,2021-01-23,Standard,8247.97
2705,Tara Costa,tara.costa.2705@retail.dev,India,2024-12-28,Standard,671.45
2706,Chen Anderson,chen.anderson.2706@example.com,Australia,2024-07-21,Basic,4467.11
2707,Uma Sato,uma.sato.2707@example.com,India,2020-12-06,Standard,11978.58
2708,Chen Mensah,chen.mensah.2708@shopmail.test,United States,2023-07-09,Basic,10803.67
2709,Aarav Nguyen,aarav.nguyen.2709@example.com,United Kingdom,2024-09-06,Basic,8403.14
2710,Hassan Kim,hassan.kim.2710@example.com,Australia,2023-10-13,Standard,8640.70
2711,Zane Ali,zane.ali.2711@shopmail.test,United States,2022-11-29,Standard,10689.90
2712,Jia Costa,jia.costa.2712@shopmail.test,Germany,2020-06-28,Basic,5920.44
2713,Viktor Silva,viktor.silva.2713@shopmail.test,Singapore,2025-03-14,Standard,617.97
2714,Priya Singh,priya.singh.2714@example.com,United States,2020-04-24,Basic,8005.46
2715,Aarav Lopez,aarav.lopez.2715@shopmail.test,United States,2023-03-25,Basic,7473.94
2716,Diego Ali,diego.ali.2716@example.com,Germany,2021-04-30,Premium,4194.81
2717,James Patel,james.patel.2717@shopmail.test,United Kingdom,2025-09-05,Standard,11668.34
2718,Amelia Chen,amelia.chen.2718@example.com,Australia,2023-05-13,Standard,10920.54
2719,Wei Novak,wei.novak.2719@example.com,Australia,2021-12-14,Basic,4326.11
2720,Priya Ali,priya.ali.2720@example.com,United States,2023-10-26,Premium,4352.12
2721,Aisha Ivanov,aisha.ivanov.2721@retail.dev,United States,2025-06-17,Standard,6941.87
2722,Imani Ali,imani.ali.2722@retail.dev,United States,2024-10-21,Basic,10908.28
2723,Amelia Chen,amelia.chen.2723@example.com,Germany,2024-05-03,Basic,5743.07
2724,Keiko Williams,keiko.williams.2724@example.com,Germany,2022-12-29,Standard,1525.54
2725,Maya Costa,maya.costa.2725@shopmail.test,Germany,2023-06-10,Standard,11559.08
2726,Aarav Anderson,aarav.anderson.2726@example.com,Australia,2024-05-27,Standard,4539.30
2727,Hassan Anderson,hassan.anderson.2727@example.com,United Kingdom,2022-06-11,Standard,4191.57
2728,Keiko Khan,keiko.khan.2728@shopmail.test,India,2024-04-03,Standard,1581.84
2729,Grace Kim,grace.kim.2729@example.com,India,2025-02-24,Standard,2225.65
2730,Priya Ali,priya.ali.2730@shopmail.test,United Kingdom,2021-09-04,Standard,2675.34
2731,Amelia Anderson,amelia.anderson.2731@shopmail.test,United States,2020-05-10,Standard,7726.73
2732,Hiro Muller,hiro.muller.2732@retail.dev,France,2020-01-24,Standard,11509.93
2733,Liam Sato,liam.sato.2733@example.com,United Kingdom,2022-09-22,Premium,10639.62
2734,Imani Lopez,imani.lopez.2734@example.com,Canada,2024-12-23,Standard,1654.57
2735,Wei Brown,wei.brown.2735@retail.dev,Japan,2025-02-12,Standard,10520.58
2736,Tara Chen,tara.chen.2736@example.com,United Kingdom,2025-01-21,Standard,6797.98
2737,Chen Ali,chen.ali.2737@shopmail.test,United States,2026-08-28,Basic,3757.43
2738,Elena Muller,elena.muller.2738@example.com,India,2024-09-12,Standard,10590.61
2739,Jia Singh,jia.singh.2739@shopmail.test,Brazil,2023-12-19,Standard,955.91
2740,Wei Anderson,wei.anderson.2740@example.com,United Kingdom,2026-09-06,Premium,10890.29
2741,Tara Singh,tara.singh.2741@example.com,India,2021-10-25,Standard,9029.41
2742,Diego Ivanov,diego.ivanov.2742@retail.dev,India,2021-11-20,Premium,9548.26
2743,Amelia Singh,amelia.singh.2743@shopmail.test,United States,2025-11-18,Basic,6278.99
2744,Priya Singh,priya.singh.2744@example.com,Japan,2026-05-05,Premium,1299.33
2745,James Khan,james.khan.2745@example.com,Singapore,2026-01-02,Standard,6614.10
2746,Wei Brown,wei.brown.2746@shopmail.test,India,2026-05-19,Basic,8290.95
2747,Quinn Kim,quinn.kim.2747@example.com,Australia,2024-04-12,Standard,557.37
2748,Yara Muller,yara.muller.2748@retail.dev,Germany,2025-05-14,Standard,9704.34
2749,Amelia Chen,amelia.chen.2749@retail.dev,Brazil,2024-03-17,Standard,1876.01
2750,Wei Nguyen,wei.nguyen.2750@shopmail.test,United States,2025-09-16,Standard,11538.30
2751,Priya Kim,priya.kim.2751@shopmail.test,India,2025-10-05,Premium,8675.53
2752,Aarav Patel,aarav.patel.2752@retail.dev,India,2021-12-28,Standard,7390.13
2753,Omar Muller,omar.muller.2753@shopmail.test,United Kingdom,2021-07-08,Standard,1886.96
2754,Fatima Sato,fatima.sato.2754@retail.dev,India,2025-06-18,Basic,7866.63
2755,Yara Williams,yara.williams.2755@shopmail.test,Singapore,2021-03-25,Premium,11687.91
2756,Noah Khan,noah.khan.2756@retail.dev,United States,2020-02-11,Standard,8835.24
2757,Arjun Patel,arjun.patel.2757@retail.dev,India,2022-05-01,Basic,3342.05
2758,Elena Silva,elena.silva.2758@example.com,United Kingdom,2021-06-18,Basic,5988.87
2759,Elena Singh,elena.singh.2759@example.com,Japan,2022-03-05,Premium,9327.73
2760,Amelia Ivanov,amelia.ivanov.2760@shopmail.test,Germany,2023-10-06,Basic,4900.72
2761,Aarav Patel,aarav.patel.2761@shopmail.test,Brazil,2023-11-11,Basic,7148.58
2762,Jia Singh,jia.singh.2762@retail.dev,Germany,2024-06-17,Basic,1174.05
2763,Arjun Garcia,arjun.garcia.2763@example.com,France,2020-04-03,Standard,11888.25
2764,Priya Garcia,priya.garcia.2764@example.com,India,2025-04-07,Standard,10385.64
2765,Maya Williams,maya.williams.2765@shopmail.test,Germany,2022-06-12,Premium,9427.27
2766,Uma Chen,uma.chen.2766@example.com,India,2023-02-04,Premium,4660.51
2767,Maya Garcia,maya.garcia.2767@example.com,Japan,2022-04-11,Basic,5052.10
2768,Aisha Singh,aisha.singh.2768@shopmail.test,France,2024-07-20,Standard,4438.68
2769,Jia Patel,jia.patel.2769@example.com,United Kingdom,2024-04-18,Standard,4743.16
2770,Maya Williams,maya.williams.2770@retail.dev,Canada,2024-05-31,Standard,748.82
2771,Sofia Sato,sofia.sato.2771@shopmail.test,France,2023-05-15,Standard,5305.68
2772,Diego Costa,diego.costa.2772@shopmail.test,United States,2022-02-11,Basic,6821.45
2773,Grace Novak,grace.novak.2773@example.com,France,2024-03-23,Standard,2297.53
2774,Arjun Ivanov,arjun.ivanov.2774@shopmail.test,Germany,2021-04-26,Premium,11624.67
2775,Tara Ivanov,tara.ivanov.2775@retail.dev,Japan,2021-07-16,Basic,8872.66
2776,Quinn Brown,quinn.brown.2776@retail.dev,Japan,2022-12-27,Standard,1239.41
2777,Omar Patel,omar.patel.2777@retail.dev,Singapore,2025-12-26,Basic,11390.99
2778,Anika Novak,anika.novak.2778@shopmail.test,United Kingdom,2024-07-27,Premium,2900.22
2779,Priya Novak,priya.novak.2779@example.com,Japan,2026-05-27,Standard,3182.44
2780,Hassan Muller,hassan.muller.2780@shopmail.test,Brazil,2021-07-02,Basic,11549.81
2781,Zane Nguyen,zane.nguyen.2781@example.com,Germany,2024-02-06,Standard,4391.93
2782,Elena Sato,elena.sato.2782@retail.dev,Germany,2022-04-08,Basic,440.95
2783,Amelia Garcia,amelia.garcia.2783@shopmail.test,United States,2024-02-07,Basic,6359.80
2784,Hiro Sato,hiro.sato.2784@shopmail.test,Singapore,2024-02-23,Basic,9345.89
2785,Priya Sato,priya.sato.2785@retail.dev,Canada,2025-08-07,Standard,5456.04
2786,Rosa Brown,rosa.brown.2786@shopmail.test,Singapore,2022-03-27,Standard,2898.15
2787,Keiko Sato,keiko.sato.2787@retail.dev,France,2024-05-28,Standard,8744.40
2788,Zane Garcia,zane.garcia.2788@example.com,India,2024-10-30,Standard,3382.28
2789,Hassan Costa,hassan.costa.2789@example.com,Singapore,2024-02-24,Premium,8380.45
2790,Hassan Novak,hassan.novak.2790@example.com,France,2023-06-08,Standard,9781.82
2791,Noah Silva,noah.silva.2791@shopmail.test,France,2023-08-16,Basic,4470.31
2792,Grace Mensah,grace.mensah.2792@example.com,Brazil,2022-01-14,Premium,11073.59
2793,Viktor Sato,viktor.sato.2793@retail.dev,United Kingdom,2021-07-13,Standard,9328.61
2794,Fatima Nguyen,fatima.nguyen.2794@example.com,Canada,2024-04-25,Premium,9768.31
2795,Omar Chen,omar.chen.2795@example.com,France,2026-07-18,Standard,9516.85
2796,Uma Kim,uma.kim.2796@example.com,United States,2023-05-17,Basic,10636.42
2797,Jia Ali,jia.ali.2797@example.com,United Kingdom,2024-08-17,Standard,9249.58
2798,Zane Anderson,zane.anderson.2798@example.com,Brazil,2020-05-02,Standard,8242.94
2799,Zane Williams,zane.williams.2799@example.com,United Kingdom,2023-12-30,Basic,1726.51
2800,Hiro Chen,hiro.chen.2800@shopmail.test,Australia,2025-01-03,Premium,11192.07
2801,Chen Khan,chen.khan.2801@retail.dev,India,2024-01-25,Basic,7903.85
2802,James Williams,james.williams.2802@retail.dev,Brazil,2025-03-01,Standard,10133.59
2803,Aisha Kim,aisha.kim.2803@retail.dev,United States,2025-07-29,Standard,11579.36
2804,Quinn Williams,quinn.williams.2804@example.com,Germany,2024-08-10,Basic,10506.86
2805,Wei Mensah,wei.mensah.2805@shopmail.test,Australia,2025-03-10,Standard,6938.22
2806,James Khan,james.khan.2806@example.com,United States,2022-03-09,Standard,1359.91
2807,Yara Singh,yara.singh.2807@example.com,United States,2021-09-16,Basic,11190.84
2808,Yara Singh,yara.singh.2808@example.com,United States,2023-08-26,Standard,7907.97
2809,Aarav Silva,aarav.silva.2809@example.com,United Kingdom,2025-06-04,Basic,2158.72
2810,Grace Nguyen,grace.nguyen.2810@example.com,United Kingdom,2023-08-02,Standard,10164.02
2811,James Anderson,james.anderson.2811@example.com,Germany,2023-05-18,Standard,6894.63
2812,Sofia Lopez,sofia.lopez.2812@shopmail.test,India,2025-12-07,Basic,8337.18
2813,Yara Patel,yara.patel.2813@shopmail.test,Australia,2022-03-23,Premium,4552.55
2814,Quinn Silva,quinn.silva.2814@retail.dev,United States,2025-10-23,Basic,2132.72
2815,Noah Nguyen,noah.nguyen.2815@example.com,Australia,2026-06-15,Basic,10274.94
2816,Arjun Singh,arjun.singh.2816@retail.dev,Germany,2023-12-13,Basic,10321.19
2817,Yara Muller,yara.muller.2817@shopmail.test,Germany,2021-08-30,Standard,7688.24
2818,Quinn Novak,quinn.novak.2818@example.com,United States,2022-02-17,Basic,7250.59
2819,Grace Singh,grace.singh.2819@example.com,Australia,2025-04-24,Standard,9943.96
2820,Elena Silva,elena.silva.2820@shopmail.test,United States,2022-07-17,Standard,1068.11
2821,Keiko Lopez,keiko.lopez.2821@shopmail.test,United States,2021-01-10,Basic,6625.94
2822,Liam Nguyen,liam.nguyen.2822@example.com,Japan,2024-05-12,Standard,9460.25
2823,Tara Nguyen,tara.nguyen.2823@shopmail.test,United Kingdom,2022-03-29,Standard,1206.58
2824,Arjun Lopez,arjun.lopez.2824@retail.dev,Germany,2021-02-12,Standard,10147.73
2825,Wei Chen,wei.chen.2825@example.com,Brazil,2026-04-13,Standard,2215.05
2826,Priya Ivanov,priya.ivanov.2826@shopmail.test,Brazil,2022-12-09,Standard,3117.79
2827,Diego Brown,diego.brown.2827@example.com,Germany,2024-12-17,Basic,1594.01
2828,Quinn Silva,quinn.silva.2828@retail.dev,United States,2021-08-03,Basic,11037.72
2829,Omar Kim,omar.kim.2829@retail.dev,Singapore,2023-04-11,Standard,1868.77
2830,Arjun Nguyen,arjun.nguyen.2830@example.com,France,2022-01-01,Basic,4261.02
2831,Chen Novak,chen.novak.2831@shopmail.test,Germany,2023-10-14,Standard,7881.67
2832,Uma Okafor,uma.okafor.2832@retail.dev,United States,2022-09-29,Premium,7781.86
2833,Fatima Lopez,fatima.lopez.2833@example.com,Brazil,2025-07-07,Standard,9936.39
2834,Priya Brown,priya.brown.2834@example.com,Japan,2022-07-27,Basic,11398.59
2835,Hassan Silva,hassan.silva.2835@shopmail.test,India,2020-02-25,Basic,884.05
2836,Imani Patel,imani.patel.2836@example.com,Singapore,2025-09-14,Basic,7976.04
2837,Uma Okafor,uma.okafor.2837@shopmail.test,Brazil,2024-02-05,Standard,3783.13
2838,Aisha Singh,aisha.singh.2838@example.com,United Kingdom,2023-07-28,Standard,895.84
2839,Hiro Garcia,hiro.garcia.2839@example.com,Singapore,2024-10-19,Basic,3230.33
2840,Sofia Brown,sofia.brown.2840@retail.dev,United Kingdom,2023-09-13,Standard,227.46
2841,Maya Lopez,maya.lopez.2841@shopmail.test,Japan,2026-08-23,Basic,7101.44
2842,Keiko Singh,keiko.singh.2842@example.com,United States,2022-01-27,Premium,9646.05
2843,Fatima Nguyen,fatima.nguyen.2843@example.com,Singapore,2024-11-15,Basic,8008.30
2844,Viktor Okafor,viktor.okafor.2844@example.com,Canada,2021-01-28,Premium,7948.05
2845,Amelia Khan,amelia.khan.2845@retail.dev,France,2026-05-30,Standard,8604.52
2846,Jia Chen,jia.chen.2846@retail.dev,Japan,2026-05-09,Standard,4886.65
2847,Keiko Khan,keiko.khan.2847@shopmail.test,Germany,2020-10-30,Standard,5899.33
2848,Amelia Novak,amelia.novak.2848@retail.dev,United States,2022-01-29,Premium,7833.11
2849,Jia Brown,jia.brown.2849@shopmail.test,Japan,2026-06-20,Basic,6428.81
2850,James Singh,james.singh.2850@retail.dev,Singapore,2022-08-29,Basic,11233.23
2851,Wei Costa,wei.costa.2851@shopmail.test,Australia,2022-04-11,Premium,1123.05
2852,Grace Khan,grace.khan.2852@retail.dev,Australia,2020-05-06,Basic,8073.56
2853,Chen Muller,chen.muller.2853@retail.dev,United Kingdom,2021-05-25,Premium,1923.51
2854,Hiro Anderson,hiro.anderson.2854@shopmail.test,Singapore,2023-11-30,Standard,4553.18
2855,Omar Mensah,omar.mensah.2855@example.com,India,2023-03-09,Standard,8538.82
2856,James Chen,james.chen.2856@retail.dev,France,2025-03-16,Standard,3727.51
2857,Keiko Lopez,keiko.lopez.2857@shopmail.test,United Kingdom,2023-05-04,Standard,7127.20
2858,James Khan,james.khan.2858@example.com,Canada,2024-04-28,Basic,5133.90
2859,Viktor Brown,viktor.brown.2859@shopmail.test,Germany,2020-05-15,Premium,2950.06
2860,Keiko Khan,keiko.khan.2860@shopmail.test,Singapore,2020-06-03,Standard,4648.80
2861,James Novak,james.novak.2861@example.com,Singapore,2022-02-02,Basic,5310.52
2862,Omar Singh,omar.singh.2862@shopmail.test,Germany,2021-07-16,Standard,4577.38
2863,Aisha Singh,aisha.singh.2863@shopmail.test,Australia,2026-08-28,Standard,120.29
2864,Anika Nguyen,anika.nguyen.2864@example.com,France,2025-12-06,Standard,4976.97
2865,Grace Muller,grace.muller.2865@retail.dev,Singapore,2020-11-16,Basic,7378.63
2866,Viktor Chen,viktor.chen.2866@shopmail.test,Canada,2026-05-23,Basic,7350.40
2867,James Ivanov,james.ivanov.2867@shopmail.test,Canada,2022-10-12,Standard,3981.63
2868,Rosa Muller,rosa.muller.2868@shopmail.test,Singapore,2023-06-13,Basic,9432.14
2869,Anika Lopez,anika.lopez.2869@retail.dev,Germany,2026-05-21,Basic,7079.33
2870,Uma Sato,uma.sato.2870@retail.dev,Canada,2023-02-03,Standard,3438.94
2871,Wei Ivanov,wei.ivanov.2871@retail.dev,Japan,2022-12-16,Premium,9114.87
2872,Chen Silva,chen.silva.2872@shopmail.test,India,2022-07-08,Premium,3955.05
2873,Noah Okafor,noah.okafor.2873@retail.dev,Japan,2022-06-14,Basic,8036.37
2874,Maya Sato,maya.sato.2874@example.com,Singapore,2021-02-12,Standard,1265.75
2875,Jia Silva,jia.silva.2875@shopmail.test,United States,2020-09-07,Standard,1403.84
2876,Keiko Brown,keiko.brown.2876@example.com,Canada,2023-05-19,Basic,6234.90
2877,Omar Ivanov,omar.ivanov.2877@example.com,India,2024-02-26,Standard,9609.23
2878,Aisha Muller,aisha.muller.2878@shopmail.test,Canada,2020-02-11,Premium,3355.70
2879,Imani Garcia,imani.garcia.2879@example.com,United States,2021-08-30,Basic,2700.77
2880,Arjun Singh,arjun.singh.2880@retail.dev,Brazil,2021-03-12,Premium,1399.71
2881,Hassan Lopez,hassan.lopez.2881@example.com,Australia,2023-12-30,Standard,7148.99
2882,Maya Brown,maya.brown.2882@shopmail.test,United Kingdom,2025-04-14,Basic,6675.64
2883,Yara Ali,yara.ali.2883@shopmail.test,Japan,2022-06-13,Basic,3151.57
2884,Grace Khan,grace.khan.2884@example.com,United Kingdom,2022-11-28,Standard,4773.67
2885,Amelia Muller,amelia.muller.2885@example.com,Canada,2026-01-29,Standard,600.49
2886,Wei Nguyen,wei.nguyen.2886@retail.dev,India,2022-02-19,Basic,1911.92
2887,Aisha Muller,aisha.muller.2887@shopmail.test,France,2022-03-09,Standard,3530.74
2888,Diego Kim,diego.kim.2888@retail.dev,Singapore,2020-03-17,Standard,7967.85
2889,James Williams,james.williams.2889@example.com,United States,2024-06-11,Basic,6494.76
2890,Lucia Brown,lucia.brown.2890@retail.dev,United States,2021-07-30,Standard,3384.94
2891,Arjun Garcia,arjun.garcia.2891@shopmail.test,Canada,2025-06-18,Standard,3450.41
2892,Diego Patel,diego.patel.2892@example.com,Germany,2023-05-22,Standard,3839.48
2893,Lucia Singh,lucia.singh.2893@retail.dev,Canada,2020-07-11,Standard,9785.42
2894,James Lopez,james.lopez.2894@retail.dev,India,2023-10-17,Standard,9025.49
2895,Diego Khan,diego.khan.2895@example.com,United States,2021-06-30,Standard,1860.98
2896,Arjun Anderson,arjun.anderson.2896@example.com,Germany,2021-07-04,Standard,6894.06
2897,Diego Anderson,diego.anderson.2897@shopmail.test,Brazil,2022-07-29,Premium,2387.29
2898,Jia Garcia,jia.garcia.2898@shopmail.test,Australia,2021-05-18,Standard,5147.62
2899,Yara Anderson,yara.anderson.2899@shopmail.test,Singapore,2024-11-27,Basic,1725.38
2900,Noah Singh,noah.singh.2900@example.com,Canada,2023-07-15,Standard,8987.00
2901,Omar Singh,omar.singh.2901@example.com,Germany,2022-05-12,Premium,11300.21
2902,Rosa Ali,rosa.ali.2902@example.com,Germany,2026-03-27,Basic,9797.38
2903,Aarav Khan,aarav.khan.2903@example.com,United States,2023-01-14,Basic,11410.37
2904,Arjun Chen,arjun.chen.2904@retail.dev,United States,2023-04-27,Standard,11359.91
2905,Amelia Mensah,amelia.mensah.2905@example.com,Canada,2021-10-29,Basic,7951.46
2906,Aisha Singh,aisha.singh.2906@shopmail.test,Canada,2020-08-27,Standard,10547.12
2907,Priya Chen,priya.chen.2907@shopmail.test,Brazil,2025-03-09,Basic,11502.34
2908,Hassan Sato,hassan.sato.2908@retail.dev,India,2024-08-22,Premium,9445.25
2909,Yara Sato,yara.sato.2909@example.com,Japan,2020-07-23,Standard,7686.83
2910,Viktor Mensah,viktor.mensah.2910@example.com,Australia,2021-09-23,Basic,5643.20
2911,Liam Garcia,liam.garcia.2911@retail.dev,Australia,2022-01-06,Standard,7195.60
2912,Imani Lopez,imani.lopez.2912@retail.dev,India,2025-12-26,Standard,3075.30
2913,Zane Muller,zane.muller.2913@retail.dev,United Kingdom,2025-06-11,Standard,2271.83
2914,Tara Nguyen,tara.nguyen.2914@example.com,United Kingdom,2021-02-12,Premium,1054.28
2915,Liam Mensah,liam.mensah.2915@retail.dev,Japan,2025-10-04,Premium,8370.25
2916,James Novak,james.novak.2916@example.com,Brazil,2020-07-23,Standard,10692.99
2917,Viktor Patel,viktor.patel.2917@retail.dev,Germany,2025-06-08,Standard,456.74
2918,Noah Silva,noah.silva.2918@retail.dev,Canada,2023-12-14,Premium,11660.20
2919,Quinn Singh,quinn.singh.2919@example.com,Brazil,2021-12-30,Standard,8829.24
2920,Anika Nguyen,anika.nguyen.2920@shopmail.test,Canada,2021-12-19,Premium,5919.45
2921,Elena Muller,elena.muller.2921@shopmail.test,Canada,2026-04-02,Standard,1983.51
2922,Arjun Silva,arjun.silva.2922@shopmail.test,Canada,2021-04-07,Standard,4538.19
2923,Maya Lopez,maya.lopez.2923@example.com,Japan,2022-02-26,Basic,8886.95
2924,Uma Khan,uma.khan.2924@shopmail.test,United States,2022-04-08,Basic,3550.77
2925,Grace Williams,grace.williams.2925@shopmail.test,United States,2025-10-25,Standard,7200.66
2926,Fatima Mensah,fatima.mensah.2926@shopmail.test,Singapore,2020-03-26,Basic,148.63
2927,Priya Lopez,priya.lopez.2927@shopmail.test,Germany,2025-09-09,Standard,879.67
2928,Tara Mensah,tara.mensah.2928@example.com,France,2025-07-28,Standard,8431.34
2929,James Khan,james.khan.2929@shopmail.test,France,2021-10-17,Basic,7182.85
2930,Elena Sato,elena.sato.2930@shopmail.test,India,2022-01-27,Standard,5988.65
2931,Chen Singh,chen.singh.2931@shopmail.test,Australia,2026-05-12,Standard,5034.87
2932,Lucia Garcia,lucia.garcia.2932@retail.dev,Australia,2021-08-03,Basic,1627.51
2933,Maya Nguyen,maya.nguyen.2933@shopmail.test,France,2021-09-10,Standard,1426.38
2934,Diego Patel,diego.patel.2934@retail.dev,Singapore,2021-09-13,Standard,3806.76
2935,Imani Muller,imani.muller.2935@example.com,France,2024-11-20,Standard,8028.79
2936,Chen Novak,chen.novak.2936@example.com,France,2023-04-30,Standard,11448.62
2937,Imani Garcia,imani.garcia.2937@example.com,Japan,2023-10-05,Standard,7491.44
2938,Hassan Kim,hassan.kim.2938@retail.dev,Japan,2022-03-07,Standard,1305.96
2939,Sofia Patel,sofia.patel.2939@example.com,India,2020-06-27,Standard,6424.83
2940,Amelia Garcia,amelia.garcia.2940@example.com,United Kingdom,2021-12-25,Basic,1154.98
2941,Hiro Costa,hiro.costa.2941@retail.dev,Australia,2025-09-25,Standard,10604.14
2942,Lucia Silva,lucia.silva.2942@shopmail.test,Canada,2024-11-18,Standard,6441.03
2943,Wei Anderson,wei.anderson.2943@shopmail.test,Canada,2021-03-01,Basic,1339.08
2944,Lucia Chen,lucia.chen.2944@example.com,United States,2020-08-27,Standard,11866.14
2945,Aisha Lopez,aisha.lopez.2945@shopmail.test,Brazil,2021-12-28,Standard,6042.15
2946,Omar Williams,omar.williams.2946@shopmail.test,France,2025-05-21,Standard,3781.30
2947,Omar Lopez,omar.lopez.2947@shopmail.test,United Kingdom,2023-02-28,Basic,4806.57
2948,Noah Ivanov,noah.ivanov.2948@example.com,Singapore,2021-06-13,Standard,7910.59
2949,Arjun Ivanov,arjun.ivanov.2949@example.com,Canada,2021-08-16,Standard,2339.86
2950,Quinn Garcia,quinn.garcia.2950@retail.dev,Germany,2020-07-05,Standard,7350.52
2951,Tara Kim,tara.kim.2951@retail.dev,United Kingdom,2023-02-26,Basic,11253.49
2952,Amelia Okafor,amelia.okafor.2952@retail.dev,Singapore,2025-01-02,Standard,9130.21
2953,Noah Novak,noah.novak.2953@retail.dev,India,2023-02-11,Standard,6333.98
2954,Liam Khan,liam.khan.2954@example.com,France,2021-03-30,Basic,263.33
2955,James Ivanov,james.ivanov.2955@retail.dev,United States,2020-03-26,Basic,8947.88
2956,Aisha Anderson,aisha.anderson.2956@retail.dev,Australia,2023-11-25,Basic,8982.25
2957,Diego Chen,diego.chen.2957@shopmail.test,United States,2024-06-10,Standard,1178.92
2958,Hassan Nguyen,hassan.nguyen.2958@example.com,Japan,2023-01-11,Standard,6365.29
2959,Quinn Anderson,quinn.anderson.2959@shopmail.test,Singapore,2023-12-26,Standard,1963.02
2960,Chen Ali,chen.ali.2960@retail.dev,France,2020-09-12,Premium,4792.34
2961,Chen Mensah,chen.mensah.2961@example.com,Japan,2024-11-21,Basic,10297.09
2962,Wei Khan,wei.khan.2962@example.com,Germany,2025-08-16,Standard,4639.74
2963,Uma Okafor,uma.okafor.2963@shopmail.test,United Kingdom,2024-07-27,Basic,1022.54
2964,Wei Chen,wei.chen.2964@example.com,France,2024-07-06,Standard,5472.14
2965,Lucia Costa,lucia.costa.2965@example.com,Japan,2021-03-21,Premium,915.77
2966,Tara Nguyen,tara.nguyen.2966@example.com,United Kingdom,2022-04-03,Basic,8609.83
2967,Priya Chen,priya.chen.2967@example.com,Brazil,2025-09-12,Basic,2705.07
2968,Rosa Novak,rosa.novak.2968@retail.dev,United States,2020-09-16,Standard,3921.27
2969,Imani Okafor,imani.okafor.2969@shopmail.test,Australia,2025-07-12,Standard,7816.45
2970,Uma Ali,uma.ali.2970@retail.dev,Japan,2021-11-15,Premium,10788.78
2971,Anika Sato,anika.sato.2971@shopmail.test,Singapore,2022-10-10,Basic,7463.51
2972,Jia Ivanov,jia.ivanov.2972@example.com,Australia,2021-04-23,Standard,6050.44
2973,Maya Ivanov,maya.ivanov.2973@retail.dev,Canada,2026-07-01,Basic,7727.94
2974,Hiro Okafor,hiro.okafor.2974@retail.dev,India,2021-12-30,Basic,224.22
2975,Quinn Lopez,quinn.lopez.2975@shopmail.test,Japan,2024-03-23,Standard,11441.26
2976,Imani Nguyen,imani.nguyen.2976@shopmail.test,Brazil,2023-12-20,Standard,1153.05
2977,Diego Costa,diego.costa.2977@example.com,Australia,2025-09-08,Standard,10696.03
2978,Hassan Muller,hassan.muller.2978@example.com,Brazil,2023-01-22,Standard,7548.59
2979,Rosa Costa,rosa.costa.2979@shopmail.test,Canada,2021-07-13,Standard,7303.76
2980,Omar Okafor,omar.okafor.2980@retail.dev,Canada,2021-08-07,Basic,4958.77
2981,Amelia Mensah,amelia.mensah.2981@retail.dev,United States,2026-06-09,Standard,5826.06
2982,Lucia Novak,lucia.novak.2982@shopmail.test,Japan,2025-02-16,Standard,8164.60
2983,Hiro Novak,hiro.novak.2983@retail.dev,Germany,2026-05-27,Standard,3327.70
2984,Tara Novak,tara.novak.2984@shopmail.test,Germany,2025-08-26,Basic,1372.72
2985,Grace Mensah,grace.mensah.2985@shopmail.test,Singapore,2025-10-26,Basic,4136.77
2986,Lucia Chen,lucia.chen.2986@retail.dev,Japan,2021-03-13,Basic,3533.28
2987,Aarav Sato,aarav.sato.2987@example.com,Japan,2023-04-02,Standard,9513.21
2988,Tara Lopez,tara.lopez.2988@example.com,India,2020-02-10,Standard,2071.54
2989,Imani Silva,imani.silva.2989@retail.dev,Singapore,2025-02-21,Premium,4817.57
2990,Wei Patel,wei.patel.2990@retail.dev,Canada,2020-03-15,Basic,2170.22
2991,Hiro Williams,hiro.williams.2991@retail.dev,Singapore,2021-03-03,Basic,31.52
2992,Lucia Khan,lucia.khan.2992@retail.dev,Japan,2020-06-17,Standard,3678.83
2993,Elena Novak,elena.novak.2993@retail.dev,United Kingdom,2026-09-03,Basic,3161.39
2994,Lucia Singh,lucia.singh.2994@example.com,Brazil,2024-08-30,Basic,2857.83
2995,Tara Singh,tara.singh.2995@retail.dev,Australia,2020-02-22,Premium,2573.93
2996,Rosa Lopez,rosa.lopez.2996@retail.dev,Australia,2024-07-09,Premium,10666.04
2997,Omar Khan,omar.khan.2997@shopmail.test,Canada,2020-03-11,Basic,11405.03
2998,Anika Chen,anika.chen.2998@shopmail.test,Japan,2022-12-05,Basic,2319.19
2999,Priya Costa,priya.costa.2999@shopmail.test,United States,2024-11-04,Standard,645.14
3000,Omar Kim,omar.kim.3000@retail.dev,United States,2025-12-14,Standard,4987.98
3001,Aarav Kim,aarav.kim.3001@example.com,United States,2022-04-15,Standard,10665.45
3002,Elena Sato,elena.sato.3002@example.com,Singapore,2023-04-25,Standard,11627.92
3003,Noah Patel,noah.patel.3003@shopmail.test,Japan,2024-05-30,Standard,7991.55
3004,Wei Lopez,wei.lopez.3004@shopmail.test,India,2024-03-12,Standard,11281.48
3005,Tara Silva,tara.silva.3005@retail.dev,France,2021-04-23,Standard,4146.71
3006,Viktor Okafor,viktor.okafor.3006@example.com,India,2021-07-14,Standard,5120.01
3007,Zane Nguyen,zane.nguyen.3007@example.com,Canada,2021-05-26,Standard,3998.13
3008,Jia Anderson,jia.anderson.3008@shopmail.test,Canada,2022-11-25,Standard,5777.79
3009,Lucia Costa,lucia.costa.3009@shopmail.test,Australia,2023-08-26,Standard,2693.48
3010,Chen Kim,chen.kim.3010@shopmail.test,United Kingdom,2022-08-07,Standard,3767.66
3011,Arjun Costa,arjun.costa.3011@example.com,Singapore,2023-09-26,Basic,2637.48
3012,Aisha Anderson,aisha.anderson.3012@example.com,United Kingdom,2022-10-17,Standard,7909.48
3013,Yara Okafor,yara.okafor.3013@retail.dev,Brazil,2022-08-28,Basic,7690.11
3014,Keiko Nguyen,keiko.nguyen.3014@retail.dev,Germany,2024-10-09,Basic,6444.46
3015,Noah Singh,noah.singh.3015@retail.dev,Australia,2026-03-26,Standard,8109.40
3016,Chen Nguyen,chen.nguyen.3016@shopmail.test,India,2026-07-21,Standard,2064.48
3017,Quinn Brown,quinn.brown.3017@shopmail.test,Brazil,2021-02-19,Standard,11730.54
3018,Hiro Novak,hiro.novak.3018@example.com,Japan,2020-12-10,Standard,680.50
3019,Viktor Patel,viktor.patel.3019@shopmail.test,Brazil,2024-01-27,Standard,1135.64
3020,Grace Sato,grace.sato.3020@example.com,Australia,2025-04-15,Standard,4409.30
3021,Sofia Silva,sofia.silva.3021@retail.dev,Canada,2023-05-03,Standard,6358.87
3022,Anika Mensah,anika.mensah.3022@retail.dev,Brazil,2021-05-02,Standard,3620.86
3023,Diego Sato,diego.sato.3023@example.com,Australia,2023-03-31,Basic,7246.34
3024,Elena Okafor,elena.okafor.3024@example.com,Japan,2025-09-22,Standard,2686.39
3025,Diego Ivanov,diego.ivanov.3025@example.com,Germany,2020-12-06,Basic,847.06
3026,Uma Williams,uma.williams.3026@shopmail.test,Japan,2022-01-16,Standard,473.28
3027,Lucia Nguyen,lucia.nguyen.3027@shopmail.test,Japan,2026-03-30,Premium,9537.99
3028,Keiko Khan,keiko.khan.3028@example.com,Australia,2020-02-09,Standard,6669.35
3029,Priya Garcia,priya.garcia.3029@shopmail.test,France,2023-07-07,Standard,5355.91
3030,Hassan Khan,hassan.khan.3030@retail.dev,United States,2023-09-03,Basic,5804.51
3031,Anika Williams,anika.williams.3031@retail.dev,Brazil,2026-05-01,Basic,4290.98
3032,Diego Costa,diego.costa.3032@retail.dev,Brazil,2023-02-17,Basic,5971.35
3033,Jia Lopez,jia.lopez.3033@example.com,Canada,2021-10-27,Standard,4784.95
3034,Elena Khan,elena.khan.3034@shopmail.test,France,2024-06-10,Premium,7265.10
3035,Omar Ivanov,omar.ivanov.3035@retail.dev,Singapore,2022-12-09,Basic,4113.92
3036,Maya Ali,maya.ali.3036@retail.dev,Singapore,2020-04-28,Standard,1368.18
3037,Lucia Brown,lucia.brown.3037@example.com,Australia,2025-05-18,Standard,228.12
3038,Chen Kim,chen.kim.3038@retail.dev,Canada,2020-12-14,Standard,4929.95
3039,Wei Costa,wei.costa.3039@retail.dev,Japan,2021-11-28,Standard,4693.60
3040,Sofia Williams,sofia.williams.3040@retail.dev,Singapore,2023-05-03,Standard,11271.48
3041,Rosa Mensah,rosa.mensah.3041@shopmail.test,Brazil,2026-07-15,Standard,2069.09
3042,Hassan Ali,hassan.ali.3042@retail.dev,United Kingdom,2023-11-28,Basic,1538.86
3043,Uma Ali,uma.ali.3043@retail.dev,Singapore,2020-07-29,Standard,880.70
3044,Jia Chen,jia.chen.3044@retail.dev,Germany,2020-10-30,Basic,3608.40
3045,Omar Novak,omar.novak.3045@shopmail.test,Singapore,2025-01-24,Basic,5558.91
3046,Liam Costa,liam.costa.3046@shopmail.test,Germany,2022-12-11,Basic,9735.35
3047,James Okafor,james.okafor.3047@retail.dev,United Kingdom,2021-10-16,Standard,4709.84
3048,Amelia Nguyen,amelia.nguyen.3048@retail.dev,Australia,2022-06-10,Standard,2538.79
3049,Sofia Ivanov,sofia.ivanov.3049@example.com,Singapore,2026-01-05,Premium,1005.94
3050,Keiko Chen,keiko.chen.3050@retail.dev,United States,2020-11-22,Standard,10999.32
3051,Wei Anderson,wei.anderson.3051@example.com,Brazil,2026-06-04,Standard,2023.91
3052,Jia Ali,jia.ali.3052@shopmail.test,France,2020-07-11,Standard,1794.99
3053,Maya Khan,maya.khan.3053@retail.dev,Australia,2022-06-24,Basic,4499.68
3054,Rosa Williams,rosa.williams.3054@shopmail.test,United States,2026-01-14,Basic,9060.67
3055,Sofia Brown,sofia.brown.3055@retail.dev,United Kingdom,2022-03-10,Premium,4749.90
3056,Anika Ali,anika.ali.3056@example.com,Japan,2022-09-14,Basic,980.85
3057,Arjun Ali,arjun.ali.3057@shopmail.test,Australia,2025-04-26,Standard,7764.66
3058,Anika Muller,anika.muller.3058@retail.dev,Australia,2024-10-13,Premium,732.37
3059,Uma Chen,uma.chen.3059@example.com,Canada,2021-02-17,Basic,8613.22
3060,Hassan Patel,hassan.patel.3060@example.com,France,2021-07-09,Standard,8582.74
3061,Amelia Brown,amelia.brown.3061@shopmail.test,India,2025-12-14,Standard,4564.90
3062,Yara Mensah,yara.mensah.3062@retail.dev,Singapore,2020-11-19,Standard,4200.43
3063,Imani Ali,imani.ali.3063@retail.dev,United States,2022-10-01,Standard,2922.88
3064,Quinn Anderson,quinn.anderson.3064@shopmail.test,United Kingdom,2023-09-29,Standard,11705.75
3065,Hiro Costa,hiro.costa.3065@shopmail.test,France,2025-01-18,Standard,1054.23
3066,Uma Lopez,uma.lopez.3066@shopmail.test,Australia,2022-09-07,Standard,6828.00
3067,Tara Kim,tara.kim.3067@retail.dev,Singapore,2021-02-18,Standard,2972.04
3068,Aisha Silva,aisha.silva.3068@example.com,Brazil,2025-09-12,Basic,5671.65
3069,Aarav Nguyen,aarav.nguyen.3069@retail.dev,France,2026-02-09,Standard,11961.30
3070,James Anderson,james.anderson.3070@retail.dev,United Kingdom,2023-11-06,Basic,3557.45
3071,Imani Sato,imani.sato.3071@shopmail.test,United Kingdom,2022-11-16,Premium,8464.92
3072,Aisha Kim,aisha.kim.3072@example.com,Australia,2025-03-06,Basic,3896.87
3073,Lucia Costa,lucia.costa.3073@shopmail.test,United Kingdom,2024-08-04,Basic,538.17
3074,Aisha Khan,aisha.khan.3074@example.com,United States,2026-04-13,Standard,1646.04
3075,Fatima Silva,fatima.silva.3075@retail.dev,United Kingdom,2025-06-16,Standard,5081.09
3076,Fatima Sato,fatima.sato.3076@retail.dev,Germany,2023-01-13,Standard,6358.20
3077,Maya Brown,maya.brown.3077@retail.dev,United States,2022-05-15,Basic,6914.75
3078,James Okafor,james.okafor.3078@retail.dev,Singapore,2024-07-05,Standard,9080.15
3079,Omar Anderson,omar.anderson.3079@shopmail.test,Singapore,2026-05-22,Standard,6080.23
3080,Liam Mensah,liam.mensah.3080@shopmail.test,United Kingdom,2023-01-09,Basic,9058.93
3081,Viktor Muller,viktor.muller.3081@example.com,Brazil,2023-09-08,Standard,10715.76
3082,Anika Mensah,anika.mensah.3082@shopmail.test,Japan,2022-12-25,Basic,279.74
3083,Zane Chen,zane.chen.3083@shopmail.test,United States,2021-05-05,Basic,9096.77
3084,Diego Costa,diego.costa.3084@example.com,Japan,2022-05-03,Standard,9126.08
3085,Keiko Khan,keiko.khan.3085@shopmail.test,Japan,2026-02-24,Standard,7831.50
3086,Elena Muller,elena.muller.3086@shopmail.test,United States,2022-05-28,Standard,9137.75
3087,Uma Sato,uma.sato.3087@example.com,Singapore,2021-01-21,Standard,125.93
3088,Yara Kim,yara.kim.3088@shopmail.test,United States,2023-11-30,Standard,9915.21
3089,Chen Chen,chen.chen.3089@example.com,United States,2021-06-07,Standard,4200.45
3090,Yara Sato,yara.sato.3090@example.com,United Kingdom,2020-10-04,Standard,2065.37
3091,Noah Patel,noah.patel.3091@shopmail.test,Canada,2023-12-29,Standard,1629.06
3092,Amelia Anderson,amelia.anderson.3092@retail.dev,Canada,2020-08-19,Basic,5949.61
3093,Anika Ali,anika.ali.3093@example.com,Japan,2022-05-31,Standard,4470.50
3094,Omar Garcia,omar.garcia.3094@shopmail.test,United Kingdom,2020-08-31,Standard,8582.18
3095,Zane Silva,zane.silva.3095@shopmail.test,United States,2021-08-13,Basic,6539.23
3096,Maya Chen,maya.chen.3096@shopmail.test,Singapore,2025-04-28,Standard,4692.55
3097,James Khan,james.khan.3097@shopmail.test,Canada,2022-01-20,Standard,960.59
3098,Tara Silva,tara.silva.3098@retail.dev,Germany,2022-01-29,Standard,3198.55
3099,Chen Ivanov,chen.ivanov.3099@example.com,United States,2021-02-12,Premium,9945.54
3100,Diego Costa,diego.costa.3100@shopmail.test,Germany,2024-04-16,Standard,1213.12
3101,Aisha Okafor,aisha.okafor.3101@retail.dev,India,2020-02-19,Premium,4807.29
3102,Aisha Silva,aisha.silva.3102@example.com,France,2020-05-23,Premium,4039.27
3103,Wei Ivanov,wei.ivanov.3103@shopmail.test,Japan,2021-07-09,Premium,4340.68
3104,Maya Anderson,maya.anderson.3104@shopmail.test,United States,2020-02-10,Standard,5722.66
3105,Aisha Kim,aisha.kim.3105@retail.dev,United States,2025-07-20,Standard,4019.12
3106,Aarav Mensah,aarav.mensah.3106@example.com,Brazil,2022-06-04,Standard,1096.47
3107,Chen Nguyen,chen.nguyen.3107@shopmail.test,Singapore,2021-01-18,Premium,6497.92
3108,Aisha Williams,aisha.williams.3108@shopmail.test,India,2025-04-19,Basic,7869.65
3109,Chen Kim,chen.kim.3109@retail.dev,Canada,2020-04-12,Basic,3065.28
3110,Rosa Ivanov,rosa.ivanov.3110@example.com,Japan,2021-04-03,Basic,1353.74
3111,Tara Garcia,tara.garcia.3111@shopmail.test,Germany,2025-04-25,Basic,5471.09
3112,James Patel,james.patel.3112@shopmail.test,India,2021-08-15,Basic,9120.93
3113,Chen Singh,chen.singh.3113@example.com,Australia,2021-08-13,Premium,4782.80
3114,Chen Khan,chen.khan.3114@retail.dev,United States,2026-08-04,Standard,1010.33
3115,Maya Sato,maya.sato.3115@shopmail.test,India,2023-06-03,Basic,5366.78
3116,Imani Novak,imani.novak.3116@retail.dev,Australia,2020-04-02,Standard,2212.01
3117,Hassan Kim,hassan.kim.3117@example.com,Brazil,2022-07-09,Basic,5657.14
3118,Noah Costa,noah.costa.3118@example.com,Canada,2026-04-01,Premium,11648.83
3119,Zane Singh,zane.singh.3119@shopmail.test,United States,2024-01-10,Standard,4225.30
3120,Arjun Kim,arjun.kim.3120@retail.dev,Singapore,2021-03-11,Standard,1347.52
3121,Yara Garcia,yara.garcia.3121@shopmail.test,Canada,2021-11-30,Basic,6497.40
3122,Rosa Novak,rosa.novak.3122@retail.dev,France,2026-01-03,Basic,3082.21
3123,Tara Williams,tara.williams.3123@example.com,United States,2024-09-21,Premium,5576.72
3124,Liam Williams,liam.williams.3124@retail.dev,Germany,2023-01-07,Standard,3124.34
3125,Jia Chen,jia.chen.3125@example.com,Brazil,2020-12-28,Basic,1336.69
3126,Grace Novak,grace.novak.3126@example.com,United States,2026-05-12,Premium,5260.27
3127,Imani Ali,imani.ali.3127@example.com,France,2025-12-07,Basic,9228.21
3128,Noah Silva,noah.silva.3128@shopmail.test,Japan,2022-03-19,Basic,11756.28
3129,Fatima Williams,fatima.williams.3129@example.com,Japan,2024-11-25,Standard,11335.97
3130,Chen Kim,chen.kim.3130@shopmail.test,Canada,2022-07-06,Standard,6345.21
3131,James Nguyen,james.nguyen.3131@example.com,India,2021-08-29,Basic,141.50
3132,Diego Okafor,diego.okafor.3132@shopmail.test,United States,2021-08-30,Basic,4327.37
3133,Wei Khan,wei.khan.3133@retail.dev,Japan,2022-06-11,Premium,271.94
3134,Imani Muller,imani.muller.3134@shopmail.test,Germany,2023-04-09,Basic,11928.92
3135,Maya Kim,maya.kim.3135@retail.dev,United Kingdom,2020-01-20,Premium,6265.08
3136,Anika Sato,anika.sato.3136@retail.dev,United Kingdom,2021-05-02,Standard,56.74
3137,Imani Ali,imani.ali.3137@shopmail.test,Germany,2021-09-15,Basic,1687.89
3138,Yara Mensah,yara.mensah.3138@retail.dev,Brazil,2026-07-11,Standard,11342.22
3139,Rosa Novak,rosa.novak.3139@retail.dev,Australia,2020-07-02,Standard,6512.78
3140,Grace Chen,grace.chen.3140@retail.dev,France,2020-12-02,Basic,10402.54
3141,Keiko Sato,keiko.sato.3141@retail.dev,Singapore,2024-05-10,Standard,631.68
3142,Liam Sato,liam.sato.3142@example.com,Germany,2022-06-16,Standard,1446.92
3143,Zane Mensah,zane.mensah.3143@example.com,Australia,2020-12-03,Basic,6292.61
3144,Amelia Novak,amelia.novak.3144@shopmail.test,Japan,2026-03-24,Standard,8339.28
3145,Arjun Ali,arjun.ali.3145@retail.dev,Canada,2023-06-19,Standard,242.60
3146,Tara Anderson,tara.anderson.3146@example.com,Canada,2020-10-07,Standard,3904.20
3147,James Ivanov,james.ivanov.3147@retail.dev,Singapore,2020-05-02,Standard,4516.37
3148,Noah Sato,noah.sato.3148@shopmail.test,France,2023-03-06,Standard,8456.04
3149,Jia Silva,jia.silva.3149@shopmail.test,United States,2020-08-07,Premium,6617.67
3150,Tara Silva,tara.silva.3150@example.com,India,2026-01-17,Basic,8272.40
3151,Omar Muller,omar.muller.3151@shopmail.test,United States,2025-10-03,Standard,11071.25
3152,Arjun Lopez,arjun.lopez.3152@example.com,Brazil,2021-07-30,Premium,4176.14
3153,Fatima Brown,fatima.brown.3153@shopmail.test,Germany,2021-07-10,Standard,9481.28
3154,James Costa,james.costa.3154@shopmail.test,United States,2021-10-16,Basic,2686.67
3155,Aarav Costa,aarav.costa.3155@retail.dev,India,2020-12-23,Standard,1159.05
3156,Lucia Brown,lucia.brown.3156@example.com,India,2021-03-15,Standard,8247.26
3157,Tara Brown,tara.brown.3157@shopmail.test,United Kingdom,2023-11-18,Standard,3460.20
3158,Wei Patel,wei.patel.3158@example.com,Canada,2020-09-06,Standard,2095.39
3159,James Ivanov,james.ivanov.3159@example.com,Japan,2020-04-06,Premium,1555.25
3160,Arjun Mensah,arjun.mensah.3160@retail.dev,India,2020-12-20,Premium,8687.79
3161,Diego Silva,diego.silva.3161@shopmail.test,United Kingdom,2026-05-14,Basic,11104.63
3162,Hiro Garcia,hiro.garcia.3162@retail.dev,Australia,2021-05-27,Premium,10855.78
3163,Aarav Okafor,aarav.okafor.3163@retail.dev,Canada,2024-10-24,Standard,3918.10
3164,Grace Lopez,grace.lopez.3164@example.com,India,2020-07-07,Basic,3682.90
3165,Jia Ivanov,jia.ivanov.3165@example.com,United Kingdom,2022-06-15,Basic,3615.65
3166,Noah Garcia,noah.garcia.3166@retail.dev,Germany,2023-09-25,Standard,4407.26
3167,Zane Costa,zane.costa.3167@shopmail.test,Japan,2025-07-07,Basic,3132.19
3168,Zane Ivanov,zane.ivanov.3168@example.com,India,2020-12-06,Standard,4932.74
3169,Zane Brown,zane.brown.3169@shopmail.test,India,2021-02-19,Basic,1536.46
3170,Imani Mensah,imani.mensah.3170@retail.dev,France,2020-01-16,Standard,10171.47
3171,Yara Singh,yara.singh.3171@shopmail.test,United Kingdom,2024-06-27,Basic,10274.71
3172,Zane Novak,zane.novak.3172@retail.dev,Brazil,2024-12-15,Basic,4920.02
3173,Liam Sato,liam.sato.3173@retail.dev,India,2023-04-16,Standard,9962.69
3174,Maya Patel,maya.patel.3174@example.com,Japan,2022-04-30,Standard,462.08
3175,Grace Williams,grace.williams.3175@example.com,India,2026-05-05,Standard,3633.51
3176,Elena Brown,elena.brown.3176@shopmail.test,France,2023-01-18,Basic,3708.50
3177,Wei Lopez,wei.lopez.3177@example.com,Australia,2026-02-21,Standard,1347.79
3178,Tara Ivanov,tara.ivanov.3178@example.com,Australia,2022-11-01,Standard,9020.74
3179,Fatima Ali,fatima.ali.3179@retail.dev,Canada,2021-12-05,Premium,4811.04
3180,Tara Costa,tara.costa.3180@retail.dev,Singapore,2020-12-26,Basic,1235.38
3181,Keiko Khan,keiko.khan.3181@shopmail.test,Germany,2026-02-17,Standard,6386.08
3182,Aarav Ivanov,aarav.ivanov.3182@retail.dev,Canada,2022-08-14,Standard,4064.92
3183,Liam Williams,liam.williams.3183@shopmail.test,Singapore,2022-01-02,Basic,6350.62
3184,Tara Ivanov,tara.ivanov.3184@shopmail.test,United States,2026-01-07,Premium,4876.69
3185,Hiro Kim,hiro.kim.3185@example.com,Australia,2021-02-16,Basic,2201.39
3186,Grace Khan,grace.khan.3186@example.com,United States,2023-02-16,Premium,8721.33
3187,Anika Lopez,anika.lopez.3187@retail.dev,France,2020-07-27,Standard,8934.09
3188,Aarav Muller,aarav.muller.3188@retail.dev,Japan,2025-07-27,Premium,8569.52
3189,Imani Patel,imani.patel.3189@retail.dev,Germany,2020-08-27,Standard,773.22
3190,Anika Novak,anika.novak.3190@retail.dev,United States,2025-01-03,Standard,7116.91
3191,Amelia Garcia,amelia.garcia.3191@shopmail.test,Brazil,2023-02-04,Premium,183.15
3192,Uma Kim,uma.kim.3192@retail.dev,United Kingdom,2022-09-12,Premium,8286.06
3193,Maya Mensah,maya.mensah.3193@example.com,France,2026-03-22,Standard,9373.57
3194,Wei Silva,wei.silva.3194@example.com,Japan,2023-12-24,Standard,7411.65
3195,Fatima Kim,fatima.kim.3195@retail.dev,Brazil,2026-07-11,Standard,10148.68
3196,Uma Williams,uma.williams.3196@retail.dev,United Kingdom,2023-09-08,Basic,11057.14
3197,Amelia Khan,amelia.khan.3197@example.com,United Kingdom,2024-11-27,Standard,4068.92
3198,Aarav Okafor,aarav.okafor.3198@shopmail.test,Japan,2021-11-12,Standard,8120.05
3199,Rosa Anderson,rosa.anderson.3199@example.com,Germany,2025-04-15,Premium,5629.08
3200,Jia Kim,jia.kim.3200@retail.dev,Japan,2024-08-28,Premium,354.20
3201,Anika Novak,anika.novak.3201@example.com,Singapore,2025-04-09,Basic,1876.68
3202,Wei Ali,wei.ali.3202@example.com,Japan,2024-04-22,Standard,5897.66
3203,Diego Okafor,diego.okafor.3203@shopmail.test,Japan,2023-10-19,Basic,507.81
3204,Viktor Kim,viktor.kim.3204@example.com,Japan,2020-01-29,Standard,3459.38
3205,Hiro Singh,hiro.singh.3205@example.com,India,2025-03-21,Basic,6018.50
3206,Omar Sato,omar.sato.3206@example.com,France,2023-04-15,Standard,9222.19
3207,Zane Nguyen,zane.nguyen.3207@retail.dev,United States,2021-10-26,Basic,1480.46
3208,Tara Lopez,tara.lopez.3208@shopmail.test,France,2024-04-15,Standard,10166.82
3209,Priya Okafor,priya.okafor.3209@retail.dev,Australia,2020-03-22,Standard,5323.75
3210,Amelia Ivanov,amelia.ivanov.3210@shopmail.test,India,2021-04-29,Standard,10200.21
3211,Amelia Brown,amelia.brown.3211@shopmail.test,India,2020-08-12,Basic,10068.79
3212,Imani Garcia,imani.garcia.3212@example.com,Australia,2020-01-19,Standard,140.51
3213,Aisha Williams,aisha.williams.3213@example.com,United Kingdom,2022-11-22,Basic,1899.58
3214,Noah Chen,noah.chen.3214@shopmail.test,Japan,2022-06-28,Standard,3480.49
3215,Amelia Muller,amelia.muller.3215@retail.dev,France,2020-04-06,Premium,10956.67
3216,Noah Garcia,noah.garcia.3216@example.com,United Kingdom,2020-03-04,Standard,2762.88
3217,Hiro Garcia,hiro.garcia.3217@retail.dev,Japan,2024-03-24,Standard,4392.62
3218,Imani Costa,imani.costa.3218@retail.dev,Singapore,2024-07-13,Basic,2959.69
3219,Viktor Brown,viktor.brown.3219@example.com,Australia,2022-08-11,Standard,1111.31
3220,Aarav Kim,aarav.kim.3220@example.com,Brazil,2023-02-05,Basic,5061.82
3221,Liam Ali,liam.ali.3221@shopmail.test,Germany,2024-10-04,Basic,1489.30
3222,Lucia Brown,lucia.brown.3222@example.com,India,2023-08-07,Basic,10974.87
3223,Lucia Garcia,lucia.garcia.3223@example.com,India,2025-01-13,Basic,3970.95
3224,Elena Ali,elena.ali.3224@example.com,Australia,2024-03-04,Basic,5985.56
3225,Hiro Sato,hiro.sato.3225@example.com,Singapore,2021-09-25,Standard,11268.19
3226,Jia Nguyen,jia.nguyen.3226@shopmail.test,Canada,2022-07-19,Basic,250.86
3227,James Singh,james.singh.3227@example.com,United States,2023-02-21,Standard,5564.35
3228,Hiro Garcia,hiro.garcia.3228@example.com,Japan,2024-12-13,Premium,5541.79
3229,Jia Kim,jia.kim.3229@retail.dev,Brazil,2024-01-21,Standard,3181.30
3230,Lucia Muller,lucia.muller.3230@example.com,Brazil,2025-05-24,Standard,757.89
3231,Hassan Costa,hassan.costa.3231@shopmail.test,Canada,2022-07-23,Standard,9321.39
3232,Uma Garcia,uma.garcia.3232@shopmail.test,India,2023-05-20,Standard,3908.70
3233,Imani Patel,imani.patel.3233@shopmail.test,Japan,2021-10-25,Standard,4004.66
3234,Imani Silva,imani.silva.3234@shopmail.test,United States,2025-01-20,Standard,6206.43
3235,Jia Ivanov,jia.ivanov.3235@retail.dev,France,2024-10-21,Standard,148.17
3236,Priya Khan,priya.khan.3236@retail.dev,Germany,2021-08-12,Standard,834.48
3237,Zane Brown,zane.brown.3237@shopmail.test,Brazil,2022-05-02,Basic,11603.57
3238,James Silva,james.silva.3238@retail.dev,France,2024-01-06,Standard,2634.21
3239,Rosa Williams,rosa.williams.3239@retail.dev,United States,2025-04-30,Standard,4892.08
3240,Tara Sato,tara.sato.3240@shopmail.test,Singapore,2025-10-18,Basic,6291.70
3241,Priya Muller,priya.muller.3241@shopmail.test,Germany,2021-12-23,Premium,4031.94
3242,Fatima Anderson,fatima.anderson.3242@retail.dev,India,2023-11-21,Basic,8255.47
3243,Keiko Khan,keiko.khan.3243@shopmail.test,Singapore,2026-06-24,Standard,1028.60
3244,Viktor Mensah,viktor.mensah.3244@shopmail.test,Germany,2024-10-23,Basic,9323.73
3245,Priya Brown,priya.brown.3245@retail.dev,Singapore,2024-08-12,Standard,8847.53
3246,Wei Mensah,wei.mensah.3246@example.com,France,2025-08-09,Basic,4147.54
3247,Viktor Garcia,viktor.garcia.3247@retail.dev,Canada,2026-07-31,Basic,355.76
3248,Arjun Nguyen,arjun.nguyen.3248@example.com,Brazil,2025-05-07,Standard,4844.23
3249,Rosa Khan,rosa.khan.3249@retail.dev,India,2022-01-08,Premium,2133.36
3250,Keiko Kim,keiko.kim.3250@shopmail.test,Brazil,2021-03-11,Basic,10035.10
3251,James Novak,james.novak.3251@example.com,United States,2021-05-09,Basic,1301.63
3252,Sofia Costa,sofia.costa.3252@example.com,Canada,2021-10-07,Standard,6529.76
3253,Fatima Chen,fatima.chen.3253@shopmail.test,India,2024-07-13,Standard,2811.45
3254,Zane Kim,zane.kim.3254@retail.dev,India,2024-10-06,Basic,119.17
3255,Chen Anderson,chen.anderson.3255@retail.dev,Japan,2022-01-08,Basic,11938.95
3256,Aarav Kim,aarav.kim.3256@shopmail.test,United Kingdom,2022-12-26,Standard,4785.31
3257,Aisha Ivanov,aisha.ivanov.3257@shopmail.test,United States,2026-02-15,Premium,880.65
3258,Yara Khan,yara.khan.3258@example.com,Australia,2020-11-25,Standard,2348.37
3259,Priya Anderson,priya.anderson.3259@example.com,France,2020-05-14,Standard,2399.46
3260,Uma Mensah,uma.mensah.3260@retail.dev,Germany,2022-01-21,Standard,3373.96
3261,Viktor Kim,viktor.kim.3261@shopmail.test,France,2024-12-09,Standard,3361.68
3262,Elena Chen,elena.chen.3262@example.com,France,2020-01-22,Standard,11495.89
3263,Sofia Brown,sofia.brown.3263@retail.dev,Singapore,2022-12-01,Premium,10574.69
3264,Uma Chen,uma.chen.3264@retail.dev,Singapore,2023-08-24,Premium,7253.39
3265,Elena Silva,elena.silva.3265@shopmail.test,India,2025-03-07,Basic,11895.90
3266,Lucia Garcia,lucia.garcia.3266@shopmail.test,Germany,2021-10-17,Basic,1436.53
3267,Hiro Patel,hiro.patel.3267@shopmail.test,United States,2023-05-07,Basic,6769.47
3268,Arjun Ivanov,arjun.ivanov.3268@example.com,Brazil,2024-09-15,Standard,7759.43
3269,Viktor Nguyen,viktor.nguyen.3269@example.com,Singapore,2026-03-14,Standard,4286.88
3270,Keiko Sato,keiko.sato.3270@example.com,Japan,2026-07-29,Standard,5445.41
3271,Viktor Chen,viktor.chen.3271@retail.dev,Brazil,2024-11-16,Standard,58.40
3272,Hiro Ivanov,hiro.ivanov.3272@retail.dev,United Kingdom,2020-03-29,Standard,6559.04
3273,Maya Nguyen,maya.nguyen.3273@example.com,Australia,2026-09-03,Premium,2254.39
3274,Sofia Costa,sofia.costa.3274@retail.dev,Singapore,2022-09-02,Standard,3371.93
3275,Yara Patel,yara.patel.3275@shopmail.test,Germany,2026-07-23,Standard,10787.56
3276,Elena Khan,elena.khan.3276@shopmail.test,United Kingdom,2021-12-10,Premium,2034.08
3277,Aisha Silva,aisha.silva.3277@shopmail.test,United States,2024-03-12,Basic,9669.19
3278,Anika Novak,anika.novak.3278@retail.dev,United States,2022-07-15,Basic,3422.07
3279,Elena Lopez,elena.lopez.3279@retail.dev,Canada,2026-07-07,Standard,6663.75
3280,Quinn Khan,quinn.khan.3280@example.com,Canada,2022-03-04,Basic,2966.10
3281,Viktor Muller,viktor.muller.3281@example.com,United States,2024-06-02,Basic,7115.34
3282,Tara Chen,tara.chen.3282@retail.dev,Germany,2020-04-19,Standard,8965.79
3283,Anika Silva,anika.silva.3283@retail.dev,United States,2023-01-08,Basic,1108.33
3284,Jia Brown,jia.brown.3284@retail.dev,Singapore,2024-05-27,Standard,10497.93
3285,Arjun Patel,arjun.patel.3285@shopmail.test,Germany,2021-04-27,Premium,11604.60
3286,Amelia Okafor,amelia.okafor.3286@example.com,United Kingdom,2025-02-26,Standard,4476.05
3287,Yara Anderson,yara.anderson.3287@shopmail.test,United Kingdom,2024-04-21,Standard,9304.12
3288,Maya Khan,maya.khan.3288@example.com,Singapore,2025-01-09,Standard,11832.15
3289,Arjun Nguyen,arjun.nguyen.3289@example.com,Brazil,2024-06-08,Standard,8443.31
3290,Hiro Muller,hiro.muller.3290@shopmail.test,Brazil,2024-06-29,Premium,5097.04
3291,Hassan Silva,hassan.silva.3291@shopmail.test,United Kingdom,2025-09-14,Standard,4798.74
3292,Wei Silva,wei.silva.3292@shopmail.test,Germany,2020-04-14,Basic,5123.04
3293,Aarav Anderson,aarav.anderson.3293@retail.dev,Canada,2026-05-28,Standard,7926.64
3294,Hassan Silva,hassan.silva.3294@example.com,United Kingdom,2023-01-12,Premium,2015.43
3295,Hiro Muller,hiro.muller.3295@shopmail.test,Germany,2023-09-21,Standard,3830.60
3296,Rosa Silva,rosa.silva.3296@example.com,United States,2021-02-15,Standard,1283.18
3297,Liam Mensah,liam.mensah.3297@example.com,Canada,2025-06-10,Basic,5545.42
3298,Jia Novak,jia.novak.3298@example.com,India,2021-06-03,Standard,8901.46
3299,Amelia Williams,amelia.williams.3299@retail.dev,Australia,2026-02-11,Standard,9828.20
3300,Quinn Chen,quinn.chen.3300@example.com,Canada,2021-03-24,Standard,8838.05
3301,Sofia Chen,sofia.chen.3301@retail.dev,France,2025-06-01,Standard,5191.28
3302,Uma Ali,uma.ali.3302@example.com,Singapore,2022-03-23,Basic,10570.52
3303,Maya Chen,maya.chen.3303@retail.dev,United States,2024-10-27,Standard,4311.67
3304,Chen Brown,chen.brown.3304@shopmail.test,Canada,2025-03-28,Basic,7994.51
3305,Aisha Williams,aisha.williams.3305@shopmail.test,Japan,2023-09-28,Standard,9432.68
3306,Liam Khan,liam.khan.3306@retail.dev,France,2026-01-26,Standard,9303.68
3307,Quinn Okafor,quinn.okafor.3307@retail.dev,Japan,2021-07-06,Standard,2083.52
3308,Fatima Lopez,fatima.lopez.3308@example.com,Australia,2025-05-29,Premium,7024.40
3309,Grace Khan,grace.khan.3309@retail.dev,France,2023-07-30,Basic,984.83
3310,Chen Chen,chen.chen.3310@example.com,United Kingdom,2021-10-13,Standard,10438.18
3311,Lucia Nguyen,lucia.nguyen.3311@retail.dev,France,2023-12-15,Basic,7972.67
3312,Chen Costa,chen.costa.3312@retail.dev,Canada,2025-01-05,Standard,4948.99
3313,Wei Nguyen,wei.nguyen.3313@example.com,Germany,2020-02-22,Premium,11350.52
3314,Yara Sato,yara.sato.3314@retail.dev,United States,2020-12-23,Standard,6891.44
3315,Tara Anderson,tara.anderson.3315@shopmail.test,United States,2024-09-06,Standard,9981.92
3316,Arjun Ivanov,arjun.ivanov.3316@shopmail.test,United States,2024-06-20,Premium,11024.77
3317,Zane Ali,zane.ali.3317@shopmail.test,Canada,2024-01-19,Standard,2241.71
3318,Omar Patel,omar.patel.3318@example.com,United Kingdom,2020-03-17,Basic,7383.92
3319,Maya Muller,maya.muller.3319@retail.dev,India,2022-10-03,Standard,2429.49
3320,Arjun Nguyen,arjun.nguyen.3320@retail.dev,Germany,2023-05-05,Basic,1146.41
3321,Imani Anderson,imani.anderson.3321@retail.dev,India,2020-07-10,Standard,279.68
3322,Jia Okafor,jia.okafor.3322@example.com,France,2020-06-01,Standard,3389.81
3323,Uma Patel,uma.patel.3323@shopmail.test,Canada,2025-04-25,Basic,10446.94
3324,Diego Williams,diego.williams.3324@example.com,Brazil,2023-12-20,Premium,6880.00
3325,Chen Khan,chen.khan.3325@shopmail.test,India,2023-01-16,Standard,5350.20
3326,Viktor Muller,viktor.muller.3326@example.com,France,2021-03-31,Standard,10411.48
3327,Anika Anderson,anika.anderson.3327@shopmail.test,Canada,2022-11-26,Standard,1140.51
3328,Arjun Khan,arjun.khan.3328@shopmail.test,United Kingdom,2021-02-10,Standard,3330.36
3329,Yara Khan,yara.khan.3329@shopmail.test,Japan,2025-02-26,Standard,5651.67
3330,Hiro Okafor,hiro.okafor.3330@shopmail.test,Germany,2024-09-17,Basic,9030.82
3331,Tara Sato,tara.sato.3331@shopmail.test,France,2023-04-12,Standard,11696.77
3332,Tara Garcia,tara.garcia.3332@retail.dev,Japan,2025-04-22,Standard,4098.67
3333,Jia Anderson,jia.anderson.3333@retail.dev,Singapore,2020-12-20,Basic,5945.61
3334,Diego Nguyen,diego.nguyen.3334@example.com,Canada,2023-05-12,Standard,518.09
3335,Lucia Muller,lucia.muller.3335@example.com,Brazil,2024-12-28,Standard,9263.66
3336,Chen Muller,chen.muller.3336@example.com,Japan,2023-01-05,Standard,9376.33
3337,Uma Lopez,uma.lopez.3337@example.com,India,2026-06-03,Standard,6854.01
3338,Hiro Costa,hiro.costa.3338@example.com,France,2026-01-04,Standard,2724.10
3339,Lucia Ali,lucia.ali.3339@example.com,Japan,2020-06-18,Standard,5624.64
3340,James Sato,james.sato.3340@example.com,Singapore,2020-09-15,Standard,11751.55
3341,Hassan Muller,hassan.muller.3341@shopmail.test,Brazil,2025-08-13,Basic,7519.21
3342,Rosa Sato,rosa.sato.3342@example.com,Australia,2021-12-15,Premium,8720.20
3343,Sofia Ali,sofia.ali.3343@example.com,Brazil,2020-03-06,Basic,414.20
3344,Lucia Garcia,lucia.garcia.3344@shopmail.test,France,2022-12-08,Standard,622.68
3345,Rosa Kim,rosa.kim.3345@retail.dev,Canada,2023-04-17,Standard,6074.64
3346,Fatima Khan,fatima.khan.3346@example.com,Japan,2025-02-15,Premium,8739.70
3347,Sofia Mensah,sofia.mensah.3347@shopmail.test,Brazil,2023-12-10,Basic,3095.48
3348,Arjun Lopez,arjun.lopez.3348@example.com,Australia,2022-08-15,Standard,11097.28
3349,Priya Costa,priya.costa.3349@retail.dev,Singapore,2020-12-22,Standard,9802.31
3350,Maya Patel,maya.patel.3350@retail.dev,India,2020-09-01,Premium,5717.65
3351,Maya Kim,maya.kim.3351@example.com,Brazil,2020-02-15,Basic,3714.08
3352,Omar Chen,omar.chen.3352@shopmail.test,France,2024-04-26,Premium,11716.11
3353,Sofia Ivanov,sofia.ivanov.3353@retail.dev,Germany,2020-05-16,Standard,462.15
3354,Jia Sato,jia.sato.3354@example.com,France,2024-10-06,Standard,2966.62
3355,Keiko Mensah,keiko.mensah.3355@retail.dev,United Kingdom,2022-05-14,Premium,4869.50
3356,Lucia Silva,lucia.silva.3356@shopmail.test,Singapore,2022-01-19,Basic,5062.04
3357,Omar Sato,omar.sato.3357@shopmail.test,Japan,2020-11-28,Standard,9258.89
3358,Omar Williams,omar.williams.3358@shopmail.test,Singapore,2024-10-30,Standard,6041.02
3359,Tara Patel,tara.patel.3359@shopmail.test,Germany,2024-05-05,Standard,2482.82
3360,Grace Nguyen,grace.nguyen.3360@retail.dev,Brazil,2025-10-10,Standard,10424.78
3361,Imani Anderson,imani.anderson.3361@example.com,Canada,2023-07-13,Basic,7661.22
3362,Maya Silva,maya.silva.3362@example.com,Canada,2021-07-23,Basic,8341.27
3363,Omar Chen,omar.chen.3363@retail.dev,France,2024-09-26,Basic,9183.99
3364,Priya Mensah,priya.mensah.3364@example.com,United Kingdom,2020-05-01,Standard,2491.04
3365,Imani Nguyen,imani.nguyen.3365@example.com,Brazil,2026-06-24,Basic,8122.09
3366,Diego Ali,diego.ali.3366@retail.dev,United Kingdom,2026-07-09,Standard,10047.81
3367,Priya Ali,priya.ali.3367@retail.dev,India,2026-01-06,Basic,5899.19
3368,James Brown,james.brown.3368@example.com,Brazil,2022-04-15,Basic,2819.73
3369,Rosa Anderson,rosa.anderson.3369@retail.dev,Canada,2025-12-26,Standard,9969.74
3370,Chen Lopez,chen.lopez.3370@retail.dev,Singapore,2026-08-02,Standard,386.73
3371,Lucia Muller,lucia.muller.3371@shopmail.test,Canada,2020-12-22,Standard,2867.93
3372,Priya Novak,priya.novak.3372@retail.dev,Singapore,2020-03-19,Premium,4321.54
3373,James Mensah,james.mensah.3373@example.com,Singapore,2020-04-19,Basic,7195.80
3374,Hassan Chen,hassan.chen.3374@retail.dev,Japan,2024-12-03,Standard,4430.18
3375,Chen Sato,chen.sato.3375@shopmail.test,Germany,2022-08-08,Standard,6163.74
3376,Tara Patel,tara.patel.3376@retail.dev,United Kingdom,2021-08-23,Basic,8332.51
3377,Jia Chen,jia.chen.3377@example.com,France,2021-04-02,Standard,6036.43
3378,Omar Lopez,omar.lopez.3378@shopmail.test,Japan,2023-01-15,Standard,8141.66
3379,Maya Patel,maya.patel.3379@retail.dev,India,2021-02-25,Standard,10214.70
3380,Wei Williams,wei.williams.3380@shopmail.test,United States,2021-01-16,Standard,2416.57
3381,Anika Okafor,anika.okafor.3381@shopmail.test,Canada,2020-08-10,Basic,11728.49
3382,Aisha Mensah,aisha.mensah.3382@retail.dev,United States,2020-07-15,Standard,6170.30
3383,Liam Garcia,liam.garcia.3383@example.com,Singapore,2025-02-03,Standard,1823.92
3384,Zane Ivanov,zane.ivanov.3384@shopmail.test,Canada,2026-03-03,Standard,10444.67
3385,Uma Williams,uma.williams.3385@example.com,Brazil,2023-08-29,Basic,386.53
3386,Arjun Williams,arjun.williams.3386@retail.dev,India,2025-09-10,Standard,11592.14
3387,Omar Mensah,omar.mensah.3387@example.com,France,2023-02-02,Premium,5041.91
3388,Yara Ali,yara.ali.3388@shopmail.test,United Kingdom,2021-04-05,Basic,10617.59
3389,Chen Okafor,chen.okafor.3389@example.com,Japan,2024-07-21,Standard,211.28
3390,Arjun Anderson,arjun.anderson.3390@retail.dev,India,2022-09-10,Standard,5489.07
3391,Yara Ivanov,yara.ivanov.3391@shopmail.test,Canada,2022-03-08,Standard,10591.30
3392,Diego Brown,diego.brown.3392@retail.dev,Canada,2026-09-02,Standard,7820.25
3393,Hassan Williams,hassan.williams.3393@example.com,Canada,2025-06-07,Basic,997.65
3394,Tara Silva,tara.silva.3394@example.com,France,2023-05-06,Standard,10525.94
3395,Noah Anderson,noah.anderson.3395@example.com,Brazil,2026-07-26,Premium,11114.25
3396,Hiro Muller,hiro.muller.3396@retail.dev,Brazil,2020-02-06,Standard,10915.94
3397,Imani Patel,imani.patel.3397@shopmail.test,United States,2022-10-20,Standard,7797.08
3398,Arjun Costa,arjun.costa.3398@retail.dev,Canada,2022-09-19,Standard,1617.17
3399,Aisha Singh,aisha.singh.3399@shopmail.test,Japan,2023-12-24,Standard,9175.08
3400,Sofia Garcia,sofia.garcia.3400@shopmail.test,United States,2025-12-22,Basic,9482.53
3401,Elena Lopez,elena.lopez.3401@retail.dev,India,2023-01-19,Basic,10788.87
3402,Anika Singh,anika.singh.3402@retail.dev,Australia,2026-05-23,Standard,5993.50
3403,Fatima Lopez,fatima.lopez.3403@example.com,Germany,2024-08-10,Standard,2391.09
3404,James Patel,james.patel.3404@retail.dev,Japan,2024-04-10,Standard,5576.52
3405,James Costa,james.costa.3405@shopmail.test,Singapore,2026-07-25,Premium,4489.68
3406,Uma Okafor,uma.okafor.3406@shopmail.test,India,2021-12-14,Premium,629.71
3407,Noah Williams,noah.williams.3407@retail.dev,Singapore,2024-05-03,Standard,11535.92
3408,Arjun Anderson,arjun.anderson.3408@shopmail.test,Singapore,2024-04-21,Standard,895.24
3409,Maya Ivanov,maya.ivanov.3409@retail.dev,Singapore,2021-12-25,Standard,4153.41
3410,Yara Novak,yara.novak.3410@retail.dev,Japan,2021-09-24,Standard,8853.41
3411,Elena Khan,elena.khan.3411@shopmail.test,Japan,2023-08-06,Basic,8824.28
3412,Liam Mensah,liam.mensah.3412@shopmail.test,United States,2025-07-22,Standard,2267.81
3413,Grace Kim,grace.kim.3413@retail.dev,Canada,2022-10-08,Standard,2092.68
3414,Wei Novak,wei.novak.3414@retail.dev,Germany,2022-10-08,Premium,2421.70
3415,Sofia Novak,sofia.novak.3415@example.com,United States,2020-12-12,Standard,1534.51
3416,Aarav Garcia,aarav.garcia.3416@retail.dev,Brazil,2023-04-01,Standard,7837.15
3417,Yara Lopez,yara.lopez.3417@example.com,Canada,2021-08-24,Basic,8699.41
3418,Rosa Muller,rosa.muller.3418@retail.dev,United Kingdom,2020-05-18,Basic,8779.79
3419,Diego Costa,diego.costa.3419@retail.dev,Brazil,2021-04-29,Premium,6211.12
3420,Hassan Silva,hassan.silva.3420@retail.dev,Japan,2026-02-04,Standard,422.23
3421,James Brown,james.brown.3421@retail.dev,India,2024-04-20,Standard,8913.84
3422,Grace Anderson,grace.anderson.3422@example.com,United States,2023-09-11,Standard,8520.32
3423,Liam Nguyen,liam.nguyen.3423@retail.dev,Brazil,2022-08-14,Standard,2804.73
3424,James Ivanov,james.ivanov.3424@retail.dev,France,2021-02-23,Standard,3150.70
3425,Arjun Ali,arjun.ali.3425@example.com,Australia,2026-02-11,Basic,11748.49
3426,Imani Chen,imani.chen.3426@retail.dev,Australia,2021-06-23,Basic,1044.97
3427,Elena Anderson,elena.anderson.3427@retail.dev,France,2025-01-11,Standard,4923.26
3428,Maya Brown,maya.brown.3428@retail.dev,Canada,2025-05-21,Standard,9179.66
3429,Viktor Anderson,viktor.anderson.3429@shopmail.test,Canada,2023-06-22,Standard,11274.03
3430,Anika Nguyen,anika.nguyen.3430@example.com,Brazil,2023-07-26,Standard,893.70
3431,Priya Novak,priya.novak.3431@example.com,Brazil,2023-07-17,Basic,1185.77
3432,Keiko Okafor,keiko.okafor.3432@shopmail.test,United States,2022-03-15,Standard,902.46
3433,Elena Ivanov,elena.ivanov.3433@example.com,United States,2020-12-18,Basic,9147.50
3434,Arjun Brown,arjun.brown.3434@example.com,Japan,2026-07-19,Standard,875.02
3435,Keiko Khan,keiko.khan.3435@retail.dev,India,2022-05-10,Standard,2298.78
3436,Tara Costa,tara.costa.3436@retail.dev,Singapore,2023-06-25,Standard,5396.43
3437,Aarav Sato,aarav.sato.3437@retail.dev,France,2025-07-13,Standard,5341.08
3438,Viktor Silva,viktor.silva.3438@example.com,Brazil,2022-07-12,Standard,811.62
3439,James Brown,james.brown.3439@shopmail.test,United States,2020-11-08,Basic,7309.40
3440,Yara Chen,yara.chen.3440@retail.dev,India,2024-01-03,Premium,8348.54
3441,Viktor Chen,viktor.chen.3441@shopmail.test,Germany,2026-08-26,Standard,3234.11
3442,Fatima Patel,fatima.patel.3442@example.com,Australia,2020-10-27,Standard,4264.36
3443,Hiro Chen,hiro.chen.3443@shopmail.test,Brazil,2020-11-19,Basic,9697.93
3444,Fatima Sato,fatima.sato.3444@retail.dev,United Kingdom,2024-05-26,Standard,3005.29
3445,Yara Lopez,yara.lopez.3445@example.com,United States,2020-07-11,Standard,9859.57
3446,Grace Anderson,grace.anderson.3446@example.com,Canada,2026-08-04,Standard,9950.77
3447,Hassan Costa,hassan.costa.3447@example.com,Singapore,2021-04-25,Standard,11816.93
3448,Yara Chen,yara.chen.3448@example.com,Germany,2021-09-04,Standard,9656.16
3449,Maya Lopez,maya.lopez.3449@retail.dev,United States,2024-05-31,Basic,9211.98
3450,Elena Williams,elena.williams.3450@shopmail.test,Canada,2024-03-02,Basic,6539.26
3451,Omar Anderson,omar.anderson.3451@shopmail.test,Australia,2024-12-26,Standard,174.06
3452,Chen Novak,chen.novak.3452@shopmail.test,France,2023-10-16,Premium,10818.01
3453,Quinn Novak,quinn.novak.3453@shopmail.test,France,2022-04-26,Basic,8675.44
3454,Arjun Khan,arjun.khan.3454@shopmail.test,Canada,2020-08-15,Basic,7268.69
3455,Fatima Anderson,fatima.anderson.3455@shopmail.test,Brazil,2025-08-22,Basic,10802.53
3456,Aisha Williams,aisha.williams.3456@retail.dev,India,2026-04-06,Standard,11626.63
3457,Aisha Kim,aisha.kim.3457@retail.dev,Canada,2021-01-14,Standard,8681.56
3458,Viktor Muller,viktor.muller.3458@example.com,France,2020-11-19,Premium,8176.97
3459,Imani Kim,imani.kim.3459@shopmail.test,Japan,2021-01-29,Standard,3326.23
3460,Aisha Brown,aisha.brown.3460@retail.dev,United Kingdom,2021-10-29,Basic,2910.60
3461,Anika Novak,anika.novak.3461@retail.dev,India,2024-07-09,Premium,11930.49
3462,Arjun Anderson,arjun.anderson.3462@retail.dev,United States,2023-07-08,Standard,10862.18
3463,Keiko Okafor,keiko.okafor.3463@shopmail.test,United States,2023-01-21,Standard,3360.23
3464,Viktor Chen,viktor.chen.3464@example.com,Brazil,2021-07-17,Basic,10747.42
3465,Sofia Garcia,sofia.garcia.3465@retail.dev,Singapore,2023-03-30,Standard,904.31
3466,Hassan Muller,hassan.muller.3466@shopmail.test,France,2026-06-19,Standard,10519.88
3467,James Silva,james.silva.3467@retail.dev,France,2024-07-26,Standard,3937.43
3468,Yara Anderson,yara.anderson.3468@retail.dev,France,2024-01-28,Standard,187.97
3469,Amelia Chen,amelia.chen.3469@retail.dev,Brazil,2023-05-18,Premium,4503.29
3470,Aarav Khan,aarav.khan.3470@example.com,France,2024-05-09,Standard,604.81
3471,Elena Patel,elena.patel.3471@example.com,Australia,2024-06-10,Standard,5221.82
3472,Aisha Silva,aisha.silva.3472@retail.dev,France,2025-12-14,Basic,1075.57
3473,Fatima Anderson,fatima.anderson.3473@example.com,Singapore,2026-02-10,Standard,156.11
3474,Aisha Ali,aisha.ali.3474@retail.dev,Germany,2021-04-29,Basic,727.96
3475,Omar Anderson,omar.anderson.3475@shopmail.test,Australia,2021-08-09,Standard,304.08
3476,Chen Khan,chen.khan.3476@retail.dev,Singapore,2025-02-27,Basic,6831.87
3477,Hiro Muller,hiro.muller.3477@shopmail.test,United States,2021-04-04,Standard,9896.95
3478,Aisha Novak,aisha.novak.3478@shopmail.test,Australia,2025-12-24,Standard,1618.25
3479,Yara Okafor,yara.okafor.3479@shopmail.test,Singapore,2023-04-24,Standard,3112.03
3480,Zane Silva,zane.silva.3480@retail.dev,Canada,2020-06-28,Standard,8972.32
3481,Quinn Costa,quinn.costa.3481@retail.dev,United States,2023-09-11,Standard,1109.49
3482,Omar Chen,omar.chen.3482@shopmail.test,Australia,2021-05-09,Basic,7153.03
3483,Liam Khan,liam.khan.3483@shopmail.test,France,2023-03-06,Basic,10147.09
3484,Imani Nguyen,imani.nguyen.3484@example.com,United Kingdom,2021-11-18,Standard,8237.80
3485,Keiko Novak,keiko.novak.3485@shopmail.test,United States,2025-07-20,Premium,8400.45
3486,Elena Ivanov,elena.ivanov.3486@shopmail.test,Japan,2021-02-24,Basic,10088.27
3487,James Anderson,james.anderson.3487@retail.dev,India,2025-01-07,Premium,5400.69
3488,Sofia Ivanov,sofia.ivanov.3488@example.com,Australia,2024-07-21,Premium,2380.97
3489,Liam Singh,liam.singh.3489@retail.dev,United States,2020-04-21,Premium,11459.84
3490,Amelia Mensah,amelia.mensah.3490@example.com,France,2022-08-01,Standard,7626.83
3491,Keiko Kim,keiko.kim.3491@shopmail.test,Singapore,2023-07-18,Standard,4178.66
3492,Aisha Singh,aisha.singh.3492@example.com,Germany,2021-06-12,Standard,3644.11
3493,Maya Brown,maya.brown.3493@retail.dev,France,2023-06-13,Standard,3202.55
3494,Zane Sato,zane.sato.3494@shopmail.test,Brazil,2024-02-05,Standard,8168.11
3495,Maya Patel,maya.patel.3495@retail.dev,United Kingdom,2023-07-31,Basic,1499.22
3496,Sofia Williams,sofia.williams.3496@retail.dev,Canada,2026-06-15,Standard,5230.86
3497,Viktor Lopez,viktor.lopez.3497@example.com,Japan,2026-07-06,Standard,3977.92
3498,Elena Khan,elena.khan.3498@retail.dev,Japan,2023-08-13,Basic,5951.38
3499,Jia Lopez,jia.lopez.3499@shopmail.test,United States,2026-02-18,Basic,4506.71
3500,Sofia Nguyen,sofia.nguyen.3500@shopmail.test,United Kingdom,2022-09-21,Basic,8336.43
3501,Lucia Sato,lucia.sato.3501@example.com,Singapore,2022-09-27,Basic,9673.39
3502,Chen Nguyen,chen.nguyen.3502@example.com,Germany,2020-04-14,Standard,5204.03
3503,Diego Silva,diego.silva.3503@example.com,Singapore,2025-05-16,Standard,8199.28
3504,Viktor Lopez,viktor.lopez.3504@retail.dev,India,2023-03-30,Standard,2252.87
3505,Hassan Muller,hassan.muller.3505@shopmail.test,France,2021-11-02,Basic,11218.89
3506,Noah Ali,noah.ali.3506@example.com,Singapore,2022-02-04,Standard,5285.57
3507,Yara Nguyen,yara.nguyen.3507@retail.dev,India,2022-07-05,Basic,10412.91
3508,Aisha Silva,aisha.silva.3508@example.com,Canada,2022-09-03,Standard,284.75
3509,Quinn Anderson,quinn.anderson.3509@example.com,Japan,2020-09-24,Standard,2287.06
3510,Fatima Costa,fatima.costa.3510@retail.dev,United Kingdom,2021-07-20,Standard,3580.65
3511,Noah Ali,noah.ali.3511@retail.dev,Brazil,2025-11-21,Premium,7307.09
3512,Hassan Brown,hassan.brown.3512@shopmail.test,India,2020-12-10,Standard,3243.03
3513,Wei Lopez,wei.lopez.3513@shopmail.test,Singapore,2020-08-23,Basic,5324.72
3514,Quinn Novak,quinn.novak.3514@example.com,United States,2020-10-11,Standard,11513.79
3515,Aarav Lopez,aarav.lopez.3515@example.com,India,2023-03-10,Basic,2580.99
3516,Sofia Ivanov,sofia.ivanov.3516@shopmail.test,Brazil,2021-09-08,Basic,5925.84
3517,Diego Khan,diego.khan.3517@retail.dev,United States,2020-11-04,Standard,8718.57
3518,Zane Lopez,zane.lopez.3518@example.com,Brazil,2024-07-03,Basic,8768.11
3519,Aarav Khan,aarav.khan.3519@example.com,Australia,2026-04-06,Standard,2875.53
3520,Noah Brown,noah.brown.3520@example.com,Canada,2021-11-25,Standard,9558.88
3521,Amelia Patel,amelia.patel.3521@example.com,India,2025-04-21,Basic,3587.70
3522,Wei Okafor,wei.okafor.3522@shopmail.test,Brazil,2023-01-11,Premium,7784.85
3523,Tara Singh,tara.singh.3523@example.com,Australia,2025-09-04,Standard,5454.98
3524,Maya Anderson,maya.anderson.3524@example.com,Germany,2024-10-26,Basic,190.18
3525,Quinn Lopez,quinn.lopez.3525@shopmail.test,France,2022-02-20,Basic,7956.76
3526,Wei Sato,wei.sato.3526@shopmail.test,Canada,2024-08-13,Basic,3410.63
3527,Hassan Novak,hassan.novak.3527@retail.dev,Germany,2025-06-12,Standard,2526.17
3528,Maya Ali,maya.ali.3528@retail.dev,Canada,2025-06-07,Basic,10067.75
3529,Uma Novak,uma.novak.3529@retail.dev,France,2020-11-12,Standard,10968.89
3530,Aisha Ali,aisha.ali.3530@shopmail.test,Singapore,2023-07-14,Basic,195.12
3531,Quinn Khan,quinn.khan.3531@shopmail.test,Canada,2021-08-08,Basic,9306.55
3532,Diego Silva,diego.silva.3532@shopmail.test,France,2021-06-23,Basic,11704.93
3533,Anika Silva,anika.silva.3533@retail.dev,Japan,2021-02-17,Standard,6587.93
3534,Tara Garcia,tara.garcia.3534@shopmail.test,Germany,2021-03-03,Standard,3477.59
3535,Fatima Anderson,fatima.anderson.3535@shopmail.test,France,2020-01-17,Standard,2209.87
3536,Rosa Nguyen,rosa.nguyen.3536@retail.dev,Canada,2021-07-17,Basic,9804.03
3537,Zane Okafor,zane.okafor.3537@retail.dev,India,2023-05-14,Standard,10676.81
3538,Hassan Lopez,hassan.lopez.3538@example.com,Japan,2025-03-03,Basic,8360.60
3539,Sofia Williams,sofia.williams.3539@example.com,Brazil,2025-11-25,Premium,11583.16
3540,Liam Chen,liam.chen.3540@shopmail.test,United Kingdom,2025-06-01,Premium,7895.74
3541,Imani Williams,imani.williams.3541@retail.dev,Germany,2020-07-21,Standard,947.49
3542,Quinn Sato,quinn.sato.3542@shopmail.test,Singapore,2026-06-15,Standard,4824.75
3543,Noah Chen,noah.chen.3543@shopmail.test,Japan,2023-01-15,Standard,9042.63
3544,James Mensah,james.mensah.3544@example.com,Japan,2023-01-08,Standard,9566.44
3545,Elena Anderson,elena.anderson.3545@example.com,United States,2024-12-26,Standard,4754.78
3546,Uma Chen,uma.chen.3546@example.com,France,2020-08-31,Standard,1709.99
3547,Imani Silva,imani.silva.3547@shopmail.test,Brazil,2020-01-31,Premium,3888.75
3548,Priya Williams,priya.williams.3548@retail.dev,Japan,2024-07-22,Basic,3983.26
3549,Zane Lopez,zane.lopez.3549@shopmail.test,Australia,2023-08-13,Standard,9109.82
3550,Anika Nguyen,anika.nguyen.3550@example.com,United States,2022-11-09,Standard,3313.30
3551,Imani Williams,imani.williams.3551@shopmail.test,Japan,2025-01-02,Standard,9448.09
3552,Viktor Silva,viktor.silva.3552@shopmail.test,France,2023-04-07,Standard,4305.02
3553,Hiro Sato,hiro.sato.3553@shopmail.test,Canada,2023-08-24,Premium,2122.12
3554,Fatima Garcia,fatima.garcia.3554@shopmail.test,United States,2025-09-29,Standard,5680.91
3555,Arjun Khan,arjun.khan.3555@shopmail.test,United States,2022-04-05,Standard,10947.99
3556,Liam Muller,liam.muller.3556@retail.dev,United Kingdom,2023-07-27,Basic,10410.47
3557,Jia Anderson,jia.anderson.3557@retail.dev,Canada,2022-10-01,Standard,570.84
3558,Tara Sato,tara.sato.3558@shopmail.test,United States,2021-09-22,Basic,6164.52
3559,Chen Patel,chen.patel.3559@retail.dev,Japan,2023-09-25,Basic,6498.17
3560,Elena Anderson,elena.anderson.3560@retail.dev,Singapore,2023-02-12,Basic,2570.78
3561,Aarav Ali,aarav.ali.3561@shopmail.test,Singapore,2024-11-09,Standard,9888.48
3562,Keiko Ali,keiko.ali.3562@example.com,Japan,2025-06-17,Premium,3291.01
3563,Fatima Kim,fatima.kim.3563@retail.dev,United States,2022-05-09,Standard,7322.48
3564,Grace Brown,grace.brown.3564@shopmail.test,Brazil,2020-06-22,Standard,4263.40
3565,Grace Williams,grace.williams.3565@retail.dev,Germany,2020-02-28,Standard,5991.73
3566,Maya Sato,maya.sato.3566@retail.dev,Japan,2020-03-18,Basic,7024.12
3567,Aisha Silva,aisha.silva.3567@shopmail.test,Canada,2024-11-05,Premium,8613.79
3568,Arjun Patel,arjun.patel.3568@retail.dev,Singapore,2022-08-13,Basic,4261.45
3569,Sofia Silva,sofia.silva.3569@example.com,Brazil,2023-09-22,Standard,7336.03
3570,Diego Costa,diego.costa.3570@retail.dev,Brazil,2021-09-21,Premium,1179.02
3571,Priya Mensah,priya.mensah.3571@shopmail.test,Singapore,2025-04-13,Standard,5255.52
3572,Hiro Kim,hiro.kim.3572@retail.dev,Canada,2023-06-18,Premium,10794.76
3573,Yara Williams,yara.williams.3573@retail.dev,India,2021-10-13,Standard,6022.80
3574,Uma Novak,uma.novak.3574@shopmail.test,Japan,2023-08-03,Basic,6252.00
3575,Tara Sato,tara.sato.3575@retail.dev,Germany,2021-03-10,Standard,1931.10
3576,Chen Ivanov,chen.ivanov.3576@retail.dev,France,2020-05-07,Basic,4343.12
3577,Quinn Novak,quinn.novak.3577@shopmail.test,Canada,2023-02-20,Standard,5054.38
3578,Yara Williams,yara.williams.3578@example.com,United States,2022-05-09,Premium,11786.73
3579,Imani Lopez,imani.lopez.3579@retail.dev,United Kingdom,2022-01-14,Basic,2583.30
3580,Hiro Garcia,hiro.garcia.3580@example.com,Brazil,2025-12-09,Basic,9583.79
3581,Lucia Williams,lucia.williams.3581@shopmail.test,Australia,2021-09-04,Standard,1781.51
3582,Uma Brown,uma.brown.3582@retail.dev,United States,2026-04-25,Standard,7483.72
3583,Yara Ivanov,yara.ivanov.3583@example.com,Germany,2021-09-17,Standard,5535.51
3584,Omar Okafor,omar.okafor.3584@retail.dev,United States,2021-05-02,Standard,6043.48
3585,Arjun Nguyen,arjun.nguyen.3585@example.com,United States,2022-07-22,Standard,9934.61
3586,Quinn Ivanov,quinn.ivanov.3586@retail.dev,Japan,2023-07-19,Basic,10478.23
3587,Omar Mensah,omar.mensah.3587@shopmail.test,Brazil,2020-08-15,Standard,6637.47
3588,Maya Brown,maya.brown.3588@shopmail.test,Brazil,2022-11-28,Premium,9497.96
3589,Hassan Brown,hassan.brown.3589@retail.dev,Japan,2022-04-09,Standard,951.79
3590,Noah Patel,noah.patel.3590@example.com,Australia,2025-01-27,Basic,5566.66
3591,Maya Garcia,maya.garcia.3591@retail.dev,Canada,2023-08-05,Standard,720.49
3592,Hiro Williams,hiro.williams.3592@example.com,Japan,2024-05-18,Standard,9925.62
3593,Fatima Chen,fatima.chen.3593@example.com,India,2025-09-27,Standard,2484.22
3594,Zane Anderson,zane.anderson.3594@retail.dev,France,2025-05-15,Standard,1832.48
3595,Priya Kim,priya.kim.3595@retail.dev,Singapore,2022-01-08,Premium,7588.37
3596,Aarav Brown,aarav.brown.3596@example.com,India,2020-12-27,Standard,9692.18
3597,Yara Ali,yara.ali.3597@retail.dev,United Kingdom,2026-01-20,Standard,4658.92
3598,Liam Silva,liam.silva.3598@shopmail.test,France,2020-04-18,Standard,5874.24
3599,Quinn Novak,quinn.novak.3599@retail.dev,India,2020-05-30,Basic,588.73
3600,Elena Okafor,elena.okafor.3600@retail.dev,Singapore,2021-08-24,Standard,1749.14
3601,Wei Muller,wei.muller.3601@retail.dev,France,2022-07-06,Standard,8484.62
3602,Priya Costa,priya.costa.3602@shopmail.test,United States,2025-02-03,Basic,2930.26
3603,James Okafor,james.okafor.3603@retail.dev,Germany,2023-09-05,Standard,7379.85
3604,Diego Brown,diego.brown.3604@shopmail.test,Brazil,2023-12-22,Standard,183.90
3605,Elena Kim,elena.kim.3605@example.com,United Kingdom,2021-11-30,Basic,7906.95
3606,Hassan Brown,hassan.brown.3606@shopmail.test,Brazil,2023-10-25,Standard,8184.11
3607,Priya Patel,priya.patel.3607@shopmail.test,Singapore,2024-01-04,Premium,1146.03
3608,Noah Muller,noah.muller.3608@shopmail.test,United States,2025-10-16,Standard,9870.46
3609,Grace Singh,grace.singh.3609@example.com,Canada,2025-09-16,Standard,1278.43
3610,Amelia Costa,amelia.costa.3610@retail.dev,United Kingdom,2025-06-02,Basic,7825.52
3611,Sofia Silva,sofia.silva.3611@example.com,Germany,2022-07-18,Basic,9524.51
3612,Imani Chen,imani.chen.3612@shopmail.test,Japan,2024-12-23,Premium,7542.73
3613,Noah Garcia,noah.garcia.3613@shopmail.test,Singapore,2020-06-02,Standard,5268.98
3614,Jia Chen,jia.chen.3614@retail.dev,Canada,2020-08-06,Basic,1726.93
3615,Tara Sato,tara.sato.3615@shopmail.test,Brazil,2024-01-02,Standard,3520.77
3616,Maya Costa,maya.costa.3616@shopmail.test,France,2020-04-11,Basic,11876.37
3617,Zane Costa,zane.costa.3617@example.com,Singapore,2020-03-29,Premium,2634.70
3618,Hassan Okafor,hassan.okafor.3618@example.com,United Kingdom,2022-06-14,Basic,6084.73
3619,Hiro Ali,hiro.ali.3619@example.com,Singapore,2025-08-02,Standard,8484.36
3620,Yara Silva,yara.silva.3620@retail.dev,Germany,2024-12-03,Standard,6120.80
3621,Quinn Patel,quinn.patel.3621@retail.dev,Australia,2021-07-13,Standard,1087.52
3622,Yara Costa,yara.costa.3622@example.com,Canada,2021-11-01,Basic,2740.55
3623,Amelia Lopez,amelia.lopez.3623@retail.dev,Canada,2024-03-07,Premium,4179.84
3624,Lucia Muller,lucia.muller.3624@shopmail.test,Germany,2026-07-16,Standard,4684.01
3625,Grace Costa,grace.costa.3625@shopmail.test,India,2024-04-23,Basic,8515.50
3626,Rosa Kim,rosa.kim.3626@retail.dev,Canada,2023-11-15,Basic,6878.32
3627,Omar Garcia,omar.garcia.3627@retail.dev,United Kingdom,2025-06-17,Standard,11184.40
3628,James Garcia,james.garcia.3628@example.com,India,2024-12-15,Premium,182.21
3629,Amelia Williams,amelia.williams.3629@retail.dev,Canada,2021-01-20,Standard,6632.94
3630,Wei Kim,wei.kim.3630@shopmail.test,Brazil,2022-07-22,Basic,3615.73
3631,Imani Patel,imani.patel.3631@retail.dev,Brazil,2026-08-16,Standard,6760.37
3632,Tara Mensah,tara.mensah.3632@retail.dev,India,2023-03-24,Premium,11954.78
3633,Lucia Lopez,lucia.lopez.3633@example.com,United States,2023-03-28,Standard,11963.13
3634,Tara Silva,tara.silva.3634@retail.dev,United States,2024-10-05,Basic,7622.12
3635,Maya Ali,maya.ali.3635@retail.dev,Germany,2024-04-23,Basic,2266.30
3636,James Lopez,james.lopez.3636@shopmail.test,France,2025-01-27,Standard,7207.40
3637,James Ivanov,james.ivanov.3637@retail.dev,France,2020-11-15,Premium,11968.65
3638,Yara Muller,yara.muller.3638@example.com,India,2023-02-12,Standard,11402.81
3639,Tara Silva,tara.silva.3639@shopmail.test,Singapore,2021-07-01,Standard,11746.71
3640,Maya Chen,maya.chen.3640@retail.dev,Brazil,2020-06-11,Premium,11863.10
3641,James Chen,james.chen.3641@retail.dev,United States,2022-06-23,Basic,5871.46
3642,Anika Okafor,anika.okafor.3642@retail.dev,Canada,2025-01-26,Standard,3945.59
3643,Fatima Lopez,fatima.lopez.3643@example.com,Germany,2021-05-07,Standard,347.15
3644,Elena Singh,elena.singh.3644@shopmail.test,France,2020-09-13,Standard,10221.31
3645,Wei Costa,wei.costa.3645@example.com,United Kingdom,2021-07-27,Basic,4538.31
3646,Lucia Lopez,lucia.lopez.3646@example.com,United Kingdom,2022-10-05,Standard,1560.68
3647,Maya Ali,maya.ali.3647@retail.dev,Australia,2024-01-01,Basic,7723.08
3648,Hiro Ali,hiro.ali.3648@shopmail.test,France,2021-10-08,Standard,5844.46
3649,Viktor Sato,viktor.sato.3649@example.com,Japan,2021-01-14,Standard,563.65
3650,Hassan Anderson,hassan.anderson.3650@example.com,Germany,2022-01-02,Basic,4030.91
3651,Uma Sato,uma.sato.3651@retail.dev,France,2023-03-27,Basic,3088.42
3652,Keiko Silva,keiko.silva.3652@retail.dev,United States,2022-01-09,Standard,6442.93
3653,Grace Okafor,grace.okafor.3653@shopmail.test,Canada,2022-09-14,Basic,816.60
3654,Imani Garcia,imani.garcia.3654@example.com,India,2024-03-11,Standard,3526.62
3655,Hiro Garcia,hiro.garcia.3655@shopmail.test,Japan,2021-04-13,Standard,9385.47
3656,Liam Mensah,liam.mensah.3656@example.com,United States,2026-08-12,Basic,2583.53
3657,Grace Anderson,grace.anderson.3657@shopmail.test,France,2026-07-16,Standard,2945.23
3658,James Kim,james.kim.3658@shopmail.test,Japan,2025-10-05,Standard,8387.92
3659,Aisha Patel,aisha.patel.3659@example.com,United Kingdom,2021-02-13,Basic,6442.56
3660,Grace Khan,grace.khan.3660@example.com,Canada,2026-07-13,Premium,1127.89
3661,Elena Ivanov,elena.ivanov.3661@example.com,United States,2025-05-25,Standard,2070.69
3662,Keiko Chen,keiko.chen.3662@retail.dev,France,2020-11-13,Standard,1190.38
3663,Omar Williams,omar.williams.3663@shopmail.test,United States,2023-08-04,Standard,1568.27
3664,James Chen,james.chen.3664@retail.dev,Germany,2020-01-10,Premium,5148.07
3665,Elena Garcia,elena.garcia.3665@retail.dev,Germany,2024-03-04,Basic,2170.99
3666,Aarav Lopez,aarav.lopez.3666@example.com,Japan,2020-05-16,Premium,2362.97
3667,James Brown,james.brown.3667@shopmail.test,India,2023-10-04,Basic,250.93
3668,Chen Costa,chen.costa.3668@example.com,France,2021-01-26,Premium,9464.43
3669,James Okafor,james.okafor.3669@shopmail.test,Singapore,2020-05-30,Premium,927.77
3670,Maya Silva,maya.silva.3670@shopmail.test,Germany,2020-03-19,Premium,10322.50
3671,Diego Williams,diego.williams.3671@shopmail.test,United States,2021-07-30,Premium,10238.24
3672,Aisha Brown,aisha.brown.3672@example.com,India,2022-08-08,Basic,7055.60
3673,Aisha Singh,aisha.singh.3673@retail.dev,Singapore,2024-03-27,Premium,354.69
3674,Sofia Patel,sofia.patel.3674@retail.dev,Canada,2020-11-05,Premium,2512.62
3675,Diego Muller,diego.muller.3675@example.com,Australia,2026-06-16,Premium,2753.20
3676,Chen Williams,chen.williams.3676@example.com,India,2024-03-31,Basic,1423.01
3677,Elena Novak,elena.novak.3677@retail.dev,Canada,2022-11-07,Standard,10322.52
3678,Hassan Silva,hassan.silva.3678@shopmail.test,Canada,2022-06-06,Standard,6019.65
3679,Noah Mensah,noah.mensah.3679@retail.dev,Japan,2024-10-19,Basic,2099.82
3680,James Ivanov,james.ivanov.3680@retail.dev,Singapore,2022-03-02,Standard,8951.44
3681,Zane Singh,zane.singh.3681@retail.dev,Brazil,2022-10-10,Standard,5459.46
3682,Omar Muller,omar.muller.3682@retail.dev,Australia,2023-02-07,Standard,6613.00
3683,Chen Novak,chen.novak.3683@example.com,Australia,2025-04-16,Basic,4290.63
3684,Quinn Nguyen,quinn.nguyen.3684@shopmail.test,Singapore,2024-04-20,Basic,4866.30
3685,Viktor Garcia,viktor.garcia.3685@example.com,Australia,2022-12-31,Standard,10769.27
3686,Tara Muller,tara.muller.3686@shopmail.test,Canada,2025-09-23,Premium,10995.57
3687,Anika Sato,anika.sato.3687@example.com,France,2025-04-20,Basic,4449.45
3688,Viktor Ali,viktor.ali.3688@shopmail.test,France,2024-02-28,Standard,10540.93
3689,James Brown,james.brown.3689@retail.dev,France,2022-08-13,Standard,6745.29
3690,Arjun Ali,arjun.ali.3690@example.com,Canada,2026-03-08,Basic,8981.55
3691,Diego Lopez,diego.lopez.3691@example.com,Australia,2025-07-15,Basic,1830.05
3692,Keiko Garcia,keiko.garcia.3692@retail.dev,France,2021-10-03,Standard,10364.35
3693,Zane Khan,zane.khan.3693@example.com,Canada,2026-02-18,Basic,3904.68
3694,James Chen,james.chen.3694@retail.dev,Singapore,2023-09-07,Standard,5164.26
3695,Aarav Ivanov,aarav.ivanov.3695@shopmail.test,Singapore,2021-02-18,Standard,6472.34
3696,Keiko Ali,keiko.ali.3696@retail.dev,United Kingdom,2022-08-26,Standard,9030.81
3697,James Kim,james.kim.3697@retail.dev,United Kingdom,2023-12-22,Basic,8093.88
3698,Anika Lopez,anika.lopez.3698@example.com,United States,2025-10-11,Standard,8343.29
3699,Elena Anderson,elena.anderson.3699@shopmail.test,United States,2025-07-29,Basic,5700.96
3700,Keiko Nguyen,keiko.nguyen.3700@retail.dev,France,2020-01-17,Basic,3304.59
3701,Uma Okafor,uma.okafor.3701@example.com,France,2026-03-18,Basic,253.71
3702,Rosa Sato,rosa.sato.3702@example.com,Canada,2026-06-08,Standard,1603.48
3703,Imani Khan,imani.khan.3703@shopmail.test,France,2026-08-22,Basic,9401.39
3704,Chen Brown,chen.brown.3704@retail.dev,India,2023-02-12,Basic,8990.27
3705,Imani Costa,imani.costa.3705@example.com,Singapore,2023-11-11,Basic,2481.25
3706,Anika Mensah,anika.mensah.3706@retail.dev,Canada,2021-07-22,Basic,7031.33
3707,Aarav Khan,aarav.khan.3707@retail.dev,United Kingdom,2024-06-07,Basic,3165.62
3708,Priya Kim,priya.kim.3708@shopmail.test,Canada,2022-01-13,Standard,8437.63
3709,Maya Mensah,maya.mensah.3709@retail.dev,United States,2020-12-28,Standard,5431.69
3710,James Chen,james.chen.3710@example.com,United States,2022-07-07,Standard,2667.57
3711,Anika Lopez,anika.lopez.3711@retail.dev,United States,2021-03-16,Standard,9428.58
3712,Anika Lopez,anika.lopez.3712@retail.dev,United States,2022-10-08,Standard,3283.50
3713,Sofia Garcia,sofia.garcia.3713@shopmail.test,Germany,2022-03-08,Standard,3284.30
3714,Keiko Ivanov,keiko.ivanov.3714@retail.dev,Canada,2025-05-28,Standard,2481.29
3715,Lucia Kim,lucia.kim.3715@retail.dev,Canada,2023-02-26,Premium,6771.14
3716,Amelia Patel,amelia.patel.3716@example.com,United States,2020-10-18,Basic,5936.15
3717,Amelia Sato,amelia.sato.3717@shopmail.test,Singapore,2026-02-07,Premium,4820.47
3718,Omar Ali,omar.ali.3718@shopmail.test,India,2020-12-06,Basic,594.54
3719,Wei Patel,wei.patel.3719@shopmail.test,France,2021-09-08,Standard,9973.75
3720,Yara Kim,yara.kim.3720@retail.dev,United Kingdom,2024-07-13,Basic,11991.04
3721,Wei Novak,wei.novak.3721@example.com,Canada,2020-06-11,Standard,1753.94
3722,Liam Brown,liam.brown.3722@example.com,Germany,2023-05-23,Standard,10660.66
3723,Hassan Khan,hassan.khan.3723@retail.dev,United Kingdom,2020-11-01,Standard,8351.92
3724,Keiko Ali,keiko.ali.3724@example.com,United Kingdom,2021-02-12,Standard,6533.95
3725,Hassan Okafor,hassan.okafor.3725@shopmail.test,United Kingdom,2021-02-09,Basic,10608.02
3726,Diego Silva,diego.silva.3726@example.com,India,2021-02-04,Standard,3730.51
3727,Grace Mensah,grace.mensah.3727@retail.dev,United Kingdom,2020-01-18,Standard,11195.91
3728,Grace Garcia,grace.garcia.3728@retail.dev,Canada,2021-05-03,Premium,6415.07
3729,Hassan Silva,hassan.silva.3729@retail.dev,Germany,2025-06-07,Basic,924.12
3730,James Okafor,james.okafor.3730@shopmail.test,Germany,2025-09-20,Standard,4582.26
3731,Noah Garcia,noah.garcia.3731@example.com,Brazil,2022-09-05,Standard,11568.70
3732,Grace Novak,grace.novak.3732@retail.dev,Canada,2021-03-31,Standard,4562.94
3733,Chen Muller,chen.muller.3733@example.com,United Kingdom,2021-09-13,Premium,3425.41
3734,Quinn Muller,quinn.muller.3734@example.com,France,2020-12-03,Basic,2633.09
3735,Noah Ivanov,noah.ivanov.3735@shopmail.test,Australia,2022-01-29,Standard,4893.08
3736,Hassan Nguyen,hassan.nguyen.3736@retail.dev,Canada,2023-08-16,Standard,7880.46
3737,Wei Garcia,wei.garcia.3737@shopmail.test,United Kingdom,2020-01-09,Premium,4375.33
3738,Yara Mensah,yara.mensah.3738@shopmail.test,Japan,2026-07-19,Standard,8464.82
3739,Liam Singh,liam.singh.3739@retail.dev,Singapore,2024-10-10,Standard,3405.86
3740,Elena Patel,elena.patel.3740@retail.dev,Australia,2020-05-05,Standard,7100.39
3741,James Mensah,james.mensah.3741@example.com,Australia,2023-11-25,Basic,11006.25
3742,Hiro Williams,hiro.williams.3742@example.com,Brazil,2023-04-28,Basic,10224.56
3743,Omar Garcia,omar.garcia.3743@retail.dev,Australia,2025-02-09,Standard,4865.38
3744,Imani Singh,imani.singh.3744@shopmail.test,United States,2020-04-16,Standard,10490.73
3745,Priya Patel,priya.patel.3745@shopmail.test,United Kingdom,2020-12-05,Standard,11987.25
3746,Uma Muller,uma.muller.3746@retail.dev,France,2020-01-21,Basic,4552.42
3747,Viktor Nguyen,viktor.nguyen.3747@shopmail.test,United Kingdom,2022-12-03,Premium,8412.69
3748,Wei Anderson,wei.anderson.3748@shopmail.test,France,2020-01-15,Basic,11766.07
3749,Lucia Novak,lucia.novak.3749@example.com,Brazil,2020-08-29,Standard,11859.60
3750,Arjun Chen,arjun.chen.3750@example.com,Japan,2021-07-30,Premium,4906.53
3751,Rosa Kim,rosa.kim.3751@example.com,India,2021-05-13,Standard,9518.10
3752,Elena Silva,elena.silva.3752@example.com,Canada,2026-03-11,Premium,2120.50
3753,Aarav Chen,aarav.chen.3753@retail.dev,Germany,2023-02-11,Standard,10399.28
3754,Hiro Novak,hiro.novak.3754@shopmail.test,United Kingdom,2026-08-17,Standard,407.60
3755,Aisha Chen,aisha.chen.3755@example.com,Australia,2023-01-02,Standard,9635.34
3756,Wei Kim,wei.kim.3756@example.com,Australia,2021-04-17,Basic,4180.68
3757,Diego Brown,diego.brown.3757@retail.dev,Japan,2024-12-19,Basic,1997.67
3758,Maya Silva,maya.silva.3758@example.com,Australia,2020-02-01,Basic,5254.25
3759,Zane Okafor,zane.okafor.3759@shopmail.test,Japan,2026-03-29,Basic,7195.57
3760,Elena Anderson,elena.anderson.3760@example.com,United States,2021-06-06,Basic,230.89
3761,Wei Costa,wei.costa.3761@retail.dev,Australia,2021-02-23,Standard,10922.65
3762,Elena Costa,elena.costa.3762@example.com,Japan,2020-11-12,Standard,10462.25
3763,Sofia Kim,sofia.kim.3763@shopmail.test,Canada,2022-12-11,Standard,6679.15
3764,Rosa Silva,rosa.silva.3764@retail.dev,Japan,2026-03-05,Premium,1042.90
3765,Yara Novak,yara.novak.3765@shopmail.test,Brazil,2022-07-03,Premium,2683.61
3766,Yara Chen,yara.chen.3766@retail.dev,Singapore,2020-04-12,Standard,2747.45
3767,Sofia Kim,sofia.kim.3767@retail.dev,Brazil,2021-08-20,Premium,9891.29
3768,Fatima Muller,fatima.muller.3768@shopmail.test,Japan,2024-07-06,Standard,189.55
3769,Hassan Singh,hassan.singh.3769@shopmail.test,United States,2025-07-12,Basic,7118.47
3770,Lucia Sato,lucia.sato.3770@shopmail.test,Singapore,2022-02-03,Standard,8845.44
3771,Zane Ivanov,zane.ivanov.3771@shopmail.test,India,2026-05-09,Standard,8281.41
3772,Liam Novak,liam.novak.3772@retail.dev,United States,2026-02-03,Standard,4542.71
3773,Imani Brown,imani.brown.3773@shopmail.test,Australia,2024-09-17,Standard,2821.50
3774,Jia Patel,jia.patel.3774@shopmail.test,United Kingdom,2020-12-05,Standard,1748.22
3775,Yara Muller,yara.muller.3775@retail.dev,Japan,2024-09-09,Standard,852.62
3776,Aisha Silva,aisha.silva.3776@shopmail.test,Germany,2024-01-05,Standard,270.44
3777,Keiko Lopez,keiko.lopez.3777@shopmail.test,Canada,2021-10-20,Standard,10190.33
3778,Grace Mensah,grace.mensah.3778@example.com,Japan,2025-08-05,Basic,2184.69
3779,Grace Nguyen,grace.nguyen.3779@example.com,Germany,2022-09-11,Basic,10813.93
3780,Grace Williams,grace.williams.3780@shopmail.test,India,2020-01-20,Basic,3305.03
3781,Grace Kim,grace.kim.3781@shopmail.test,Singapore,2023-09-17,Standard,11309.00
3782,Anika Brown,anika.brown.3782@retail.dev,United States,2025-12-29,Standard,5515.97
3783,Imani Nguyen,imani.nguyen.3783@example.com,Canada,2025-08-05,Standard,4561.41
3784,Chen Singh,chen.singh.3784@example.com,Germany,2025-01-26,Premium,11961.07
3785,Priya Silva,priya.silva.3785@example.com,Germany,2023-10-16,Standard,3511.12
3786,Viktor Garcia,viktor.garcia.3786@example.com,Japan,2023-08-12,Standard,11061.43
3787,Imani Muller,imani.muller.3787@example.com,Singapore,2020-07-07,Standard,10941.99
3788,James Lopez,james.lopez.3788@retail.dev,United Kingdom,2022-01-22,Basic,8289.65
3789,Jia Nguyen,jia.nguyen.3789@retail.dev,India,2021-02-10,Standard,11416.56
3790,Uma Silva,uma.silva.3790@retail.dev,India,2020-04-18,Standard,4902.07
3791,Wei Kim,wei.kim.3791@shopmail.test,France,2024-01-11,Standard,7094.32
3792,Noah Khan,noah.khan.3792@shopmail.test,Germany,2025-04-28,Basic,10014.70
3793,Arjun Singh,arjun.singh.3793@example.com,Singapore,2020-05-15,Basic,1475.29
3794,Chen Williams,chen.williams.3794@shopmail.test,United States,2020-07-03,Standard,9368.31
3795,Chen Silva,chen.silva.3795@example.com,United Kingdom,2020-07-03,Standard,8065.31
3796,Maya Muller,maya.muller.3796@shopmail.test,Singapore,2022-09-24,Standard,7437.47
3797,Keiko Garcia,keiko.garcia.3797@example.com,Singapore,2020-09-10,Premium,7762.38
3798,Omar Brown,omar.brown.3798@shopmail.test,France,2024-10-28,Premium,1776.04
3799,Quinn Sato,quinn.sato.3799@shopmail.test,Singapore,2025-07-09,Premium,8886.04
3800,Grace Anderson,grace.anderson.3800@example.com,Germany,2025-01-15,Standard,7469.25
3801,Aarav Costa,aarav.costa.3801@example.com,Germany,2023-11-10,Basic,11729.56
3802,Amelia Lopez,amelia.lopez.3802@example.com,Canada,2025-04-03,Standard,9387.53
3803,Hassan Lopez,hassan.lopez.3803@example.com,Brazil,2023-04-01,Standard,3473.08
3804,Aarav Kim,aarav.kim.3804@retail.dev,Singapore,2023-04-26,Basic,4249.11
3805,Quinn Kim,quinn.kim.3805@shopmail.test,France,2020-11-24,Standard,11689.07
3806,Quinn Ivanov,quinn.ivanov.3806@shopmail.test,France,2023-10-24,Premium,2142.12
3807,Amelia Silva,amelia.silva.3807@example.com,Australia,2020-04-18,Basic,1942.45
3808,Keiko Chen,keiko.chen.3808@retail.dev,Singapore,2020-08-13,Standard,913.29
3809,Aisha Silva,aisha.silva.3809@shopmail.test,Brazil,2021-06-24,Standard,8110.19
3810,Omar Chen,omar.chen.3810@shopmail.test,France,2024-12-14,Premium,7559.66
3811,Diego Brown,diego.brown.3811@shopmail.test,United Kingdom,2022-10-04,Premium,2401.11
3812,Lucia Singh,lucia.singh.3812@shopmail.test,Japan,2026-07-27,Standard,10431.33
3813,Rosa Costa,rosa.costa.3813@shopmail.test,United Kingdom,2025-09-30,Standard,2667.53
3814,Amelia Costa,amelia.costa.3814@example.com,United States,2021-09-15,Standard,2330.97
3815,Zane Muller,zane.muller.3815@example.com,Singapore,2025-01-31,Basic,9280.59
3816,Sofia Chen,sofia.chen.3816@example.com,United Kingdom,2026-05-01,Basic,1803.32
3817,Diego Silva,diego.silva.3817@retail.dev,Japan,2022-11-29,Standard,7203.27
3818,Viktor Lopez,viktor.lopez.3818@shopmail.test,Japan,2024-04-05,Standard,1543.55
3819,Quinn Sato,quinn.sato.3819@retail.dev,Brazil,2021-02-27,Standard,6656.09
3820,James Brown,james.brown.3820@example.com,Japan,2026-05-24,Premium,11825.54
3821,Arjun Patel,arjun.patel.3821@example.com,France,2021-01-21,Premium,3315.62
3822,Tara Singh,tara.singh.3822@example.com,France,2021-11-01,Basic,4730.21
3823,Jia Muller,jia.muller.3823@example.com,Canada,2024-02-19,Premium,1755.39
3824,Hassan Singh,hassan.singh.3824@shopmail.test,Australia,2022-06-22,Basic,10917.31
3825,Priya Lopez,priya.lopez.3825@shopmail.test,France,2023-07-10,Basic,4646.19
3826,Fatima Williams,fatima.williams.3826@example.com,India,2024-12-12,Standard,7074.45
3827,Fatima Ali,fatima.ali.3827@example.com,Canada,2023-03-25,Basic,9969.77
3828,James Silva,james.silva.3828@example.com,Singapore,2023-07-13,Premium,4973.98
3829,James Brown,james.brown.3829@example.com,India,2024-04-18,Standard,4022.29
3830,Uma Patel,uma.patel.3830@shopmail.test,Brazil,2024-09-23,Basic,9014.56
3831,Chen Novak,chen.novak.3831@retail.dev,Brazil,2022-08-05,Basic,8433.29
3832,Maya Khan,maya.khan.3832@example.com,United Kingdom,2022-11-20,Standard,3249.76
3833,Arjun Ali,arjun.ali.3833@retail.dev,Australia,2021-03-27,Standard,10427.40
3834,Wei Anderson,wei.anderson.3834@shopmail.test,Brazil,2022-02-01,Premium,2370.71
3835,Lucia Anderson,lucia.anderson.3835@retail.dev,Singapore,2023-03-21,Basic,11670.28
3836,Jia Silva,jia.silva.3836@retail.dev,United States,2024-03-10,Premium,6249.03
3837,Jia Anderson,jia.anderson.3837@example.com,United Kingdom,2022-04-13,Standard,7341.30
3838,Grace Mensah,grace.mensah.3838@example.com,Germany,2026-03-25,Standard,11363.34
3839,Diego Mensah,diego.mensah.3839@retail.dev,Canada,2021-10-01,Standard,11119.42
3840,Hassan Garcia,hassan.garcia.3840@shopmail.test,United States,2024-06-04,Standard,9197.10
3841,Imani Khan,imani.khan.3841@retail.dev,France,2024-07-25,Standard,8059.06
3842,Diego Anderson,diego.anderson.3842@example.com,United States,2021-04-07,Premium,1681.36
3843,Uma Patel,uma.patel.3843@example.com,France,2025-10-22,Standard,11019.32
3844,Uma Sato,uma.sato.3844@example.com,France,2026-02-02,Standard,11914.39
3845,Viktor Mensah,viktor.mensah.3845@retail.dev,India,2026-06-18,Standard,11365.28
3846,Zane Chen,zane.chen.3846@example.com,Germany,2024-07-18,Standard,8887.29
3847,Imani Anderson,imani.anderson.3847@shopmail.test,France,2023-10-06,Standard,3057.01
3848,Wei Novak,wei.novak.3848@shopmail.test,Canada,2021-06-29,Premium,11824.83
3849,Maya Patel,maya.patel.3849@retail.dev,Australia,2021-04-10,Basic,1768.22
3850,Sofia Garcia,sofia.garcia.3850@retail.dev,United States,2026-04-28,Basic,4506.05
3851,Amelia Kim,amelia.kim.3851@shopmail.test,Japan,2023-09-21,Standard,1338.95
3852,Quinn Patel,quinn.patel.3852@retail.dev,Japan,2026-01-24,Basic,2620.43
3853,Maya Patel,maya.patel.3853@shopmail.test,United States,2023-03-16,Standard,840.95
3854,Fatima Muller,fatima.muller.3854@retail.dev,Australia,2020-09-18,Standard,4634.92
3855,Amelia Khan,amelia.khan.3855@example.com,Canada,2023-09-14,Standard,7620.81
3856,Liam Khan,liam.khan.3856@retail.dev,United States,2025-05-09,Standard,3853.63
3857,Diego Patel,diego.patel.3857@shopmail.test,France,2020-02-19,Premium,4854.71
3858,Grace Mensah,grace.mensah.3858@retail.dev,Canada,2021-03-26,Standard,9792.31
3859,Aisha Garcia,aisha.garcia.3859@retail.dev,United Kingdom,2020-06-01,Standard,5564.51
3860,Imani Novak,imani.novak.3860@example.com,Brazil,2025-11-29,Standard,7758.91
3861,Quinn Kim,quinn.kim.3861@shopmail.test,France,2024-11-20,Premium,4405.62
3862,Tara Williams,tara.williams.3862@shopmail.test,France,2024-09-26,Premium,6835.78
3863,Jia Singh,jia.singh.3863@retail.dev,Germany,2026-06-30,Basic,6267.76
3864,Chen Ivanov,chen.ivanov.3864@shopmail.test,United States,2020-09-25,Standard,524.17
3865,Hassan Chen,hassan.chen.3865@retail.dev,Japan,2022-04-29,Standard,3085.61
3866,Amelia Ali,amelia.ali.3866@example.com,Japan,2023-11-25,Standard,5290.79
3867,Hiro Muller,hiro.muller.3867@retail.dev,Singapore,2024-02-02,Basic,11848.98
3868,Sofia Williams,sofia.williams.3868@retail.dev,India,2021-10-30,Standard,4670.06
3869,Anika Mensah,anika.mensah.3869@retail.dev,Australia,2025-05-28,Standard,543.69
3870,Lucia Sato,lucia.sato.3870@example.com,United States,2024-10-08,Standard,5831.41
3871,Uma Khan,uma.khan.3871@example.com,India,2020-01-27,Standard,6197.38
3872,Wei Mensah,wei.mensah.3872@retail.dev,Japan,2022-01-02,Standard,4626.38
3873,Tara Muller,tara.muller.3873@retail.dev,United States,2022-11-10,Standard,7664.71
3874,Chen Brown,chen.brown.3874@shopmail.test,France,2021-05-30,Basic,4463.13
3875,Anika Muller,anika.muller.3875@example.com,United States,2020-01-19,Basic,5618.71
3876,Lucia Ali,lucia.ali.3876@example.com,Brazil,2025-04-16,Premium,8671.67
3877,Sofia Muller,sofia.muller.3877@shopmail.test,Brazil,2026-03-25,Basic,10139.22
3878,Keiko Mensah,keiko.mensah.3878@shopmail.test,India,2021-04-19,Premium,9125.47
3879,Hassan Silva,hassan.silva.3879@example.com,United States,2025-05-23,Standard,11060.46
3880,Sofia Novak,sofia.novak.3880@example.com,United Kingdom,2020-09-08,Premium,10891.12
3881,Aisha Silva,aisha.silva.3881@shopmail.test,Brazil,2023-02-15,Premium,3560.06
3882,Diego Patel,diego.patel.3882@retail.dev,Brazil,2023-11-29,Basic,5814.06
3883,Keiko Kim,keiko.kim.3883@retail.dev,Brazil,2024-10-15,Basic,8142.32
3884,Anika Lopez,anika.lopez.3884@shopmail.test,France,2024-02-03,Basic,5228.17
3885,Sofia Mensah,sofia.mensah.3885@retail.dev,France,2024-07-23,Standard,7296.89
3886,Liam Muller,liam.muller.3886@example.com,Singapore,2022-03-08,Standard,3210.52
3887,Quinn Singh,quinn.singh.3887@shopmail.test,India,2021-09-15,Standard,9893.84
3888,Priya Lopez,priya.lopez.3888@example.com,India,2024-02-02,Standard,5520.24
3889,Arjun Garcia,arjun.garcia.3889@retail.dev,United States,2026-07-01,Premium,3119.01
3890,Jia Anderson,jia.anderson.3890@example.com,France,2024-01-22,Standard,5751.93
3891,Aisha Kim,aisha.kim.3891@example.com,United Kingdom,2023-10-02,Standard,7695.46
3892,Yara Brown,yara.brown.3892@example.com,France,2020-06-01,Basic,1176.79
3893,Quinn Silva,quinn.silva.3893@example.com,France,2024-09-12,Premium,6059.43
3894,Hiro Chen,hiro.chen.3894@shopmail.test,Australia,2026-05-31,Basic,8041.36
3895,Noah Mensah,noah.mensah.3895@shopmail.test,Canada,2026-03-28,Basic,2459.61
3896,Liam Williams,liam.williams.3896@retail.dev,India,2022-04-27,Standard,10735.81
3897,Anika Costa,anika.costa.3897@shopmail.test,France,2026-05-25,Standard,6852.36
3898,Elena Williams,elena.williams.3898@shopmail.test,Germany,2024-08-19,Basic,4663.38
3899,Tara Silva,tara.silva.3899@shopmail.test,India,2020-04-03,Basic,1122.14
3900,Uma Ivanov,uma.ivanov.3900@example.com,Canada,2024-09-29,Standard,9349.70
3901,Imani Chen,imani.chen.3901@example.com,Brazil,2023-09-26,Standard,10670.43
3902,Priya Silva,priya.silva.3902@retail.dev,India,2023-04-03,Premium,9734.86
3903,Aarav Chen,aarav.chen.3903@retail.dev,France,2024-05-21,Standard,1059.17
3904,Tara Anderson,tara.anderson.3904@shopmail.test,Canada,2023-08-02,Premium,313.45
3905,Diego Silva,diego.silva.3905@retail.dev,Germany,2025-07-22,Basic,4822.72
3906,Rosa Patel,rosa.patel.3906@shopmail.test,Germany,2022-03-22,Basic,3860.21
3907,Imani Novak,imani.novak.3907@example.com,United States,2022-04-02,Basic,1095.67
3908,Rosa Patel,rosa.patel.3908@retail.dev,Germany,2026-08-10,Premium,9853.55
3909,Amelia Chen,amelia.chen.3909@shopmail.test,Japan,2024-12-21,Standard,8732.24
3910,Zane Patel,zane.patel.3910@example.com,Australia,2021-12-11,Standard,11789.21
3911,Quinn Sato,quinn.sato.3911@retail.dev,India,2020-09-21,Standard,10572.35
3912,Noah Patel,noah.patel.3912@example.com,Brazil,2022-07-31,Premium,3168.58
3913,James Ivanov,james.ivanov.3913@example.com,Japan,2020-12-28,Standard,5024.37
3914,Yara Anderson,yara.anderson.3914@example.com,France,2025-09-27,Basic,1011.11
3915,Liam Garcia,liam.garcia.3915@retail.dev,Canada,2023-11-29,Basic,10385.97
3916,Sofia Mensah,sofia.mensah.3916@shopmail.test,Germany,2022-11-16,Basic,10165.48
3917,Amelia Garcia,amelia.garcia.3917@example.com,Germany,2020-05-28,Basic,8178.55
3918,Aarav Novak,aarav.novak.3918@shopmail.test,Singapore,2024-11-07,Standard,2453.57
3919,Liam Costa,liam.costa.3919@example.com,Canada,2021-07-25,Premium,7024.74
3920,Arjun Ivanov,arjun.ivanov.3920@shopmail.test,United States,2022-08-11,Standard,4913.10
3921,Sofia Kim,sofia.kim.3921@retail.dev,United Kingdom,2024-07-19,Basic,5140.01
3922,Liam Okafor,liam.okafor.3922@retail.dev,Japan,2025-05-14,Standard,10777.85
3923,Lucia Khan,lucia.khan.3923@retail.dev,Australia,2024-08-02,Basic,5203.50
3924,Aarav Garcia,aarav.garcia.3924@example.com,Brazil,2024-06-12,Basic,9393.24
3925,Yara Lopez,yara.lopez.3925@shopmail.test,France,2021-12-05,Standard,2229.30
3926,Jia Williams,jia.williams.3926@example.com,Brazil,2025-10-09,Premium,8398.36
3927,Omar Lopez,omar.lopez.3927@shopmail.test,India,2020-12-16,Basic,11874.39
3928,Chen Chen,chen.chen.3928@shopmail.test,Singapore,2026-01-11,Basic,33.09
3929,Maya Muller,maya.muller.3929@shopmail.test,Australia,2023-07-26,Standard,1296.42
3930,Noah Okafor,noah.okafor.3930@retail.dev,Brazil,2025-05-21,Standard,5220.16
3931,Imani Costa,imani.costa.3931@retail.dev,Australia,2020-04-12,Standard,2275.83
3932,Zane Chen,zane.chen.3932@retail.dev,Canada,2020-04-10,Standard,11093.23
3933,Anika Mensah,anika.mensah.3933@shopmail.test,Brazil,2021-03-23,Basic,9373.98
3934,Lucia Ali,lucia.ali.3934@example.com,Singapore,2022-02-10,Standard,11441.93
3935,Zane Singh,zane.singh.3935@retail.dev,Brazil,2024-06-11,Standard,1136.43
3936,Amelia Kim,amelia.kim.3936@retail.dev,Australia,2023-06-17,Standard,496.55
3937,Sofia Patel,sofia.patel.3937@shopmail.test,Singapore,2020-01-18,Basic,2224.04
3938,Quinn Nguyen,quinn.nguyen.3938@shopmail.test,Australia,2025-11-11,Basic,6745.11
3939,Omar Mensah,omar.mensah.3939@example.com,Singapore,2020-07-22,Standard,7719.66
3940,Diego Anderson,diego.anderson.3940@shopmail.test,United States,2021-05-20,Premium,10529.33
3941,Amelia Williams,amelia.williams.3941@shopmail.test,India,2024-05-22,Basic,457.64
3942,Maya Anderson,maya.anderson.3942@example.com,India,2024-07-02,Standard,7218.70
3943,Chen Muller,chen.muller.3943@example.com,Japan,2022-02-13,Standard,2549.58
3944,Aarav Lopez,aarav.lopez.3944@shopmail.test,Germany,2021-11-19,Basic,188.34
3945,Aarav Silva,aarav.silva.3945@retail.dev,France,2022-12-07,Basic,10858.76
3946,Arjun Sato,arjun.sato.3946@retail.dev,Canada,2026-06-09,Standard,2889.64
3947,Aarav Brown,aarav.brown.3947@retail.dev,Canada,2025-07-19,Basic,8292.30
3948,Grace Lopez,grace.lopez.3948@shopmail.test,Canada,2024-02-14,Basic,8147.51
3949,Aisha Lopez,aisha.lopez.3949@shopmail.test,Canada,2026-02-01,Basic,9473.11
3950,Fatima Singh,fatima.singh.3950@shopmail.test,France,2022-06-15,Standard,8701.53
3951,Omar Ivanov,omar.ivanov.3951@shopmail.test,Australia,2026-02-26,Basic,7960.35
3952,Yara Williams,yara.williams.3952@retail.dev,Germany,2022-03-24,Standard,10474.16
3953,Tara Costa,tara.costa.3953@shopmail.test,Japan,2026-04-19,Basic,2762.97
3954,Zane Ivanov,zane.ivanov.3954@example.com,France,2021-10-17,Basic,9989.70
3955,Imani Costa,imani.costa.3955@retail.dev,Brazil,2025-10-21,Standard,1872.23
3956,Keiko Singh,keiko.singh.3956@retail.dev,Canada,2025-11-18,Standard,11093.63
3957,Elena Nguyen,elena.nguyen.3957@example.com,Canada,2024-07-31,Basic,7330.76
3958,Grace Muller,grace.muller.3958@retail.dev,United States,2024-10-29,Basic,8293.84
3959,Hiro Anderson,hiro.anderson.3959@retail.dev,United States,2023-06-05,Standard,738.39
3960,Noah Nguyen,noah.nguyen.3960@retail.dev,United States,2025-12-19,Standard,5575.19
3961,Aisha Mensah,aisha.mensah.3961@retail.dev,Germany,2022-03-18,Standard,11015.25
3962,Maya Patel,maya.patel.3962@shopmail.test,India,2025-03-29,Standard,10978.27
3963,Viktor Ali,viktor.ali.3963@shopmail.test,United States,2023-07-13,Standard,9466.92
3964,Elena Chen,elena.chen.3964@retail.dev,Australia,2020-04-27,Premium,1674.04
3965,Anika Singh,anika.singh.3965@retail.dev,United States,2020-06-06,Standard,8277.30
3966,Grace Brown,grace.brown.3966@example.com,Canada,2020-04-04,Standard,11514.07
3967,Diego Brown,diego.brown.3967@shopmail.test,Singapore,2022-07-18,Basic,1692.75
3968,Fatima Muller,fatima.muller.3968@shopmail.test,Germany,2022-07-05,Basic,7454.78
3969,Amelia Kim,amelia.kim.3969@retail.dev,United States,2021-04-02,Premium,7890.42
3970,Fatima Nguyen,fatima.nguyen.3970@shopmail.test,India,2024-06-30,Standard,10621.91
3971,Lucia Ivanov,lucia.ivanov.3971@shopmail.test,United Kingdom,2024-04-06,Basic,9678.34
3972,Quinn Patel,quinn.patel.3972@example.com,Japan,2025-11-14,Standard,2700.75
3973,Quinn Singh,quinn.singh.3973@shopmail.test,France,2023-11-28,Standard,11455.86
3974,Aisha Novak,aisha.novak.3974@example.com,Brazil,2020-11-27,Standard,3907.04
3975,Priya Costa,priya.costa.3975@retail.dev,Germany,2023-11-10,Basic,3769.16
3976,Quinn Mensah,quinn.mensah.3976@shopmail.test,India,2020-05-08,Basic,5029.10
3977,Lucia Kim,lucia.kim.3977@shopmail.test,France,2024-08-29,Standard,2988.22
3978,Anika Silva,anika.silva.3978@shopmail.test,France,2020-12-21,Standard,9969.70
3979,Rosa Nguyen,rosa.nguyen.3979@shopmail.test,United States,2024-10-08,Standard,1240.51
3980,Liam Sato,liam.sato.3980@retail.dev,Brazil,2025-11-23,Premium,11709.09
3981,Imani Nguyen,imani.nguyen.3981@shopmail.test,Singapore,2020-02-27,Standard,11196.59
3982,Elena Garcia,elena.garcia.3982@example.com,Singapore,2024-11-02,Standard,9486.44
3983,Noah Brown,noah.brown.3983@example.com,Canada,2020-10-29,Standard,5941.51
3984,Hassan Patel,hassan.patel.3984@retail.dev,India,2023-09-13,Basic,9862.53
3985,Yara Silva,yara.silva.3985@example.com,India,2024-09-11,Standard,8128.47
3986,Zane Khan,zane.khan.3986@retail.dev,Japan,2023-02-22,Basic,9937.72
3987,Liam Patel,liam.patel.3987@example.com,Canada,2023-06-17,Standard,10206.25
3988,Omar Silva,omar.silva.3988@example.com,France,2020-08-22,Premium,7303.49
3989,Grace Singh,grace.singh.3989@example.com,Germany,2020-07-08,Basic,1758.41
3990,Anika Muller,anika.muller.3990@shopmail.test,Brazil,2022-11-11,Premium,4357.70
3991,Imani Mensah,imani.mensah.3991@retail.dev,Australia,2022-01-26,Standard,790.48
3992,Grace Ali,grace.ali.3992@example.com,United Kingdom,2020-04-09,Basic,7553.81
3993,Liam Khan,liam.khan.3993@shopmail.test,Germany,2023-05-10,Standard,10598.12
3994,Yara Garcia,yara.garcia.3994@retail.dev,Singapore,2020-06-05,Standard,10272.65
3995,Keiko Okafor,keiko.okafor.3995@example.com,France,2021-05-01,Standard,1308.76
3996,Arjun Ali,arjun.ali.3996@retail.dev,India,2021-04-14,Basic,11235.13
3997,Imani Brown,imani.brown.3997@example.com,Japan,2020-09-20,Basic,2583.21
3998,Anika Ivanov,anika.ivanov.3998@example.com,Japan,2021-08-01,Standard,1023.49
3999,Keiko Muller,keiko.muller.3999@example.com,France,2021-09-29,Standard,7134.60
4000,Maya Garcia,maya.garcia.4000@shopmail.test,Brazil,2023-08-12,Standard,8160.78
4001,Anika Anderson,anika.anderson.4001@shopmail.test,Brazil,2024-01-10,Premium,6178.29
4002,Aarav Mensah,aarav.mensah.4002@retail.dev,United Kingdom,2023-04-11,Standard,7148.41
4003,Hiro Khan,hiro.khan.4003@example.com,India,2020-08-19,Standard,3830.61
4004,Aarav Silva,aarav.silva.4004@retail.dev,Brazil,2024-03-25,Basic,6260.90
4005,Lucia Novak,lucia.novak.4005@shopmail.test,Australia,2020-05-20,Basic,8943.69
4006,Wei Patel,wei.patel.4006@shopmail.test,France,2021-11-27,Standard,6048.41
4007,Aisha Muller,aisha.muller.4007@retail.dev,Germany,2020-07-13,Standard,7264.93
4008,Fatima Ivanov,fatima.ivanov.4008@example.com,Japan,2025-02-24,Standard,3588.73
4009,Quinn Silva,quinn.silva.4009@example.com,United States,2022-09-10,Basic,6511.90
4010,Amelia Muller,amelia.muller.4010@example.com,United States,2026-02-28,Standard,5370.73
4011,Viktor Brown,viktor.brown.4011@example.com,United Kingdom,2021-02-14,Standard,3387.79
4012,Lucia Costa,lucia.costa.4012@retail.dev,Japan,2021-10-16,Premium,1205.02
4013,Chen Singh,chen.singh.4013@retail.dev,Germany,2022-08-24,Standard,9257.11
4014,Priya Garcia,priya.garcia.4014@retail.dev,France,2024-05-03,Standard,8690.89
4015,Elena Ivanov,elena.ivanov.4015@retail.dev,United Kingdom,2020-02-07,Standard,6794.95
4016,Omar Okafor,omar.okafor.4016@shopmail.test,Japan,2022-10-02,Basic,7212.79
4017,Maya Costa,maya.costa.4017@example.com,United States,2025-06-14,Standard,2230.64
4018,Hiro Silva,hiro.silva.4018@example.com,Brazil,2020-11-26,Standard,8614.32
4019,Yara Anderson,yara.anderson.4019@retail.dev,Australia,2025-02-13,Premium,2916.29
4020,Viktor Anderson,viktor.anderson.4020@example.com,Germany,2025-12-23,Basic,3864.68
4021,Jia Anderson,jia.anderson.4021@retail.dev,United Kingdom,2025-12-07,Standard,9182.86
4022,Noah Sato,noah.sato.4022@shopmail.test,Singapore,2023-05-29,Standard,11218.51
4023,Keiko Silva,keiko.silva.4023@example.com,Singapore,2024-06-07,Standard,4689.09
4024,Chen Mensah,chen.mensah.4024@shopmail.test,United Kingdom,2024-10-18,Standard,2855.02
4025,Quinn Williams,quinn.williams.4025@shopmail.test,Germany,2025-08-11,Standard,1717.86
4026,Maya Singh,maya.singh.4026@shopmail.test,Brazil,2024-06-29,Premium,8912.67
4027,Lucia Muller,lucia.muller.4027@shopmail.test,United Kingdom,2020-04-13,Standard,5945.67
4028,Diego Chen,diego.chen.4028@example.com,India,2025-11-19,Standard,3455.78
4029,Rosa Silva,rosa.silva.4029@shopmail.test,France,2022-06-09,Standard,11133.36
4030,Zane Garcia,zane.garcia.4030@shopmail.test,India,2023-05-21,Standard,4707.01
4031,Keiko Ivanov,keiko.ivanov.4031@retail.dev,United Kingdom,2022-04-18,Basic,35.16
4032,Amelia Mensah,amelia.mensah.4032@example.com,United Kingdom,2024-08-31,Basic,8218.27
4033,Hiro Nguyen,hiro.nguyen.4033@shopmail.test,Japan,2023-04-25,Standard,1374.52
4034,Rosa Ivanov,rosa.ivanov.4034@shopmail.test,United States,2022-04-28,Basic,5002.51
4035,Uma Sato,uma.sato.4035@retail.dev,France,2024-05-09,Standard,6475.31
4036,Maya Williams,maya.williams.4036@retail.dev,Japan,2025-06-01,Basic,2617.00
4037,Sofia Muller,sofia.muller.4037@shopmail.test,Singapore,2020-01-13,Premium,6506.87
4038,Yara Muller,yara.muller.4038@example.com,Australia,2024-07-02,Basic,8288.89
4039,Maya Nguyen,maya.nguyen.4039@retail.dev,United Kingdom,2021-08-16,Basic,8490.69
4040,Priya Nguyen,priya.nguyen.4040@retail.dev,Germany,2025-05-30,Basic,4615.04
4041,Fatima Garcia,fatima.garcia.4041@retail.dev,India,2020-06-27,Basic,622.31
4042,Maya Kim,maya.kim.4042@retail.dev,India,2020-12-01,Standard,2064.81
4043,Fatima Okafor,fatima.okafor.4043@retail.dev,United Kingdom,2021-05-23,Standard,269.56
4044,Jia Ali,jia.ali.4044@shopmail.test,Australia,2024-06-28,Standard,10179.59
4045,Priya Mensah,priya.mensah.4045@retail.dev,Japan,2025-11-23,Standard,9485.95
4046,Omar Sato,omar.sato.4046@retail.dev,Brazil,2026-06-19,Standard,3436.19
4047,Noah Novak,noah.novak.4047@example.com,United Kingdom,2020-08-20,Standard,11160.06
4048,Keiko Kim,keiko.kim.4048@shopmail.test,France,2021-03-28,Standard,10247.67
4049,Hiro Williams,hiro.williams.4049@example.com,United States,2021-01-23,Standard,6426.08
4050,James Garcia,james.garcia.4050@retail.dev,Australia,2025-07-10,Standard,9614.44
4051,James Muller,james.muller.4051@example.com,India,2021-01-22,Basic,2421.39
4052,Noah Mensah,noah.mensah.4052@example.com,France,2024-02-10,Basic,5397.36
4053,Anika Ivanov,anika.ivanov.4053@shopmail.test,Japan,2026-09-10,Standard,4940.99
4054,Liam Garcia,liam.garcia.4054@retail.dev,Singapore,2020-12-29,Standard,10702.35
4055,Omar Ali,omar.ali.4055@example.com,United States,2026-07-25,Premium,6376.56
4056,Anika Khan,anika.khan.4056@shopmail.test,Australia,2020-02-23,Standard,5126.57
4057,Diego Nguyen,diego.nguyen.4057@retail.dev,Germany,2021-04-15,Standard,9634.65
4058,James Kim,james.kim.4058@retail.dev,Australia,2022-09-18,Premium,7376.69
4059,Fatima Ali,fatima.ali.4059@retail.dev,Singapore,2020-05-30,Basic,568.77
4060,Uma Patel,uma.patel.4060@shopmail.test,Canada,2022-09-20,Standard,1981.02
4061,Hiro Williams,hiro.williams.4061@shopmail.test,Germany,2023-09-25,Standard,4117.41
4062,Priya Novak,priya.novak.4062@example.com,Brazil,2026-07-28,Standard,9974.61
4063,Viktor Sato,viktor.sato.4063@shopmail.test,Australia,2022-06-11,Standard,1870.67
4064,Anika Mensah,anika.mensah.4064@retail.dev,India,2023-01-20,Premium,7212.38
4065,Hassan Chen,hassan.chen.4065@shopmail.test,Brazil,2020-09-30,Standard,10120.44
4066,Viktor Ivanov,viktor.ivanov.4066@retail.dev,India,2022-01-05,Basic,1297.87
4067,Quinn Khan,quinn.khan.4067@retail.dev,France,2024-07-20,Basic,1480.13
4068,Elena Ali,elena.ali.4068@example.com,Japan,2022-12-05,Standard,1194.57
4069,Fatima Brown,fatima.brown.4069@example.com,Singapore,2022-08-15,Premium,4690.60
4070,Elena Anderson,elena.anderson.4070@retail.dev,Australia,2025-04-10,Standard,6267.76
4071,Sofia Novak,sofia.novak.4071@retail.dev,Canada,2020-07-07,Standard,5158.07
4072,Hiro Ali,hiro.ali.4072@retail.dev,United States,2026-01-14,Standard,7564.91
4073,Lucia Novak,lucia.novak.4073@retail.dev,Germany,2021-12-21,Basic,5544.30
4074,Hassan Garcia,hassan.garcia.4074@example.com,Germany,2024-09-10,Standard,795.85
4075,Zane Novak,zane.novak.4075@example.com,Brazil,2025-04-11,Standard,5159.79
4076,Quinn Silva,quinn.silva.4076@shopmail.test,United States,2021-05-10,Standard,2735.70
4077,Quinn Nguyen,quinn.nguyen.4077@example.com,Canada,2023-06-05,Premium,2080.52
4078,Anika Novak,anika.novak.4078@example.com,United States,2025-11-21,Basic,10077.84
4079,James Muller,james.muller.4079@shopmail.test,United States,2022-01-27,Basic,5220.71
4080,Anika Chen,anika.chen.4080@shopmail.test,India,2021-02-13,Standard,3737.30
4081,Grace Chen,grace.chen.4081@example.com,India,2023-01-13,Standard,11823.37
4082,Quinn Sato,quinn.sato.4082@example.com,Singapore,2022-09-29,Basic,9053.40
4083,Grace Mensah,grace.mensah.4083@example.com,United Kingdom,2024-08-11,Standard,10735.99
4084,Priya Williams,priya.williams.4084@shopmail.test,Canada,2024-10-10,Standard,11759.00
4085,Aarav Novak,aarav.novak.4085@shopmail.test,Germany,2026-06-17,Standard,3724.43
4086,Noah Chen,noah.chen.4086@shopmail.test,Canada,2020-09-23,Basic,5622.81
4087,Uma Silva,uma.silva.4087@retail.dev,Singapore,2023-05-14,Basic,11881.67
4088,Aisha Williams,aisha.williams.4088@example.com,United States,2022-01-03,Standard,936.22
4089,Omar Khan,omar.khan.4089@example.com,Singapore,2023-07-27,Standard,7407.62
4090,Maya Nguyen,maya.nguyen.4090@shopmail.test,France,2020-05-24,Standard,2114.63
4091,Quinn Lopez,quinn.lopez.4091@shopmail.test,Singapore,2024-11-07,Standard,11240.08
4092,Chen Nguyen,chen.nguyen.4092@shopmail.test,United Kingdom,2026-05-23,Standard,2799.76
4093,Maya Sato,maya.sato.4093@retail.dev,Germany,2021-01-15,Basic,7510.72
4094,Noah Anderson,noah.anderson.4094@shopmail.test,India,2022-08-02,Basic,3683.89
4095,Grace Anderson,grace.anderson.4095@retail.dev,Germany,2024-03-30,Standard,2152.65
4096,Fatima Ivanov,fatima.ivanov.4096@retail.dev,Japan,2022-02-22,Standard,3616.40
4097,Noah Muller,noah.muller.4097@example.com,Japan,2022-09-02,Standard,5684.86
4098,Imani Ivanov,imani.ivanov.4098@shopmail.test,Canada,2022-11-08,Basic,6105.07
4099,Chen Costa,chen.costa.4099@retail.dev,India,2022-10-17,Basic,2139.73
4100,Lucia Brown,lucia.brown.4100@shopmail.test,United States,2023-11-08,Premium,3246.14
4101,Maya Singh,maya.singh.4101@retail.dev,Japan,2021-10-30,Basic,10234.46
4102,Tara Novak,tara.novak.4102@shopmail.test,United States,2024-03-08,Standard,10552.68
4103,Elena Ali,elena.ali.4103@shopmail.test,Canada,2024-10-14,Basic,7270.46
4104,Hassan Khan,hassan.khan.4104@shopmail.test,France,2023-08-14,Standard,10078.09
4105,Hassan Patel,hassan.patel.4105@retail.dev,Germany,2022-11-25,Standard,9635.75
4106,Aarav Patel,aarav.patel.4106@example.com,Japan,2026-08-21,Basic,4099.17
4107,Liam Mensah,liam.mensah.4107@retail.dev,Singapore,2022-05-19,Basic,11831.81
4108,Omar Lopez,omar.lopez.4108@shopmail.test,Singapore,2024-03-25,Standard,5217.82
4109,Lucia Novak,lucia.novak.4109@retail.dev,United Kingdom,2026-07-01,Standard,221.40
4110,Jia Anderson,jia.anderson.4110@shopmail.test,Singapore,2024-11-09,Standard,1042.92
4111,Jia Garcia,jia.garcia.4111@retail.dev,Canada,2020-11-26,Premium,9110.64
4112,Tara Mensah,tara.mensah.4112@shopmail.test,France,2021-02-24,Standard,5778.20
4113,James Brown,james.brown.4113@retail.dev,Japan,2020-01-01,Standard,941.97
4114,James Anderson,james.anderson.4114@shopmail.test,Singapore,2021-01-27,Standard,7954.68
4115,Wei Nguyen,wei.nguyen.4115@shopmail.test,Singapore,2022-04-17,Standard,2509.66
4116,Wei Ivanov,wei.ivanov.4116@shopmail.test,Australia,2026-06-15,Standard,248.29
4117,Sofia Anderson,sofia.anderson.4117@retail.dev,Singapore,2023-10-04,Basic,4917.13
4118,Tara Muller,tara.muller.4118@retail.dev,Canada,2025-06-07,Standard,570.59
4119,Wei Nguyen,wei.nguyen.4119@retail.dev,Japan,2026-04-16,Standard,5672.76
4120,Maya Nguyen,maya.nguyen.4120@example.com,India,2023-09-18,Basic,1514.35
4121,Hassan Patel,hassan.patel.4121@shopmail.test,France,2022-09-12,Standard,10458.74
4122,Rosa Nguyen,rosa.nguyen.4122@example.com,France,2024-03-21,Basic,3627.73
4123,Sofia Muller,sofia.muller.4123@retail.dev,France,2025-10-19,Standard,6886.32
4124,Viktor Chen,viktor.chen.4124@retail.dev,Australia,2020-07-31,Standard,2370.45
4125,Elena Anderson,elena.anderson.4125@example.com,Brazil,2020-12-12,Premium,976.61
4126,Lucia Ali,lucia.ali.4126@retail.dev,Germany,2024-03-25,Standard,1031.61
4127,Aarav Costa,aarav.costa.4127@retail.dev,Brazil,2025-08-25,Basic,1790.47
4128,Jia Singh,jia.singh.4128@example.com,France,2025-11-17,Standard,5711.31
4129,Hassan Ivanov,hassan.ivanov.4129@shopmail.test,Germany,2021-08-23,Premium,2351.78
4130,Fatima Costa,fatima.costa.4130@shopmail.test,Japan,2023-02-26,Standard,7151.72
4131,Sofia Novak,sofia.novak.4131@example.com,United Kingdom,2024-03-26,Basic,8631.80
4132,Lucia Garcia,lucia.garcia.4132@retail.dev,France,2021-09-08,Standard,4465.14
4133,Amelia Okafor,amelia.okafor.4133@example.com,Brazil,2020-07-14,Standard,2657.59
4134,Grace Sato,grace.sato.4134@example.com,France,2024-01-03,Standard,10636.55
4135,Wei Silva,wei.silva.4135@retail.dev,Australia,2024-05-08,Standard,4724.15
4136,Quinn Patel,quinn.patel.4136@retail.dev,Brazil,2025-09-17,Standard,10916.14
4137,Uma Okafor,uma.okafor.4137@shopmail.test,Singapore,2022-12-21,Basic,11595.11
4138,Fatima Costa,fatima.costa.4138@retail.dev,Australia,2022-09-07,Basic,10075.75
4139,Arjun Ali,arjun.ali.4139@shopmail.test,Canada,2023-12-21,Basic,5367.35
4140,Wei Anderson,wei.anderson.4140@retail.dev,Brazil,2022-09-10,Standard,5602.13
4141,Grace Anderson,grace.anderson.4141@shopmail.test,France,2022-12-22,Basic,294.77
4142,Jia Singh,jia.singh.4142@example.com,Canada,2020-11-25,Standard,5355.70
4143,Amelia Garcia,amelia.garcia.4143@retail.dev,Germany,2023-07-22,Basic,9204.21
4144,Aisha Novak,aisha.novak.4144@retail.dev,United States,2026-08-06,Premium,412.01
4145,Maya Sato,maya.sato.4145@shopmail.test,Japan,2020-05-17,Basic,4486.89
4146,Arjun Muller,arjun.muller.4146@retail.dev,Australia,2023-04-04,Basic,4137.28
4147,Omar Ivanov,omar.ivanov.4147@example.com,India,2024-02-05,Standard,11447.13
4148,Zane Ivanov,zane.ivanov.4148@retail.dev,United States,2024-10-26,Basic,7584.79
4149,Viktor Patel,viktor.patel.4149@retail.dev,United Kingdom,2022-12-01,Standard,10269.22
4150,Amelia Patel,amelia.patel.4150@retail.dev,Australia,2022-10-02,Basic,7029.35
4151,Uma Ivanov,uma.ivanov.4151@retail.dev,Japan,2020-11-14,Premium,8280.98
4152,Maya Ali,maya.ali.4152@example.com,Japan,2024-06-22,Basic,11923.58
4153,Anika Brown,anika.brown.4153@shopmail.test,France,2025-08-19,Standard,11540.90
4154,James Garcia,james.garcia.4154@shopmail.test,United Kingdom,2023-07-01,Basic,5657.85
4155,Liam Ivanov,liam.ivanov.4155@retail.dev,Brazil,2025-09-24,Standard,25.72
4156,Rosa Ali,rosa.ali.4156@shopmail.test,Japan,2024-08-12,Standard,7819.51
4157,Wei Silva,wei.silva.4157@shopmail.test,France,2020-03-05,Basic,8551.38
4158,Hassan Novak,hassan.novak.4158@retail.dev,United Kingdom,2026-07-28,Standard,6332.88
4159,Fatima Nguyen,fatima.nguyen.4159@example.com,Singapore,2022-08-11,Standard,68.22
4160,Quinn Nguyen,quinn.nguyen.4160@example.com,Australia,2025-07-26,Standard,3447.13
4161,Fatima Okafor,fatima.okafor.4161@example.com,United Kingdom,2022-09-18,Standard,5082.41
4162,Fatima Patel,fatima.patel.4162@retail.dev,France,2023-12-23,Premium,10511.16
4163,Imani Patel,imani.patel.4163@example.com,Germany,2023-06-16,Standard,5426.53
4164,Lucia Ali,lucia.ali.4164@retail.dev,Australia,2021-01-04,Standard,8805.46
4165,Chen Sato,chen.sato.4165@example.com,United States,2025-02-07,Standard,3646.79
4166,Diego Brown,diego.brown.4166@retail.dev,India,2022-12-11,Standard,224.83
4167,Yara Muller,yara.muller.4167@shopmail.test,United Kingdom,2025-08-28,Standard,2727.28
4168,Lucia Ivanov,lucia.ivanov.4168@shopmail.test,Brazil,2024-08-21,Standard,10408.09
4169,Grace Kim,grace.kim.4169@shopmail.test,United Kingdom,2022-04-14,Premium,2462.58
4170,Liam Khan,liam.khan.4170@example.com,Canada,2020-02-05,Premium,6181.55
4171,Wei Ivanov,wei.ivanov.4171@example.com,Singapore,2023-07-27,Standard,965.45
4172,Yara Williams,yara.williams.4172@example.com,Brazil,2026-01-12,Standard,2034.26
4173,Lucia Novak,lucia.novak.4173@retail.dev,United States,2023-09-04,Standard,7480.85
4174,Tara Ali,tara.ali.4174@example.com,India,2025-11-10,Standard,10637.16
4175,Lucia Lopez,lucia.lopez.4175@example.com,France,2023-09-14,Standard,6237.98
4176,Jia Singh,jia.singh.4176@example.com,Singapore,2021-12-29,Standard,2486.27
4177,Elena Costa,elena.costa.4177@retail.dev,United States,2025-12-21,Basic,6873.98
4178,Rosa Patel,rosa.patel.4178@shopmail.test,France,2022-03-14,Basic,803.74
4179,Diego Sato,diego.sato.4179@example.com,Canada,2021-06-04,Basic,11784.80
4180,Yara Nguyen,yara.nguyen.4180@retail.dev,Brazil,2021-02-25,Standard,10518.71
4181,Rosa Muller,rosa.muller.4181@example.com,India,2020-08-01,Basic,8832.68
4182,Amelia Williams,amelia.williams.4182@shopmail.test,United Kingdom,2023-07-11,Standard,10857.62
4183,Amelia Costa,amelia.costa.4183@shopmail.test,Australia,2024-07-02,Premium,3012.27
4184,Hiro Khan,hiro.khan.4184@example.com,Germany,2020-08-09,Basic,3865.72
4185,Aisha Costa,aisha.costa.4185@example.com,United Kingdom,2023-04-30,Premium,5305.39
4186,Wei Patel,wei.patel.4186@retail.dev,Australia,2024-07-26,Standard,6599.63
4187,Hassan Mensah,hassan.mensah.4187@example.com,Canada,2024-07-24,Basic,8502.35
4188,Hassan Costa,hassan.costa.4188@example.com,Singapore,2021-05-05,Basic,8910.24
4189,Maya Kim,maya.kim.4189@retail.dev,Canada,2021-08-02,Standard,7376.15
4190,Hassan Silva,hassan.silva.4190@retail.dev,United Kingdom,2020-08-13,Standard,8221.12
4191,Aarav Ivanov,aarav.ivanov.4191@retail.dev,France,2021-03-04,Basic,8984.85
4192,Quinn Novak,quinn.novak.4192@retail.dev,Japan,2021-01-17,Premium,10744.68
4193,Omar Silva,omar.silva.4193@retail.dev,United Kingdom,2021-10-17,Standard,1629.62
4194,Imani Chen,imani.chen.4194@example.com,India,2021-08-02,Standard,6053.91
4195,Priya Garcia,priya.garcia.4195@example.com,France,2025-08-06,Standard,7665.49
4196,Uma Novak,uma.novak.4196@example.com,Japan,2026-05-17,Basic,11456.38
4197,Diego Sato,diego.sato.4197@example.com,United States,2025-07-26,Standard,11190.47
4198,Aarav Singh,aarav.singh.4198@retail.dev,Australia,2026-05-18,Standard,7953.03
4199,Keiko Silva,keiko.silva.4199@retail.dev,Germany,2021-06-27,Standard,5483.98
4200,Chen Silva,chen.silva.4200@shopmail.test,Canada,2020-05-04,Premium,7753.53
4201,Lucia Brown,lucia.brown.4201@example.com,Japan,2025-07-13,Basic,3067.71
4202,Jia Kim,jia.kim.4202@shopmail.test,India,2021-08-15,Standard,1083.26
4203,Wei Patel,wei.patel.4203@retail.dev,United States,2023-09-18,Standard,6152.84
4204,Quinn Silva,quinn.silva.4204@example.com,Canada,2025-10-14,Standard,9677.01
4205,Lucia Anderson,lucia.anderson.4205@shopmail.test,United States,2021-12-11,Basic,9985.25
4206,James Singh,james.singh.4206@shopmail.test,Singapore,2023-05-15,Basic,3180.29
4207,Zane Brown,zane.brown.4207@example.com,Japan,2020-06-19,Basic,303.94
4208,Rosa Ali,rosa.ali.4208@retail.dev,Canada,2025-08-30,Standard,4720.91
4209,Diego Patel,diego.patel.4209@shopmail.test,France,2021-01-19,Basic,3967.52
4210,Tara Silva,tara.silva.4210@retail.dev,Japan,2022-06-22,Standard,5918.34
4211,Jia Lopez,jia.lopez.4211@retail.dev,Singapore,2023-11-24,Standard,11790.87
4212,Uma Muller,uma.muller.4212@example.com,France,2020-10-30,Standard,7916.55
4213,Omar Silva,omar.silva.4213@example.com,United Kingdom,2021-07-19,Basic,300.79
4214,Tara Khan,tara.khan.4214@shopmail.test,Singapore,2026-03-27,Standard,11067.21
4215,Fatima Mensah,fatima.mensah.4215@example.com,Japan,2020-11-22,Basic,7394.40
4216,Aarav Khan,aarav.khan.4216@shopmail.test,Japan,2023-09-10,Premium,8659.35
4217,Maya Brown,maya.brown.4217@retail.dev,Canada,2022-10-04,Standard,11410.09
4218,Grace Garcia,grace.garcia.4218@shopmail.test,Singapore,2026-08-10,Basic,1486.37
4219,Rosa Patel,rosa.patel.4219@retail.dev,Germany,2024-01-21,Standard,5299.98
4220,Maya Singh,maya.singh.4220@example.com,United States,2021-01-15,Basic,4920.85
4221,Uma Ali,uma.ali.4221@retail.dev,France,2023-09-19,Basic,1534.98
4222,Keiko Anderson,keiko.anderson.4222@retail.dev,France,2026-03-29,Standard,6138.63
4223,Uma Williams,uma.williams.4223@retail.dev,India,2024-08-22,Basic,3997.45
4224,Maya Nguyen,maya.nguyen.4224@retail.dev,India,2024-02-14,Basic,11272.65
4225,Viktor Nguyen,viktor.nguyen.4225@example.com,United Kingdom,2025-11-22,Basic,8609.93
4226,Liam Khan,liam.khan.4226@shopmail.test,Japan,2021-09-23,Standard,2535.78
4227,Liam Brown,liam.brown.4227@shopmail.test,Brazil,2024-10-15,Standard,3593.86
4228,Yara Ivanov,yara.ivanov.4228@shopmail.test,Canada,2025-07-21,Standard,7339.47
4229,Hassan Chen,hassan.chen.4229@shopmail.test,Singapore,2022-06-15,Standard,3243.89
4230,Hassan Ali,hassan.ali.4230@shopmail.test,Germany,2025-04-29,Standard,975.21
4231,Amelia Okafor,amelia.okafor.4231@retail.dev,Australia,2023-08-13,Basic,8212.06
4232,Noah Nguyen,noah.nguyen.4232@retail.dev,Brazil,2025-08-22,Basic,5875.32
4233,Zane Sato,zane.sato.4233@retail.dev,Canada,2020-12-22,Basic,795.83
4234,Liam Lopez,liam.lopez.4234@example.com,United Kingdom,2021-10-02,Standard,3895.69
4235,Tara Novak,tara.novak.4235@shopmail.test,Singapore,2025-07-12,Standard,4032.38
4236,James Singh,james.singh.4236@retail.dev,France,2023-07-27,Premium,4314.33
4237,Grace Kim,grace.kim.4237@example.com,United States,2024-07-09,Standard,7196.25
4238,Yara Patel,yara.patel.4238@retail.dev,India,2026-05-06,Basic,4227.77
4239,Aisha Kim,aisha.kim.4239@example.com,Australia,2024-06-10,Basic,10049.56
4240,Maya Okafor,maya.okafor.4240@example.com,Japan,2021-09-27,Standard,3387.36
4241,Fatima Chen,fatima.chen.4241@example.com,Brazil,2022-05-30,Standard,7962.25
4242,Imani Ivanov,imani.ivanov.4242@shopmail.test,France,2026-03-16,Premium,7550.44
4243,Omar Patel,omar.patel.4243@example.com,Canada,2020-12-05,Basic,10494.08
4244,Aarav Khan,aarav.khan.4244@example.com,Australia,2022-03-16,Basic,6653.75
4245,Viktor Muller,viktor.muller.4245@retail.dev,France,2024-12-01,Basic,4512.37
4246,Imani Okafor,imani.okafor.4246@shopmail.test,France,2021-03-03,Basic,3932.39
4247,Wei Anderson,wei.anderson.4247@shopmail.test,United States,2023-11-14,Standard,1872.04
4248,Noah Ivanov,noah.ivanov.4248@shopmail.test,India,2025-06-07,Basic,11178.45
4249,Keiko Silva,keiko.silva.4249@shopmail.test,Canada,2020-07-15,Standard,8998.91
4250,Noah Ali,noah.ali.4250@retail.dev,Japan,2020-09-14,Premium,8298.22
4251,Uma Singh,uma.singh.4251@retail.dev,India,2024-08-01,Standard,7527.79
4252,Tara Williams,tara.williams.4252@example.com,Australia,2024-02-01,Basic,2069.28
4253,Hassan Khan,hassan.khan.4253@shopmail.test,Brazil,2026-03-31,Standard,259.83
4254,Hassan Brown,hassan.brown.4254@shopmail.test,India,2026-02-26,Premium,10972.38
4255,James Sato,james.sato.4255@shopmail.test,Japan,2022-06-10,Basic,4465.10
4256,Fatima Costa,fatima.costa.4256@example.com,Brazil,2024-06-07,Premium,6745.11
4257,Uma Brown,uma.brown.4257@retail.dev,Singapore,2020-12-02,Standard,10727.18
4258,Zane Kim,zane.kim.4258@shopmail.test,United Kingdom,2025-08-29,Premium,5812.21
4259,Arjun Ali,arjun.ali.4259@retail.dev,India,2023-02-09,Standard,9526.75
4260,Hassan Khan,hassan.khan.4260@retail.dev,India,2021-02-14,Standard,3325.22
4261,Liam Muller,liam.muller.4261@retail.dev,Brazil,2025-10-20,Basic,4052.72
4262,Fatima Mensah,fatima.mensah.4262@shopmail.test,Singapore,2024-12-27,Standard,4566.34
4263,Wei Patel,wei.patel.4263@retail.dev,Singapore,2025-05-25,Premium,3930.57
4264,Fatima Khan,fatima.khan.4264@retail.dev,Brazil,2023-06-07,Standard,9195.87
4265,Priya Okafor,priya.okafor.4265@retail.dev,India,2021-02-21,Standard,4941.06
4266,Zane Silva,zane.silva.4266@retail.dev,United States,2020-01-11,Basic,3205.94
4267,Keiko Lopez,keiko.lopez.4267@example.com,Australia,2022-09-14,Standard,1372.83
4268,Maya Mensah,maya.mensah.4268@example.com,United Kingdom,2025-03-26,Premium,635.16
4269,Anika Brown,anika.brown.4269@shopmail.test,Singapore,2022-10-30,Standard,10309.23
4270,Zane Sato,zane.sato.4270@retail.dev,Canada,2022-09-11,Standard,9828.30
4271,Quinn Chen,quinn.chen.4271@shopmail.test,Brazil,2025-06-04,Premium,4244.96
4272,Zane Williams,zane.williams.4272@shopmail.test,Canada,2023-10-11,Standard,1268.75
4273,Omar Okafor,omar.okafor.4273@retail.dev,Australia,2023-06-19,Premium,6419.26
4274,Jia Khan,jia.khan.4274@retail.dev,Australia,2023-07-10,Standard,10331.92
4275,Zane Singh,zane.singh.4275@retail.dev,Singapore,2023-12-02,Standard,10012.03
4276,Tara Singh,tara.singh.4276@shopmail.test,Australia,2025-06-13,Basic,3634.41
4277,Yara Williams,yara.williams.4277@example.com,Japan,2021-02-04,Standard,4844.36
4278,Sofia Sato,sofia.sato.4278@example.com,Germany,2021-04-26,Basic,4941.27
4279,Rosa Costa,rosa.costa.4279@example.com,Canada,2024-12-23,Premium,243.46
4280,Imani Ali,imani.ali.4280@retail.dev,Brazil,2024-12-26,Standard,1174.79
4281,Priya Ali,priya.ali.4281@retail.dev,Germany,2025-06-26,Basic,9684.48
4282,Grace Kim,grace.kim.4282@shopmail.test,United States,2026-03-27,Standard,3849.12
4283,Liam Khan,liam.khan.4283@shopmail.test,United States,2025-08-07,Basic,4490.04
4284,Anika Mensah,anika.mensah.4284@example.com,United States,2020-04-14,Standard,9900.13
4285,Amelia Mensah,amelia.mensah.4285@example.com,United Kingdom,2023-11-26,Standard,399.10
4286,Jia Patel,jia.patel.4286@shopmail.test,Singapore,2024-04-18,Standard,9492.17
4287,Aisha Okafor,aisha.okafor.4287@retail.dev,Australia,2026-02-02,Standard,7178.65
4288,Hassan Kim,hassan.kim.4288@retail.dev,Australia,2024-06-17,Basic,1894.25
4289,Maya Muller,maya.muller.4289@shopmail.test,Brazil,2026-03-01,Basic,11082.07
4290,Imani Muller,imani.muller.4290@shopmail.test,Germany,2023-12-16,Basic,9492.28
4291,Hiro Singh,hiro.singh.4291@example.com,Brazil,2025-11-29,Standard,569.57
4292,Arjun Silva,arjun.silva.4292@example.com,Germany,2025-12-27,Standard,3259.34
4293,Elena Singh,elena.singh.4293@example.com,Canada,2021-03-12,Basic,7354.80
4294,Diego Patel,diego.patel.4294@shopmail.test,Canada,2025-04-01,Basic,3735.90
4295,Noah Muller,noah.muller.4295@example.com,Australia,2024-11-05,Standard,8076.66
4296,Keiko Ali,keiko.ali.4296@example.com,Canada,2024-08-22,Standard,9846.70
4297,Liam Anderson,liam.anderson.4297@retail.dev,United States,2022-03-13,Basic,10253.50
4298,Priya Patel,priya.patel.4298@shopmail.test,France,2025-02-11,Standard,2759.22
4299,Uma Singh,uma.singh.4299@example.com,Japan,2026-04-15,Basic,4693.24
4300,Chen Brown,chen.brown.4300@example.com,Brazil,2022-01-13,Basic,8040.93
4301,Tara Ali,tara.ali.4301@example.com,Japan,2022-12-19,Basic,9604.03
4302,Viktor Williams,viktor.williams.4302@example.com,India,2024-05-17,Standard,7009.71
4303,Priya Silva,priya.silva.4303@shopmail.test,India,2022-03-14,Basic,2015.81
4304,Hassan Nguyen,hassan.nguyen.4304@shopmail.test,Japan,2024-03-26,Premium,1320.76
4305,Maya Silva,maya.silva.4305@shopmail.test,Australia,2023-09-26,Basic,10385.13
4306,Jia Sato,jia.sato.4306@example.com,India,2023-01-22,Standard,4483.31
4307,Hiro Brown,hiro.brown.4307@retail.dev,United Kingdom,2023-02-21,Standard,940.02
4308,Tara Chen,tara.chen.4308@shopmail.test,Germany,2023-11-04,Premium,4600.01
4309,Liam Anderson,liam.anderson.4309@retail.dev,Japan,2023-10-16,Premium,2492.78
4310,Anika Ali,anika.ali.4310@shopmail.test,Japan,2022-06-05,Standard,11415.86
4311,Grace Kim,grace.kim.4311@shopmail.test,United Kingdom,2026-01-08,Basic,3371.51
4312,Fatima Lopez,fatima.lopez.4312@shopmail.test,Japan,2021-07-05,Standard,11354.77
4313,Elena Khan,elena.khan.4313@example.com,United Kingdom,2022-09-22,Standard,11697.96
4314,Chen Mensah,chen.mensah.4314@example.com,Germany,2021-11-23,Standard,10939.23
4315,Aarav Williams,aarav.williams.4315@shopmail.test,Brazil,2025-05-26,Basic,4753.84
4316,Yara Okafor,yara.okafor.4316@shopmail.test,Brazil,2020-07-08,Basic,151.54
4317,James Kim,james.kim.4317@example.com,Singapore,2026-02-04,Standard,5593.76
4318,Hiro Anderson,hiro.anderson.4318@example.com,France,2025-06-02,Standard,5806.29
4319,Chen Kim,chen.kim.4319@retail.dev,Japan,2025-08-05,Premium,3401.22
4320,Imani Chen,imani.chen.4320@shopmail.test,Singapore,2020-07-21,Standard,1258.16
4321,Elena Patel,elena.patel.4321@shopmail.test,Canada,2022-07-15,Basic,8063.65
4322,Omar Brown,omar.brown.4322@shopmail.test,United Kingdom,2024-06-28,Standard,5167.06
4323,Maya Novak,maya.novak.4323@retail.dev,Germany,2020-12-07,Standard,3891.74
4324,Noah Anderson,noah.anderson.4324@retail.dev,United States,2024-05-03,Basic,3020.82
4325,Zane Ali,zane.ali.4325@example.com,Australia,2025-06-15,Standard,2772.88
4326,Uma Kim,uma.kim.4326@retail.dev,United Kingdom,2026-09-07,Standard,660.64
4327,Rosa Singh,rosa.singh.4327@retail.dev,India,2026-04-07,Standard,2274.24
4328,Maya Lopez,maya.lopez.4328@example.com,United Kingdom,2025-03-17,Basic,5561.90
4329,Zane Brown,zane.brown.4329@shopmail.test,India,2022-10-07,Premium,3006.39
4330,Sofia Brown,sofia.brown.4330@example.com,United Kingdom,2021-12-04,Standard,66.28
4331,James Ali,james.ali.4331@shopmail.test,Canada,2020-04-12,Standard,6132.78
4332,Liam Anderson,liam.anderson.4332@example.com,Germany,2021-08-02,Basic,11138.48
4333,Sofia Singh,sofia.singh.4333@shopmail.test,Germany,2026-02-11,Standard,6054.24
4334,Priya Novak,priya.novak.4334@example.com,Australia,2020-12-04,Premium,4361.00
4335,Viktor Garcia,viktor.garcia.4335@shopmail.test,Singapore,2025-05-20,Standard,11021.36
4336,Diego Singh,diego.singh.4336@example.com,Canada,2021-05-15,Premium,1976.02
4337,Aisha Garcia,aisha.garcia.4337@example.com,Singapore,2021-09-08,Basic,2953.41
4338,Hassan Singh,hassan.singh.4338@shopmail.test,Singapore,2025-10-03,Basic,7005.31
4339,Maya Anderson,maya.anderson.4339@retail.dev,Brazil,2022-06-22,Standard,9106.44
4340,Anika Okafor,anika.okafor.4340@example.com,Germany,2025-07-12,Premium,5844.04
4341,Aisha Singh,aisha.singh.4341@retail.dev,Canada,2024-08-09,Standard,10892.97
4342,Amelia Silva,amelia.silva.4342@example.com,Australia,2022-11-04,Basic,8391.30
4343,Amelia Lopez,amelia.lopez.4343@retail.dev,Japan,2022-11-03,Standard,2801.51
4344,Maya Brown,maya.brown.4344@shopmail.test,United Kingdom,2022-05-05,Standard,4637.59
4345,Sofia Chen,sofia.chen.4345@shopmail.test,France,2025-01-31,Basic,4859.45
4346,Viktor Patel,viktor.patel.4346@shopmail.test,Singapore,2020-02-08,Standard,2712.68
4347,Tara Mensah,tara.mensah.4347@shopmail.test,Germany,2022-08-13,Basic,7677.66
4348,Aisha Muller,aisha.muller.4348@shopmail.test,Brazil,2022-07-13,Standard,6972.23
4349,Hassan Okafor,hassan.okafor.4349@example.com,Canada,2022-12-17,Basic,4099.92
4350,Lucia Sato,lucia.sato.4350@retail.dev,Brazil,2025-12-24,Basic,7050.12
4351,Rosa Khan,rosa.khan.4351@shopmail.test,United States,2021-04-24,Standard,11890.16
4352,Viktor Brown,viktor.brown.4352@retail.dev,Singapore,2023-03-31,Standard,641.29
4353,Wei Singh,wei.singh.4353@shopmail.test,France,2026-07-02,Basic,3604.28
4354,Uma Kim,uma.kim.4354@retail.dev,Brazil,2021-03-06,Premium,5822.30
4355,Imani Costa,imani.costa.4355@shopmail.test,France,2025-01-15,Standard,8091.49
4356,Hassan Mensah,hassan.mensah.4356@example.com,India,2021-09-05,Standard,9488.23
4357,Imani Ali,imani.ali.4357@retail.dev,United States,2022-05-10,Standard,4070.79
4358,Sofia Khan,sofia.khan.4358@retail.dev,France,2026-07-03,Premium,6101.96
4359,Liam Singh,liam.singh.4359@retail.dev,Singapore,2024-09-03,Premium,5220.63
4360,Rosa Novak,rosa.novak.4360@retail.dev,France,2022-01-15,Basic,11447.45
4361,Amelia Khan,amelia.khan.4361@retail.dev,Brazil,2025-10-28,Premium,4931.96
4362,Aisha Novak,aisha.novak.4362@shopmail.test,Singapore,2024-12-18,Basic,10687.19
4363,Hiro Mensah,hiro.mensah.4363@retail.dev,France,2020-06-16,Basic,2481.32
4364,Arjun Lopez,arjun.lopez.4364@retail.dev,Brazil,2022-07-01,Standard,7081.38
4365,Amelia Garcia,amelia.garcia.4365@shopmail.test,United Kingdom,2020-08-13,Basic,9117.49
4366,Arjun Chen,arjun.chen.4366@example.com,France,2026-09-11,Standard,2269.49
4367,Lucia Nguyen,lucia.nguyen.4367@retail.dev,Germany,2023-03-23,Standard,2801.14
4368,Aisha Silva,aisha.silva.4368@shopmail.test,Canada,2022-06-02,Standard,11150.66
4369,Imani Anderson,imani.anderson.4369@shopmail.test,Singapore,2024-07-01,Basic,10677.92
4370,Fatima Muller,fatima.muller.4370@example.com,Germany,2020-01-10,Standard,4141.88
4371,Hassan Mensah,hassan.mensah.4371@example.com,Singapore,2026-01-11,Basic,3894.35
4372,Grace Garcia,grace.garcia.4372@retail.dev,United States,2021-07-13,Standard,2928.22
4373,Aisha Lopez,aisha.lopez.4373@retail.dev,Australia,2022-12-21,Standard,10632.23
4374,Grace Chen,grace.chen.4374@example.com,United Kingdom,2025-05-15,Basic,4104.20
4375,Zane Ali,zane.ali.4375@shopmail.test,Australia,2025-11-01,Basic,3089.70
4376,Zane Costa,zane.costa.4376@example.com,Brazil,2021-08-09,Standard,102.38
4377,James Costa,james.costa.4377@shopmail.test,Japan,2021-06-24,Standard,9613.55
4378,Viktor Ivanov,viktor.ivanov.4378@retail.dev,France,2026-03-05,Standard,11528.01
4379,Aarav Nguyen,aarav.nguyen.4379@example.com,India,2020-06-21,Standard,7091.35
4380,Anika Muller,anika.muller.4380@example.com,Singapore,2020-11-03,Basic,434.34
4381,Quinn Brown,quinn.brown.4381@example.com,Singapore,2026-04-13,Standard,4991.10
4382,Sofia Ali,sofia.ali.4382@retail.dev,Brazil,2021-06-23,Standard,5676.90
4383,Chen Williams,chen.williams.4383@example.com,Canada,2025-07-28,Standard,9576.03
4384,Tara Nguyen,tara.nguyen.4384@example.com,Singapore,2023-06-22,Standard,9571.51
4385,Uma Kim,uma.kim.4385@shopmail.test,Canada,2025-04-25,Basic,6939.81
4386,Anika Ivanov,anika.ivanov.4386@retail.dev,Japan,2020-02-04,Standard,9128.89
4387,Liam Anderson,liam.anderson.4387@retail.dev,United States,2025-04-13,Premium,3907.07
4388,Chen Williams,chen.williams.4388@example.com,United States,2025-06-20,Standard,8225.18
4389,Arjun Nguyen,arjun.nguyen.4389@shopmail.test,Canada,2020-01-15,Premium,10652.18
4390,Hiro Sato,hiro.sato.4390@retail.dev,India,2020-09-30,Standard,6369.68
4391,Priya Garcia,priya.garcia.4391@shopmail.test,India,2020-08-15,Basic,3247.00
4392,Viktor Mensah,viktor.mensah.4392@example.com,Australia,2023-08-01,Standard,239.43
4393,Chen Lopez,chen.lopez.4393@example.com,Germany,2026-05-28,Standard,3327.40
4394,Viktor Lopez,viktor.lopez.4394@shopmail.test,Canada,2020-08-14,Standard,10904.86
4395,Rosa Chen,rosa.chen.4395@shopmail.test,Japan,2022-02-11,Standard,6885.06
4396,Zane Okafor,zane.okafor.4396@example.com,France,2021-08-03,Basic,8273.31
4397,Lucia Anderson,lucia.anderson.4397@shopmail.test,Australia,2024-10-11,Premium,1077.90
4398,Jia Novak,jia.novak.4398@example.com,Canada,2021-09-20,Standard,4831.00
4399,Rosa Chen,rosa.chen.4399@retail.dev,Brazil,2023-11-02,Standard,1219.18
4400,Aarav Kim,aarav.kim.4400@shopmail.test,Brazil,2024-02-03,Premium,1304.62
4401,Noah Okafor,noah.okafor.4401@example.com,Singapore,2021-06-25,Premium,1571.29
4402,Arjun Patel,arjun.patel.4402@retail.dev,Australia,2021-05-03,Basic,1877.98
4403,Arjun Muller,arjun.muller.4403@shopmail.test,United States,2022-07-18,Basic,11635.14
4404,Uma Sato,uma.sato.4404@shopmail.test,Singapore,2026-06-14,Standard,2392.51
4405,Hassan Williams,hassan.williams.4405@retail.dev,Australia,2021-10-23,Standard,1260.11
4406,Yara Brown,yara.brown.4406@retail.dev,Brazil,2021-05-26,Premium,10111.76
4407,Amelia Costa,amelia.costa.4407@shopmail.test,Australia,2021-11-06,Basic,10850.85
4408,Uma Mensah,uma.mensah.4408@shopmail.test,India,2023-05-24,Standard,1350.63
4409,Grace Chen,grace.chen.4409@example.com,France,2025-03-30,Basic,7004.32
4410,Arjun Singh,arjun.singh.4410@retail.dev,United Kingdom,2020-11-22,Standard,6556.33
4411,Chen Costa,chen.costa.4411@shopmail.test,Brazil,2026-06-13,Basic,11614.96
4412,Elena Ivanov,elena.ivanov.4412@shopmail.test,Canada,2025-03-03,Standard,10585.38
4413,Diego Costa,diego.costa.4413@shopmail.test,Singapore,2022-03-20,Standard,4127.73
4414,Wei Mensah,wei.mensah.4414@shopmail.test,Australia,2025-10-26,Standard,7253.13
4415,Keiko Kim,keiko.kim.4415@shopmail.test,Germany,2023-10-14,Basic,9038.38
4416,Wei Williams,wei.williams.4416@retail.dev,United States,2020-06-25,Basic,7370.27
4417,Sofia Muller,sofia.muller.4417@retail.dev,Canada,2023-01-11,Basic,7776.11
4418,Arjun Costa,arjun.costa.4418@example.com,United States,2025-04-12,Standard,5039.67
4419,Rosa Patel,rosa.patel.4419@shopmail.test,Australia,2026-05-13,Standard,7226.85
4420,Keiko Muller,keiko.muller.4420@example.com,France,2025-05-11,Standard,3473.61
4421,Imani Silva,imani.silva.4421@example.com,Germany,2021-05-30,Standard,7136.94
4422,James Novak,james.novak.4422@retail.dev,Canada,2022-08-03,Premium,9131.68
4423,Yara Patel,yara.patel.4423@example.com,United Kingdom,2021-02-14,Standard,1800.99
4424,Zane Kim,zane.kim.4424@shopmail.test,United Kingdom,2025-02-27,Standard,2207.79
4425,Fatima Okafor,fatima.okafor.4425@example.com,United States,2023-09-06,Standard,11636.66
4426,Omar Garcia,omar.garcia.4426@example.com,Germany,2025-11-06,Standard,11022.92
4427,Hassan Novak,hassan.novak.4427@shopmail.test,India,2025-11-30,Basic,3292.95
4428,Chen Ali,chen.ali.4428@retail.dev,Australia,2026-01-15,Standard,10012.92
4429,Noah Ivanov,noah.ivanov.4429@shopmail.test,United Kingdom,2024-08-28,Basic,5788.56
4430,Hiro Muller,hiro.muller.4430@shopmail.test,India,2026-09-03,Premium,2046.51
4431,Rosa Costa,rosa.costa.4431@shopmail.test,United States,2025-03-19,Basic,2854.42
4432,Aisha Khan,aisha.khan.4432@example.com,United States,2021-08-09,Standard,215.39
4433,James Costa,james.costa.4433@retail.dev,Canada,2025-01-30,Standard,10379.37
4434,Grace Silva,grace.silva.4434@retail.dev,Australia,2025-01-23,Standard,3011.80
4435,Hassan Sato,hassan.sato.4435@retail.dev,Germany,2020-08-03,Basic,3427.58
4436,Anika Lopez,anika.lopez.4436@retail.dev,United States,2025-07-11,Standard,8696.32
4437,Rosa Ivanov,rosa.ivanov.4437@shopmail.test,Singapore,2024-12-19,Basic,9741.81
4438,Elena Novak,elena.novak.4438@retail.dev,France,2022-03-15,Standard,2793.59
4439,Maya Anderson,maya.anderson.4439@retail.dev,Singapore,2023-02-09,Standard,2563.84
4440,Viktor Nguyen,viktor.nguyen.4440@retail.dev,Germany,2023-11-21,Standard,5639.00
4441,Hassan Mensah,hassan.mensah.4441@retail.dev,United Kingdom,2022-03-22,Standard,9582.77
4442,Wei Muller,wei.muller.4442@shopmail.test,Australia,2022-10-05,Premium,5789.79
4443,Elena Khan,elena.khan.4443@shopmail.test,United Kingdom,2020-07-25,Standard,2779.28
4444,Viktor Nguyen,viktor.nguyen.4444@shopmail.test,United States,2021-09-16,Standard,5720.95
4445,Omar Ali,omar.ali.4445@shopmail.test,India,2026-01-15,Standard,8582.09
4446,Aisha Muller,aisha.muller.4446@example.com,France,2022-07-31,Standard,3907.26
4447,Aisha Silva,aisha.silva.4447@example.com,Brazil,2022-10-15,Basic,3936.68
4448,Quinn Garcia,quinn.garcia.4448@shopmail.test,United States,2024-02-06,Basic,3908.09
4449,Tara Ali,tara.ali.4449@shopmail.test,India,2022-12-28,Standard,8386.72
4450,Arjun Costa,arjun.costa.4450@retail.dev,Singapore,2023-10-28,Standard,877.70
4451,Chen Singh,chen.singh.4451@example.com,Japan,2024-03-04,Basic,1600.86
4452,Tara Patel,tara.patel.4452@example.com,Germany,2025-06-14,Basic,927.53
4453,Uma Singh,uma.singh.4453@retail.dev,Canada,2020-03-28,Standard,8921.50
4454,Noah Sato,noah.sato.4454@example.com,Australia,2020-10-07,Standard,10496.97
4455,Quinn Okafor,quinn.okafor.4455@shopmail.test,France,2023-07-10,Standard,11393.99
4456,Tara Muller,tara.muller.4456@example.com,Canada,2021-12-12,Basic,7590.85
4457,James Muller,james.muller.4457@retail.dev,France,2020-03-12,Basic,5181.23
4458,Arjun Garcia,arjun.garcia.4458@retail.dev,France,2026-01-06,Standard,10704.03
4459,Elena Brown,elena.brown.4459@shopmail.test,France,2021-06-22,Premium,9354.77
4460,Zane Garcia,zane.garcia.4460@shopmail.test,Singapore,2023-07-04,Premium,1867.27
4461,Lucia Lopez,lucia.lopez.4461@shopmail.test,Singapore,2025-08-13,Basic,8020.04
4462,Jia Mensah,jia.mensah.4462@retail.dev,France,2020-11-12,Standard,8237.92
4463,Aarav Williams,aarav.williams.4463@example.com,United States,2020-06-21,Basic,7124.51
4464,Amelia Costa,amelia.costa.4464@retail.dev,Germany,2024-09-06,Basic,10198.71
4465,Noah Silva,noah.silva.4465@retail.dev,United Kingdom,2025-06-11,Basic,6305.23
4466,Lucia Novak,lucia.novak.4466@shopmail.test,United Kingdom,2022-04-28,Premium,9596.00
4467,Imani Muller,imani.muller.4467@retail.dev,Brazil,2026-03-22,Standard,4906.39
4468,Quinn Chen,quinn.chen.4468@shopmail.test,France,2023-12-14,Premium,9812.17
4469,Yara Novak,yara.novak.4469@retail.dev,Singapore,2020-07-06,Basic,7541.83
4470,Imani Brown,imani.brown.4470@example.com,France,2024-06-27,Basic,6447.23
4471,Keiko Nguyen,keiko.nguyen.4471@example.com,Brazil,2025-11-16,Premium,5763.03
4472,Chen Anderson,chen.anderson.4472@shopmail.test,Brazil,2026-03-19,Premium,8033.46
4473,Arjun Khan,arjun.khan.4473@example.com,Brazil,2025-02-19,Standard,5054.20
4474,Liam Muller,liam.muller.4474@shopmail.test,Singapore,2020-04-27,Basic,2682.79
4475,Jia Williams,jia.williams.4475@example.com,Canada,2026-07-20,Standard,6847.07
4476,Hiro Costa,hiro.costa.4476@example.com,Canada,2026-02-25,Standard,5550.87
4477,Imani Okafor,imani.okafor.4477@shopmail.test,Japan,2022-12-15,Standard,11327.24
4478,Liam Ivanov,liam.ivanov.4478@shopmail.test,Brazil,2025-01-14,Standard,10424.06
4479,Wei Kim,wei.kim.4479@example.com,Australia,2020-12-10,Standard,4268.02
4480,Priya Novak,priya.novak.4480@shopmail.test,Germany,2024-02-05,Basic,2506.56
4481,Yara Garcia,yara.garcia.4481@shopmail.test,Germany,2025-08-25,Premium,7519.16
4482,Maya Silva,maya.silva.4482@retail.dev,Australia,2020-03-07,Basic,1638.07
4483,James Brown,james.brown.4483@shopmail.test,Brazil,2022-05-26,Standard,5649.96
4484,Tara Muller,tara.muller.4484@shopmail.test,Japan,2020-03-16,Standard,1215.57
4485,Keiko Kim,keiko.kim.4485@example.com,Australia,2026-08-21,Basic,10079.80
4486,Grace Chen,grace.chen.4486@example.com,India,2025-05-22,Standard,176.07
4487,Fatima Patel,fatima.patel.4487@shopmail.test,Australia,2021-07-21,Basic,11464.78
4488,Hassan Anderson,hassan.anderson.4488@example.com,Japan,2020-08-24,Basic,3567.05
4489,Rosa Patel,rosa.patel.4489@example.com,Singapore,2026-04-27,Standard,6617.97
4490,Viktor Okafor,viktor.okafor.4490@retail.dev,Brazil,2024-07-02,Standard,2861.90
4491,Arjun Costa,arjun.costa.4491@example.com,Canada,2024-03-26,Premium,2594.30
4492,Elena Williams,elena.williams.4492@example.com,Singapore,2022-06-19,Basic,736.78
4493,Amelia Costa,amelia.costa.4493@retail.dev,Germany,2022-07-04,Standard,7390.68
4494,Aarav Okafor,aarav.okafor.4494@retail.dev,France,2023-02-12,Premium,11899.29
4495,Hassan Sato,hassan.sato.4495@retail.dev,Brazil,2024-08-19,Basic,1852.43
4496,Quinn Khan,quinn.khan.4496@shopmail.test,India,2024-01-11,Premium,7277.48
4497,Arjun Brown,arjun.brown.4497@shopmail.test,United States,2021-09-27,Standard,3944.49
4498,Aarav Nguyen,aarav.nguyen.4498@shopmail.test,United States,2021-06-05,Standard,1577.43
4499,Hiro Lopez,hiro.lopez.4499@example.com,India,2025-04-01,Standard,10179.88
4500,Hiro Garcia,hiro.garcia.4500@shopmail.test,United Kingdom,2024-02-20,Standard,8845.53
4501,Yara Williams,yara.williams.4501@example.com,Australia,2021-11-10,Basic,6094.42
4502,Amelia Ivanov,amelia.ivanov.4502@example.com,India,2024-07-06,Standard,8522.91
4503,Diego Ali,diego.ali.4503@shopmail.test,Brazil,2021-06-04,Standard,6651.07
4504,Omar Novak,omar.novak.4504@example.com,France,2020-05-17,Standard,4594.87
4505,Amelia Brown,amelia.brown.4505@retail.dev,Canada,2021-07-29,Standard,7347.70
4506,Grace Costa,grace.costa.4506@shopmail.test,Japan,2021-09-28,Premium,1941.85
4507,Arjun Sato,arjun.sato.4507@retail.dev,United Kingdom,2026-01-07,Standard,4729.81
4508,Elena Mensah,elena.mensah.4508@example.com,Germany,2022-08-19,Standard,3619.94
4509,Zane Garcia,zane.garcia.4509@example.com,France,2021-03-26,Basic,403.00
4510,Priya Lopez,priya.lopez.4510@example.com,Singapore,2026-08-02,Basic,11043.04
4511,Sofia Muller,sofia.muller.4511@example.com,Canada,2026-06-08,Standard,4614.24
4512,Jia Garcia,jia.garcia.4512@example.com,Singapore,2025-08-15,Standard,8938.68
4513,Tara Novak,tara.novak.4513@shopmail.test,Singapore,2021-05-27,Basic,10167.81
4514,Arjun Costa,arjun.costa.4514@example.com,Canada,2025-06-14,Standard,6637.73
4515,Amelia Patel,amelia.patel.4515@example.com,United Kingdom,2022-06-21,Standard,3388.82
4516,Liam Kim,liam.kim.4516@retail.dev,United Kingdom,2021-03-30,Basic,11993.06
4517,Grace Anderson,grace.anderson.4517@example.com,India,2023-11-01,Basic,8376.46
4518,Hassan Kim,hassan.kim.4518@shopmail.test,Canada,2024-12-27,Basic,8030.48
4519,Jia Patel,jia.patel.4519@retail.dev,Canada,2025-08-19,Standard,41.33
4520,Tara Patel,tara.patel.4520@retail.dev,Brazil,2024-05-01,Standard,3568.55
4521,Liam Khan,liam.khan.4521@shopmail.test,France,2020-10-10,Premium,1277.18
4522,Fatima Brown,fatima.brown.4522@shopmail.test,Australia,2025-04-24,Premium,9180.73
4523,Priya Okafor,priya.okafor.4523@shopmail.test,United States,2023-01-05,Basic,5473.55
4524,Elena Khan,elena.khan.4524@retail.dev,Singapore,2025-01-16,Standard,7428.39
4525,Yara Williams,yara.williams.4525@example.com,Singapore,2025-01-16,Premium,11312.25
4526,Anika Muller,anika.muller.4526@shopmail.test,United Kingdom,2024-05-29,Basic,11986.57
4527,Chen Lopez,chen.lopez.4527@example.com,Germany,2023-05-15,Premium,10005.63
4528,Chen Ivanov,chen.ivanov.4528@retail.dev,Japan,2025-01-20,Standard,11285.13
4529,Aisha Singh,aisha.singh.4529@example.com,United States,2025-06-25,Basic,4774.01
4530,Amelia Anderson,amelia.anderson.4530@shopmail.test,France,2025-12-26,Standard,7736.99
4531,Tara Kim,tara.kim.4531@shopmail.test,Canada,2021-11-09,Standard,4769.07
4532,Aarav Patel,aarav.patel.4532@shopmail.test,Brazil,2023-02-24,Standard,11408.23
4533,Noah Costa,noah.costa.4533@retail.dev,Japan,2026-04-18,Standard,7636.04
4534,Maya Sato,maya.sato.4534@example.com,Germany,2025-09-14,Standard,855.30
4535,Imani Kim,imani.kim.4535@shopmail.test,Brazil,2020-04-13,Basic,11058.20
4536,Aarav Garcia,aarav.garcia.4536@example.com,Brazil,2024-12-25,Standard,11470.17
4537,Hassan Ali,hassan.ali.4537@example.com,Brazil,2023-06-23,Standard,9712.11
4538,Liam Kim,liam.kim.4538@example.com,Singapore,2021-03-29,Basic,909.77
4539,Quinn Ivanov,quinn.ivanov.4539@example.com,India,2020-08-01,Basic,3354.43
4540,Yara Garcia,yara.garcia.4540@shopmail.test,Australia,2023-01-02,Standard,1056.42
4541,Viktor Ali,viktor.ali.4541@example.com,Japan,2024-09-28,Standard,2748.71
4542,Grace Ali,grace.ali.4542@shopmail.test,India,2024-07-25,Basic,11109.27
4543,Elena Ali,elena.ali.4543@example.com,Germany,2021-03-22,Standard,8164.48
4544,Hiro Muller,hiro.muller.4544@shopmail.test,Singapore,2020-01-06,Basic,9091.65
4545,Quinn Ali,quinn.ali.4545@shopmail.test,Germany,2026-07-18,Standard,7527.43
4546,Rosa Lopez,rosa.lopez.4546@retail.dev,Brazil,2021-04-02,Basic,7370.75
4547,Elena Kim,elena.kim.4547@shopmail.test,France,2025-02-04,Standard,6825.90
4548,Quinn Silva,quinn.silva.4548@example.com,Germany,2023-01-23,Standard,8618.94
4549,Tara Chen,tara.chen.4549@shopmail.test,Germany,2023-11-30,Basic,4528.99
4550,Uma Novak,uma.novak.4550@shopmail.test,Japan,2021-09-20,Basic,7914.77
4551,Jia Garcia,jia.garcia.4551@example.com,Canada,2022-12-04,Basic,11892.62
4552,Maya Khan,maya.khan.4552@retail.dev,France,2021-05-24,Basic,5792.22
4553,Jia Patel,jia.patel.4553@retail.dev,United Kingdom,2024-10-29,Premium,4381.95
4554,Keiko Muller,keiko.muller.4554@retail.dev,United Kingdom,2023-08-01,Standard,1525.41
4555,Imani Silva,imani.silva.4555@retail.dev,Japan,2023-10-20,Premium,8377.39
4556,Noah Khan,noah.khan.4556@shopmail.test,Germany,2024-02-28,Basic,4732.91
4557,Uma Ali,uma.ali.4557@example.com,Canada,2025-12-31,Standard,5388.13
4558,Priya Brown,priya.brown.4558@example.com,Singapore,2024-01-17,Standard,10167.29
4559,Quinn Muller,quinn.muller.4559@example.com,Japan,2022-10-23,Standard,5718.35
4560,Imani Lopez,imani.lopez.4560@example.com,Singapore,2026-07-16,Basic,4361.34
4561,Uma Patel,uma.patel.4561@shopmail.test,United States,2023-09-10,Premium,11088.90
4562,Aarav Patel,aarav.patel.4562@example.com,United States,2020-11-24,Basic,9560.36
4563,Amelia Brown,amelia.brown.4563@retail.dev,Brazil,2024-10-03,Premium,868.20
4564,Diego Chen,diego.chen.4564@retail.dev,Singapore,2022-11-22,Basic,11616.12
4565,Omar Williams,omar.williams.4565@example.com,United States,2020-12-01,Premium,1075.45
4566,Aisha Chen,aisha.chen.4566@retail.dev,Canada,2025-09-28,Premium,9171.28
4567,Priya Lopez,priya.lopez.4567@retail.dev,Japan,2026-06-04,Standard,9175.84
4568,Viktor Lopez,viktor.lopez.4568@example.com,United Kingdom,2025-05-12,Premium,8094.40
4569,Aisha Sato,aisha.sato.4569@shopmail.test,Germany,2022-12-10,Standard,5938.14
4570,Omar Ivanov,omar.ivanov.4570@example.com,Singapore,2024-01-26,Basic,8702.56
4571,Arjun Silva,arjun.silva.4571@example.com,India,2020-10-21,Basic,6375.42
4572,Aarav Ivanov,aarav.ivanov.4572@shopmail.test,Canada,2022-05-23,Basic,6327.07
4573,Anika Okafor,anika.okafor.4573@retail.dev,Germany,2024-04-23,Premium,7565.57
4574,Uma Anderson,uma.anderson.4574@example.com,France,2021-09-29,Standard,3160.04
4575,Noah Muller,noah.muller.4575@retail.dev,Singapore,2024-09-30,Standard,3819.45
4576,Maya Garcia,maya.garcia.4576@example.com,Germany,2024-08-22,Basic,5228.68
4577,Arjun Muller,arjun.muller.4577@retail.dev,Germany,2026-06-23,Standard,8563.38
4578,Priya Nguyen,priya.nguyen.4578@example.com,France,2023-11-07,Premium,10798.90
4579,Tara Mensah,tara.mensah.4579@example.com,Brazil,2021-02-20,Standard,10659.56
4580,Maya Sato,maya.sato.4580@example.com,Australia,2026-05-14,Standard,10324.41
4581,Chen Novak,chen.novak.4581@retail.dev,Japan,2024-08-24,Basic,3116.20
4582,Fatima Muller,fatima.muller.4582@shopmail.test,Japan,2024-10-24,Basic,8762.51
4583,Anika Kim,anika.kim.4583@example.com,United States,2020-10-31,Standard,11653.84
4584,James Sato,james.sato.4584@shopmail.test,Japan,2020-04-09,Standard,6248.85
4585,Keiko Okafor,keiko.okafor.4585@shopmail.test,Singapore,2020-12-14,Basic,3824.24
4586,Priya Patel,priya.patel.4586@shopmail.test,Japan,2024-05-10,Standard,2023.62
4587,Keiko Novak,keiko.novak.4587@example.com,India,2020-08-01,Standard,4292.06
4588,Aarav Sato,aarav.sato.4588@example.com,France,2024-05-17,Basic,5628.85
4589,Chen Lopez,chen.lopez.4589@example.com,Australia,2024-06-07,Basic,2615.96
4590,Liam Costa,liam.costa.4590@retail.dev,Australia,2020-10-23,Standard,105.39
4591,Hiro Novak,hiro.novak.4591@example.com,Brazil,2026-08-11,Standard,5889.23
4592,Yara Ali,yara.ali.4592@shopmail.test,Singapore,2022-03-12,Standard,4324.06
4593,Hassan Singh,hassan.singh.4593@example.com,Canada,2020-10-03,Standard,7730.90
4594,Rosa Mensah,rosa.mensah.4594@shopmail.test,Germany,2023-01-08,Standard,905.05
4595,Imani Mensah,imani.mensah.4595@example.com,Australia,2020-02-18,Standard,6344.28
4596,Imani Mensah,imani.mensah.4596@retail.dev,Canada,2024-10-31,Premium,1944.74
4597,Rosa Nguyen,rosa.nguyen.4597@retail.dev,United States,2022-04-20,Standard,9562.88
4598,Hiro Lopez,hiro.lopez.4598@retail.dev,India,2022-10-17,Premium,11374.10
4599,Maya Nguyen,maya.nguyen.4599@retail.dev,Brazil,2022-11-01,Basic,6714.47
4600,Elena Nguyen,elena.nguyen.4600@retail.dev,Japan,2021-03-29,Premium,5673.65
4601,Liam Khan,liam.khan.4601@retail.dev,France,2020-12-06,Standard,5310.49
4602,Hiro Costa,hiro.costa.4602@shopmail.test,India,2026-02-09,Standard,2227.11
4603,Aarav Garcia,aarav.garcia.4603@example.com,Japan,2025-01-13,Basic,6616.20
4604,Keiko Sato,keiko.sato.4604@shopmail.test,Singapore,2020-10-11,Standard,8604.73
4605,Quinn Ivanov,quinn.ivanov.4605@example.com,Singapore,2022-05-07,Standard,3931.81
4606,Rosa Brown,rosa.brown.4606@example.com,United States,2023-12-18,Standard,8221.06
4607,Zane Singh,zane.singh.4607@shopmail.test,Japan,2020-11-26,Premium,1400.01
4608,Sofia Sato,sofia.sato.4608@example.com,United States,2021-06-11,Premium,10528.43
4609,Aarav Khan,aarav.khan.4609@example.com,Germany,2024-09-09,Premium,5435.27
4610,Hassan Patel,hassan.patel.4610@example.com,Germany,2021-09-20,Basic,6359.14
4611,Priya Sato,priya.sato.4611@example.com,Brazil,2021-08-06,Basic,7685.95
4612,Hassan Khan,hassan.khan.4612@retail.dev,India,2026-06-10,Premium,5231.00
4613,Viktor Chen,viktor.chen.4613@shopmail.test,France,2020-05-03,Basic,1364.49
4614,Elena Kim,elena.kim.4614@retail.dev,France,2024-09-24,Basic,9420.10
4615,Uma Chen,uma.chen.4615@example.com,Germany,2025-04-14,Basic,3683.95
4616,Viktor Anderson,viktor.anderson.4616@example.com,United States,2022-11-07,Standard,10920.83
4617,Imani Kim,imani.kim.4617@example.com,United States,2024-11-20,Standard,6973.91
4618,Priya Chen,priya.chen.4618@retail.dev,United States,2023-03-23,Standard,8819.21
4619,Anika Brown,anika.brown.4619@retail.dev,France,2021-01-24,Standard,3609.40
4620,Uma Nguyen,uma.nguyen.4620@example.com,United Kingdom,2025-10-13,Premium,1576.89
4621,Hiro Anderson,hiro.anderson.4621@shopmail.test,Singapore,2023-07-25,Basic,7859.01
4622,Maya Ivanov,maya.ivanov.4622@example.com,Australia,2021-02-08,Basic,9279.72
4623,Uma Nguyen,uma.nguyen.4623@retail.dev,India,2023-09-19,Standard,8385.12
4624,Arjun Chen,arjun.chen.4624@example.com,Brazil,2020-07-15,Standard,10053.50
4625,Omar Mensah,omar.mensah.4625@retail.dev,United States,2023-05-30,Standard,11056.78
4626,Zane Costa,zane.costa.4626@shopmail.test,Germany,2025-07-28,Basic,2112.92
4627,Noah Singh,noah.singh.4627@shopmail.test,India,2020-07-10,Basic,1066.10
4628,Uma Brown,uma.brown.4628@example.com,Brazil,2023-08-01,Standard,5238.94
4629,Jia Chen,jia.chen.4629@example.com,United Kingdom,2026-03-11,Standard,4837.34
4630,Jia Sato,jia.sato.4630@example.com,Canada,2025-12-17,Standard,11633.20
4631,Yara Singh,yara.singh.4631@retail.dev,Singapore,2025-12-25,Basic,6102.30
4632,Keiko Kim,keiko.kim.4632@shopmail.test,India,2026-02-04,Standard,9596.29
4633,Chen Novak,chen.novak.4633@retail.dev,Canada,2022-06-20,Standard,8437.66
4634,Priya Singh,priya.singh.4634@retail.dev,Australia,2026-09-08,Basic,566.22
4635,Maya Ivanov,maya.ivanov.4635@retail.dev,United Kingdom,2024-12-19,Standard,5963.71
4636,Anika Khan,anika.khan.4636@example.com,United States,2025-01-13,Basic,9574.83
4637,Quinn Costa,quinn.costa.4637@shopmail.test,Canada,2023-09-19,Standard,11659.50
4638,Hassan Kim,hassan.kim.4638@retail.dev,Australia,2020-12-25,Basic,31.73
4639,Zane Williams,zane.williams.4639@example.com,Australia,2026-05-25,Standard,11384.40
4640,Priya Nguyen,priya.nguyen.4640@shopmail.test,Japan,2022-01-13,Premium,2481.14
4641,Noah Lopez,noah.lopez.4641@shopmail.test,Brazil,2020-09-05,Premium,6180.36
4642,James Garcia,james.garcia.4642@retail.dev,Singapore,2021-06-16,Standard,7636.55
4643,Noah Muller,noah.muller.4643@shopmail.test,France,2020-01-29,Standard,11050.16
4644,Wei Kim,wei.kim.4644@retail.dev,Singapore,2021-04-23,Basic,8773.01
4645,Sofia Okafor,sofia.okafor.4645@example.com,Brazil,2026-06-22,Basic,10151.55
4646,Anika Brown,anika.brown.4646@example.com,Germany,2024-06-01,Basic,10950.57
4647,Liam Okafor,liam.okafor.4647@example.com,Japan,2026-01-24,Basic,8127.60
4648,Hiro Chen,hiro.chen.4648@retail.dev,Canada,2025-09-28,Standard,7832.23
4649,Sofia Muller,sofia.muller.4649@example.com,Singapore,2026-06-14,Standard,8367.70
4650,Aarav Anderson,aarav.anderson.4650@retail.dev,Singapore,2025-04-10,Standard,7058.94
4651,Noah Costa,noah.costa.4651@retail.dev,Canada,2023-02-07,Standard,8215.79
4652,Viktor Costa,viktor.costa.4652@shopmail.test,France,2023-02-09,Premium,11557.05
4653,Maya Nguyen,maya.nguyen.4653@shopmail.test,Canada,2024-10-11,Premium,7691.99
4654,Omar Muller,omar.muller.4654@retail.dev,United Kingdom,2023-05-04,Basic,9968.38
4655,Quinn Lopez,quinn.lopez.4655@example.com,Australia,2020-05-06,Basic,8810.17
4656,Maya Williams,maya.williams.4656@retail.dev,Singapore,2022-05-07,Basic,6200.80
4657,Rosa Patel,rosa.patel.4657@retail.dev,France,2025-03-07,Basic,8455.91
4658,Hiro Williams,hiro.williams.4658@retail.dev,Brazil,2023-07-11,Standard,9082.03
4659,Hassan Ivanov,hassan.ivanov.4659@shopmail.test,Germany,2026-03-11,Premium,5736.49
4660,Grace Patel,grace.patel.4660@example.com,Brazil,2025-06-25,Basic,8328.75
4661,Omar Kim,omar.kim.4661@retail.dev,Germany,2025-03-23,Standard,4670.46
4662,Hassan Anderson,hassan.anderson.4662@shopmail.test,Singapore,2020-01-11,Standard,6426.85
4663,Chen Silva,chen.silva.4663@shopmail.test,Canada,2022-02-20,Standard,8546.40
4664,Aarav Muller,aarav.muller.4664@shopmail.test,India,2022-02-13,Standard,7064.73
4665,Zane Chen,zane.chen.4665@example.com,Germany,2023-09-26,Standard,542.54
4666,Amelia Silva,amelia.silva.4666@example.com,Australia,2024-05-27,Standard,1924.50
4667,Quinn Brown,quinn.brown.4667@shopmail.test,Singapore,2021-05-01,Standard,5419.62
4668,Quinn Patel,quinn.patel.4668@shopmail.test,Brazil,2022-02-10,Premium,1557.31
4669,Keiko Garcia,keiko.garcia.4669@example.com,Singapore,2023-04-11,Standard,7358.18
4670,Elena Singh,elena.singh.4670@example.com,India,2023-07-09,Standard,8345.96
4671,Aisha Patel,aisha.patel.4671@example.com,France,2024-08-10,Premium,3036.43
4672,Grace Sato,grace.sato.4672@shopmail.test,United Kingdom,2024-01-16,Standard,9596.87
4673,Sofia Nguyen,sofia.nguyen.4673@retail.dev,Singapore,2021-03-17,Standard,3010.15
4674,Amelia Silva,amelia.silva.4674@example.com,France,2025-05-10,Standard,9076.00
4675,Hassan Anderson,hassan.anderson.4675@example.com,India,2024-11-27,Basic,1262.83
4676,Viktor Silva,viktor.silva.4676@retail.dev,United States,2026-01-25,Standard,7883.18
4677,Hiro Lopez,hiro.lopez.4677@shopmail.test,Germany,2023-04-27,Standard,6700.55
4678,Priya Anderson,priya.anderson.4678@shopmail.test,Singapore,2022-11-17,Standard,3903.01
4679,Hassan Patel,hassan.patel.4679@shopmail.test,France,2021-05-31,Basic,2566.65
4680,Aarav Okafor,aarav.okafor.4680@retail.dev,Canada,2025-08-03,Standard,6478.73
4681,Yara Khan,yara.khan.4681@example.com,Singapore,2022-08-08,Standard,5870.70
4682,Rosa Novak,rosa.novak.4682@example.com,United States,2020-09-09,Standard,9886.18
4683,Liam Nguyen,liam.nguyen.4683@retail.dev,India,2022-09-27,Standard,4539.93
4684,Zane Ivanov,zane.ivanov.4684@example.com,India,2026-04-24,Premium,11364.68
4685,Aisha Ali,aisha.ali.4685@example.com,France,2024-12-24,Standard,4062.48
4686,Anika Mensah,anika.mensah.4686@shopmail.test,United States,2020-06-01,Standard,11264.15
4687,Yara Garcia,yara.garcia.4687@example.com,Germany,2023-10-27,Standard,2092.41
4688,Maya Khan,maya.khan.4688@shopmail.test,Singapore,2022-11-01,Standard,422.15
4689,Keiko Nguyen,keiko.nguyen.4689@retail.dev,Germany,2021-04-14,Standard,8744.19
4690,Priya Muller,priya.muller.4690@example.com,Singapore,2022-08-05,Standard,7631.44
4691,Chen Ali,chen.ali.4691@example.com,United States,2024-03-27,Basic,7322.57
4692,Viktor Brown,viktor.brown.4692@example.com,France,2022-07-07,Premium,1043.35
4693,Aisha Patel,aisha.patel.4693@example.com,Brazil,2026-04-09,Premium,1765.18
4694,Jia Sato,jia.sato.4694@shopmail.test,Singapore,2022-01-14,Standard,673.34
4695,Lucia Brown,lucia.brown.4695@shopmail.test,India,2025-07-04,Basic,6436.99
4696,Wei Chen,wei.chen.4696@example.com,Japan,2021-08-18,Premium,2342.35
4697,Uma Anderson,uma.anderson.4697@retail.dev,Japan,2020-11-20,Basic,2029.75
4698,Aisha Costa,aisha.costa.4698@retail.dev,Singapore,2022-11-25,Standard,5043.56
4699,Hassan Silva,hassan.silva.4699@retail.dev,France,2023-01-13,Standard,182.36
4700,Uma Anderson,uma.anderson.4700@shopmail.test,India,2024-10-13,Basic,11410.92
4701,Quinn Sato,quinn.sato.4701@shopmail.test,Japan,2023-11-04,Standard,5545.86
4702,Jia Sato,jia.sato.4702@shopmail.test,United States,2025-04-06,Standard,10876.03
4703,Jia Anderson,jia.anderson.4703@shopmail.test,United States,2023-01-21,Standard,5755.65
4704,James Garcia,james.garcia.4704@retail.dev,Brazil,2021-08-05,Basic,6179.54
4705,Zane Silva,zane.silva.4705@example.com,Singapore,2026-02-13,Standard,4801.65
4706,Arjun Williams,arjun.williams.4706@example.com,France,2021-08-23,Basic,8252.03
4707,Fatima Kim,fatima.kim.4707@shopmail.test,United Kingdom,2024-11-27,Premium,4115.66
4708,Omar Williams,omar.williams.4708@retail.dev,France,2024-10-03,Premium,4661.63
4709,Lucia Williams,lucia.williams.4709@retail.dev,France,2020-02-13,Basic,914.39
4710,Imani Costa,imani.costa.4710@shopmail.test,United Kingdom,2025-04-17,Basic,6937.31
4711,Arjun Mensah,arjun.mensah.4711@example.com,Canada,2026-07-14,Standard,10773.36
4712,Arjun Chen,arjun.chen.4712@retail.dev,Canada,2024-01-18,Standard,4492.64
4713,Amelia Lopez,amelia.lopez.4713@retail.dev,Japan,2020-03-14,Premium,7257.06
4714,Priya Sato,priya.sato.4714@retail.dev,United Kingdom,2026-03-28,Premium,5293.91
4715,Keiko Anderson,keiko.anderson.4715@shopmail.test,United Kingdom,2025-10-08,Basic,8229.73
4716,Hiro Nguyen,hiro.nguyen.4716@retail.dev,United States,2020-06-10,Standard,7795.15
4717,Keiko Costa,keiko.costa.4717@retail.dev,Singapore,2020-08-26,Standard,2718.60
4718,Hiro Mensah,hiro.mensah.4718@retail.dev,Canada,2026-09-11,Standard,8400.17
4719,James Garcia,james.garcia.4719@example.com,Singapore,2020-08-07,Standard,831.80
4720,Yara Anderson,yara.anderson.4720@example.com,Brazil,2020-07-28,Standard,635.68
4721,Lucia Singh,lucia.singh.4721@example.com,India,2020-04-25,Basic,166.55
4722,Hiro Costa,hiro.costa.4722@retail.dev,Germany,2026-05-04,Standard,8240.78
4723,Quinn Novak,quinn.novak.4723@retail.dev,India,2021-12-20,Premium,168.16
4724,Noah Okafor,noah.okafor.4724@shopmail.test,Canada,2024-02-01,Basic,9491.91
4725,Omar Mensah,omar.mensah.4725@shopmail.test,Australia,2023-09-29,Standard,10421.17
4726,Noah Mensah,noah.mensah.4726@shopmail.test,India,2023-06-20,Standard,9127.01
4727,Imani Novak,imani.novak.4727@shopmail.test,United Kingdom,2022-11-22,Standard,2010.02
4728,Imani Costa,imani.costa.4728@shopmail.test,Canada,2021-04-07,Standard,8632.61
4729,Aisha Singh,aisha.singh.4729@example.com,Brazil,2021-01-15,Basic,11944.50
4730,Yara Novak,yara.novak.4730@shopmail.test,Singapore,2022-07-30,Basic,9478.24
4731,Sofia Novak,sofia.novak.4731@retail.dev,France,2025-01-06,Standard,1404.67
4732,Sofia Anderson,sofia.anderson.4732@example.com,Brazil,2025-12-11,Standard,5969.44
4733,Grace Novak,grace.novak.4733@retail.dev,France,2020-07-09,Basic,6263.56
4734,Liam Williams,liam.williams.4734@example.com,Japan,2020-11-18,Standard,7069.06
4735,Aisha Khan,aisha.khan.4735@retail.dev,United States,2023-10-14,Standard,2071.71
4736,Priya Singh,priya.singh.4736@retail.dev,Singapore,2024-12-24,Standard,3985.14
4737,Maya Chen,maya.chen.4737@example.com,Australia,2024-11-23,Standard,3119.78
4738,Arjun Mensah,arjun.mensah.4738@example.com,United States,2026-08-18,Premium,10818.81
4739,Yara Williams,yara.williams.4739@retail.dev,Canada,2024-03-03,Basic,10342.69
4740,James Ivanov,james.ivanov.4740@retail.dev,Australia,2025-09-26,Standard,8028.04
4741,Noah Muller,noah.muller.4741@retail.dev,France,2021-11-10,Premium,4299.67
4742,Anika Williams,anika.williams.4742@retail.dev,Germany,2022-05-08,Premium,7917.48
4743,Omar Sato,omar.sato.4743@example.com,India,2025-12-18,Premium,9118.33
4744,Priya Ivanov,priya.ivanov.4744@shopmail.test,India,2022-12-20,Standard,7403.99
4745,Aarav Brown,aarav.brown.4745@retail.dev,Japan,2023-09-21,Standard,9919.16
4746,Viktor Okafor,viktor.okafor.4746@example.com,United Kingdom,2026-02-22,Basic,8626.18
4747,Viktor Costa,viktor.costa.4747@retail.dev,Japan,2025-04-11,Basic,3083.23
4748,Fatima Mensah,fatima.mensah.4748@retail.dev,Germany,2023-06-03,Standard,3553.88
4749,Yara Mensah,yara.mensah.4749@shopmail.test,Brazil,2021-02-28,Standard,6583.03
4750,Tara Nguyen,tara.nguyen.4750@example.com,Brazil,2020-11-26,Standard,965.31
4751,Hassan Chen,hassan.chen.4751@example.com,Singapore,2020-07-13,Basic,4146.04
4752,Uma Nguyen,uma.nguyen.4752@shopmail.test,Singapore,2024-10-01,Standard,11314.31
4753,Yara Williams,yara.williams.4753@retail.dev,Japan,2025-10-24,Standard,5473.58
4754,Jia Okafor,jia.okafor.4754@shopmail.test,Brazil,2023-09-16,Standard,3969.44
4755,Sofia Costa,sofia.costa.4755@retail.dev,India,2020-10-10,Standard,76.15
4756,Rosa Ali,rosa.ali.4756@example.com,Australia,2022-05-22,Standard,10688.99
4757,Zane Novak,zane.novak.4757@retail.dev,United Kingdom,2024-11-16,Standard,5457.80
4758,Quinn Ali,quinn.ali.4758@retail.dev,Singapore,2022-05-05,Standard,10752.36
4759,Aarav Kim,aarav.kim.4759@retail.dev,Canada,2021-09-19,Basic,10101.83
4760,Tara Costa,tara.costa.4760@retail.dev,Australia,2025-05-14,Standard,5077.64
4761,James Kim,james.kim.4761@shopmail.test,India,2020-10-13,Basic,4929.83
4762,Quinn Silva,quinn.silva.4762@shopmail.test,United States,2022-09-10,Basic,768.68
4763,Priya Ivanov,priya.ivanov.4763@shopmail.test,Germany,2023-10-05,Standard,6233.56
4764,Anika Lopez,anika.lopez.4764@retail.dev,Canada,2020-05-23,Premium,1588.17
4765,Elena Muller,elena.muller.4765@retail.dev,India,2020-08-04,Standard,5293.91
4766,Tara Okafor,tara.okafor.4766@example.com,Canada,2020-10-03,Standard,7637.98
4767,Grace Mensah,grace.mensah.4767@example.com,India,2023-12-13,Standard,10342.39
4768,Omar Garcia,omar.garcia.4768@retail.dev,India,2022-05-08,Standard,196.68
4769,Lucia Okafor,lucia.okafor.4769@shopmail.test,France,2026-01-19,Basic,593.65
4770,Amelia Brown,amelia.brown.4770@shopmail.test,Japan,2023-05-08,Standard,10344.65
4771,Imani Lopez,imani.lopez.4771@shopmail.test,United Kingdom,2022-08-06,Standard,3930.09
4772,Liam Anderson,liam.anderson.4772@retail.dev,India,2021-11-07,Standard,6622.93
4773,Hassan Silva,hassan.silva.4773@retail.dev,Japan,2020-11-07,Basic,10980.57
4774,Imani Ivanov,imani.ivanov.4774@retail.dev,Canada,2026-07-20,Premium,11105.78
4775,Imani Ali,imani.ali.4775@retail.dev,India,2025-11-24,Basic,2127.85
4776,Quinn Chen,quinn.chen.4776@example.com,United States,2023-03-19,Standard,456.14
4777,Elena Garcia,elena.garcia.4777@retail.dev,Japan,2022-06-21,Basic,2031.55
4778,Lucia Mensah,lucia.mensah.4778@example.com,Germany,2021-01-08,Basic,9061.76
4779,Rosa Nguyen,rosa.nguyen.4779@shopmail.test,Japan,2020-03-09,Standard,5205.27
4780,James Costa,james.costa.4780@retail.dev,Brazil,2021-06-03,Basic,11155.37
4781,Lucia Lopez,lucia.lopez.4781@retail.dev,Australia,2021-07-11,Standard,6510.40
4782,Chen Okafor,chen.okafor.4782@example.com,Germany,2021-08-12,Standard,8871.90
4783,Arjun Anderson,arjun.anderson.4783@retail.dev,Germany,2025-09-02,Basic,5810.33
4784,Uma Sato,uma.sato.4784@example.com,France,2024-11-27,Basic,11480.14
4785,Chen Chen,chen.chen.4785@retail.dev,Australia,2022-07-21,Basic,3209.87
4786,Uma Singh,uma.singh.4786@example.com,Germany,2025-05-21,Standard,10691.22
4787,Zane Silva,zane.silva.4787@example.com,United States,2025-01-29,Standard,8573.20
4788,Fatima Brown,fatima.brown.4788@retail.dev,Brazil,2022-05-22,Standard,4293.52
4789,Diego Patel,diego.patel.4789@retail.dev,India,2021-05-30,Basic,2667.00
4790,Chen Chen,chen.chen.4790@example.com,Canada,2023-11-11,Basic,9726.03
4791,Quinn Nguyen,quinn.nguyen.4791@example.com,Australia,2022-11-08,Premium,8728.68
4792,Hassan Brown,hassan.brown.4792@retail.dev,Germany,2023-04-04,Basic,6266.46
4793,Maya Mensah,maya.mensah.4793@example.com,France,2025-02-19,Standard,3535.73
4794,Keiko Chen,keiko.chen.4794@retail.dev,France,2026-01-10,Basic,853.08
4795,Omar Costa,omar.costa.4795@retail.dev,France,2024-06-25,Basic,5536.31
4796,Uma Brown,uma.brown.4796@shopmail.test,Japan,2024-04-05,Standard,3581.81
4797,Priya Sato,priya.sato.4797@example.com,India,2024-11-01,Standard,2758.46
4798,Noah Garcia,noah.garcia.4798@shopmail.test,Japan,2021-10-29,Standard,7237.39
4799,Jia Mensah,jia.mensah.4799@example.com,Germany,2020-04-28,Premium,10191.95
4800,Priya Novak,priya.novak.4800@retail.dev,Canada,2022-12-08,Basic,7002.64
4801,Zane Nguyen,zane.nguyen.4801@example.com,Japan,2024-09-23,Standard,5871.07
4802,Noah Brown,noah.brown.4802@retail.dev,United States,2022-04-25,Premium,1567.06
4803,Elena Muller,elena.muller.4803@example.com,Japan,2026-06-16,Standard,8333.36
4804,Keiko Garcia,keiko.garcia.4804@shopmail.test,France,2024-03-19,Premium,2705.55
4805,Lucia Novak,lucia.novak.4805@example.com,United States,2020-08-06,Standard,10654.19
4806,Lucia Anderson,lucia.anderson.4806@shopmail.test,Canada,2021-04-24,Standard,2641.05
4807,Uma Khan,uma.khan.4807@retail.dev,Brazil,2023-08-28,Standard,278.58
4808,Keiko Nguyen,keiko.nguyen.4808@shopmail.test,France,2025-09-26,Basic,873.76
4809,Hiro Novak,hiro.novak.4809@retail.dev,Singapore,2024-11-02,Standard,4432.89
4810,Priya Costa,priya.costa.4810@shopmail.test,Singapore,2023-12-18,Basic,4104.00
4811,Maya Singh,maya.singh.4811@retail.dev,Germany,2024-02-15,Premium,4127.67
4812,Quinn Lopez,quinn.lopez.4812@shopmail.test,United Kingdom,2021-07-02,Standard,7587.71
4813,Grace Williams,grace.williams.4813@shopmail.test,United Kingdom,2024-02-02,Basic,11485.91
4814,Lucia Muller,lucia.muller.4814@example.com,Australia,2023-11-14,Basic,8283.90
4815,Arjun Patel,arjun.patel.4815@retail.dev,Japan,2025-01-30,Basic,9289.34
4816,Chen Garcia,chen.garcia.4816@example.com,Singapore,2024-06-03,Standard,1177.96
4817,Omar Nguyen,omar.nguyen.4817@shopmail.test,Canada,2021-01-14,Standard,10894.44
4818,Quinn Costa,quinn.costa.4818@example.com,India,2023-08-02,Premium,9650.88
4819,Keiko Lopez,keiko.lopez.4819@retail.dev,Japan,2022-12-09,Standard,333.00
4820,Arjun Costa,arjun.costa.4820@retail.dev,Germany,2020-08-20,Standard,8752.16
4821,Chen Garcia,chen.garcia.4821@shopmail.test,United States,2021-11-21,Basic,3432.05
4822,Rosa Nguyen,rosa.nguyen.4822@example.com,Canada,2026-07-14,Standard,9280.52
4823,Omar Anderson,omar.anderson.4823@retail.dev,United Kingdom,2026-06-16,Standard,2132.93
4824,Uma Chen,uma.chen.4824@example.com,Australia,2020-06-07,Standard,9969.68
4825,Keiko Ali,keiko.ali.4825@example.com,Canada,2023-07-22,Standard,757.04
4826,Yara Okafor,yara.okafor.4826@retail.dev,Germany,2022-11-01,Premium,9610.72
4827,Wei Silva,wei.silva.4827@retail.dev,Singapore,2023-08-23,Standard,122.73
4828,Amelia Kim,amelia.kim.4828@retail.dev,Germany,2022-04-15,Basic,8898.65
4829,Fatima Williams,fatima.williams.4829@retail.dev,Singapore,2024-02-11,Standard,2445.49
4830,James Nguyen,james.nguyen.4830@example.com,Brazil,2025-03-06,Standard,5006.73
4831,Elena Costa,elena.costa.4831@example.com,India,2021-06-10,Premium,1420.05
4832,Noah Garcia,noah.garcia.4832@example.com,United Kingdom,2022-04-14,Standard,11927.34
4833,Grace Ali,grace.ali.4833@retail.dev,Singapore,2023-06-04,Standard,1974.06
4834,Aisha Chen,aisha.chen.4834@retail.dev,France,2026-02-10,Standard,8544.07
4835,Priya Ivanov,priya.ivanov.4835@example.com,Singapore,2023-05-22,Basic,1914.45
4836,Anika Ali,anika.ali.4836@retail.dev,Germany,2026-08-14,Premium,1870.11
4837,Diego Brown,diego.brown.4837@retail.dev,Germany,2024-05-26,Basic,8731.54
4838,Anika Mensah,anika.mensah.4838@retail.dev,France,2021-09-12,Standard,5186.68
4839,Keiko Patel,keiko.patel.4839@retail.dev,United Kingdom,2023-05-15,Basic,8545.51
4840,Yara Okafor,yara.okafor.4840@retail.dev,Japan,2020-12-14,Premium,7870.96
4841,Wei Ali,wei.ali.4841@shopmail.test,Canada,2021-01-12,Standard,10657.08
4842,Aisha Brown,aisha.brown.4842@example.com,United States,2020-05-03,Premium,8673.07
4843,Sofia Muller,sofia.muller.4843@shopmail.test,France,2023-01-20,Basic,3180.37
4844,Aarav Okafor,aarav.okafor.4844@shopmail.test,Australia,2020-11-09,Standard,6242.88
4845,Aisha Okafor,aisha.okafor.4845@shopmail.test,Brazil,2025-02-01,Standard,8447.68
4846,Arjun Muller,arjun.muller.4846@example.com,United Kingdom,2020-11-04,Basic,9076.93
4847,Imani Anderson,imani.anderson.4847@retail.dev,United Kingdom,2022-03-13,Standard,11517.18
4848,Amelia Patel,amelia.patel.4848@shopmail.test,United States,2023-07-16,Basic,8288.07
4849,Zane Khan,zane.khan.4849@example.com,United States,2026-06-06,Standard,10320.07
4850,James Lopez,james.lopez.4850@retail.dev,Canada,2025-03-05,Premium,4160.81
4851,Imani Novak,imani.novak.4851@retail.dev,India,2024-06-13,Standard,7265.04
4852,Sofia Muller,sofia.muller.4852@shopmail.test,United Kingdom,2022-06-12,Standard,734.70
4853,Rosa Brown,rosa.brown.4853@retail.dev,Brazil,2025-11-11,Basic,9381.68
4854,Viktor Garcia,viktor.garcia.4854@example.com,Germany,2023-01-28,Standard,6724.21
4855,Chen Khan,chen.khan.4855@shopmail.test,Australia,2023-05-06,Standard,391.68
4856,Wei Chen,wei.chen.4856@retail.dev,Japan,2025-07-03,Standard,10583.18
4857,Lucia Khan,lucia.khan.4857@retail.dev,United States,2021-12-01,Standard,4037.27
4858,Uma Ali,uma.ali.4858@shopmail.test,Japan,2025-07-11,Standard,6307.07
4859,Uma Silva,uma.silva.4859@shopmail.test,Australia,2024-03-11,Standard,4068.54
4860,Hassan Kim,hassan.kim.4860@retail.dev,France,2022-05-16,Standard,1394.08
4861,Tara Anderson,tara.anderson.4861@example.com,Germany,2022-05-29,Basic,6244.58
4862,James Okafor,james.okafor.4862@retail.dev,Brazil,2026-01-31,Standard,2494.15
4863,Diego Lopez,diego.lopez.4863@example.com,Japan,2026-04-23,Basic,2330.29
4864,Aarav Patel,aarav.patel.4864@shopmail.test,Australia,2022-11-23,Standard,4949.05
4865,Liam Costa,liam.costa.4865@retail.dev,France,2024-08-19,Standard,9599.77
4866,Rosa Okafor,rosa.okafor.4866@example.com,India,2022-12-24,Premium,2789.89
4867,Aisha Lopez,aisha.lopez.4867@example.com,Singapore,2022-07-22,Premium,4011.67
4868,Jia Okafor,jia.okafor.4868@retail.dev,Canada,2024-06-24,Premium,3140.27
4869,Aarav Williams,aarav.williams.4869@shopmail.test,United Kingdom,2021-02-27,Premium,9320.63
4870,Hiro Mensah,hiro.mensah.4870@retail.dev,Germany,2021-12-31,Standard,8488.14
4871,Quinn Lopez,quinn.lopez.4871@example.com,United Kingdom,2020-10-07,Premium,6479.70
4872,Grace Lopez,grace.lopez.4872@example.com,United Kingdom,2020-05-07,Basic,10532.47
4873,Liam Novak,liam.novak.4873@shopmail.test,Australia,2021-11-12,Standard,8986.40
4874,Hassan Sato,hassan.sato.4874@example.com,France,2024-04-01,Basic,10919.46
4875,Liam Muller,liam.muller.4875@example.com,Brazil,2024-04-04,Standard,3084.47
4876,Jia Garcia,jia.garcia.4876@retail.dev,Canada,2022-12-29,Basic,2400.90
4877,Omar Brown,omar.brown.4877@shopmail.test,France,2023-02-24,Basic,10175.01
4878,Tara Ivanov,tara.ivanov.4878@example.com,United Kingdom,2020-04-27,Premium,11909.90
4879,Noah Ivanov,noah.ivanov.4879@example.com,Japan,2021-07-17,Standard,9310.85
4880,Imani Ali,imani.ali.4880@retail.dev,United Kingdom,2025-04-15,Basic,8251.69
4881,Omar Mensah,omar.mensah.4881@retail.dev,Australia,2022-04-30,Standard,6376.26
4882,Priya Patel,priya.patel.4882@shopmail.test,United States,2026-07-07,Standard,8158.18
4883,Tara Ali,tara.ali.4883@retail.dev,Singapore,2022-03-04,Standard,9376.19
4884,Amelia Ivanov,amelia.ivanov.4884@example.com,France,2024-01-17,Premium,1384.19
4885,Tara Sato,tara.sato.4885@retail.dev,Canada,2020-03-19,Standard,9799.55
4886,Lucia Sato,lucia.sato.4886@shopmail.test,United States,2022-02-12,Basic,11535.46
4887,Aarav Ivanov,aarav.ivanov.4887@shopmail.test,Singapore,2021-12-08,Basic,11137.23
4888,Hassan Kim,hassan.kim.4888@shopmail.test,Canada,2023-06-02,Basic,7137.17
4889,Grace Novak,grace.novak.4889@example.com,United Kingdom,2024-05-04,Standard,3968.40
4890,Rosa Okafor,rosa.okafor.4890@shopmail.test,India,2023-12-19,Basic,1586.91
4891,Liam Anderson,liam.anderson.4891@retail.dev,United Kingdom,2020-02-19,Premium,11602.95
4892,Omar Mensah,omar.mensah.4892@retail.dev,Canada,2022-04-18,Standard,5544.96
4893,Quinn Brown,quinn.brown.4893@example.com,France,2026-07-24,Standard,3773.71
4894,Quinn Khan,quinn.khan.4894@shopmail.test,Japan,2026-03-06,Standard,1968.62
4895,Noah Okafor,noah.okafor.4895@example.com,United States,2021-01-08,Standard,8210.10
4896,Amelia Mensah,amelia.mensah.4896@example.com,India,2020-02-22,Standard,11592.32
4897,Priya Novak,priya.novak.4897@shopmail.test,United Kingdom,2023-03-08,Standard,4070.64
4898,Rosa Muller,rosa.muller.4898@retail.dev,Canada,2020-06-16,Basic,10490.63
4899,Lucia Costa,lucia.costa.4899@example.com,Germany,2021-01-03,Standard,10241.92
4900,Hassan Singh,hassan.singh.4900@retail.dev,Germany,2021-09-05,Basic,10646.81
4901,Omar Khan,omar.khan.4901@shopmail.test,Australia,2025-06-02,Standard,6430.13
4902,Viktor Lopez,viktor.lopez.4902@retail.dev,Germany,2025-07-07,Standard,6668.67
4903,Aisha Silva,aisha.silva.4903@retail.dev,Brazil,2024-08-25,Basic,4555.83
4904,Zane Okafor,zane.okafor.4904@retail.dev,India,2021-01-27,Basic,4116.27
4905,Wei Garcia,wei.garcia.4905@example.com,Japan,2025-11-19,Basic,11522.60
4906,Tara Novak,tara.novak.4906@example.com,Brazil,2023-02-11,Premium,8665.36
4907,Rosa Ali,rosa.ali.4907@example.com,Canada,2021-05-09,Premium,5012.85
4908,Yara Lopez,yara.lopez.4908@example.com,United Kingdom,2022-11-21,Standard,8557.95
4909,Maya Williams,maya.williams.4909@shopmail.test,Canada,2022-09-14,Premium,6929.33
4910,Chen Costa,chen.costa.4910@retail.dev,Japan,2025-06-27,Standard,8786.74
4911,Yara Chen,yara.chen.4911@shopmail.test,Brazil,2023-10-10,Basic,2237.08
4912,Grace Chen,grace.chen.4912@retail.dev,Japan,2025-07-22,Standard,701.66
4913,Wei Kim,wei.kim.4913@example.com,India,2021-08-25,Standard,2091.67
4914,Amelia Chen,amelia.chen.4914@example.com,France,2020-05-06,Standard,1982.01
4915,Keiko Ali,keiko.ali.4915@shopmail.test,France,2026-07-26,Premium,4923.97
4916,Rosa Anderson,rosa.anderson.4916@retail.dev,Germany,2021-08-30,Standard,4343.01
4917,Lucia Khan,lucia.khan.4917@example.com,France,2026-05-28,Standard,4348.06
4918,Grace Lopez,grace.lopez.4918@retail.dev,United States,2025-12-09,Premium,1323.30
4919,Uma Anderson,uma.anderson.4919@example.com,Singapore,2022-02-12,Standard,8946.66
4920,Uma Anderson,uma.anderson.4920@retail.dev,United States,2025-01-04,Premium,2970.46
4921,Liam Williams,liam.williams.4921@shopmail.test,Singapore,2024-09-03,Basic,8467.96
4922,Elena Nguyen,elena.nguyen.4922@retail.dev,United States,2020-05-29,Standard,10091.81
4923,Maya Williams,maya.williams.4923@example.com,France,2022-08-18,Standard,3274.06
4924,Keiko Costa,keiko.costa.4924@retail.dev,India,2026-01-24,Standard,4927.16
4925,Noah Ivanov,noah.ivanov.4925@shopmail.test,Canada,2023-11-24,Premium,5710.39
4926,Tara Brown,tara.brown.4926@shopmail.test,France,2024-06-05,Standard,1620.45
4927,Hiro Sato,hiro.sato.4927@retail.dev,United Kingdom,2021-01-02,Basic,6130.23
4928,Jia Ali,jia.ali.4928@example.com,United States,2023-01-16,Standard,6939.30
4929,Diego Costa,diego.costa.4929@example.com,India,2023-09-29,Basic,9063.68
4930,James Nguyen,james.nguyen.4930@example.com,Germany,2024-06-14,Standard,11720.94
4931,Arjun Lopez,arjun.lopez.4931@shopmail.test,Brazil,2022-11-13,Standard,11437.54
4932,Elena Muller,elena.muller.4932@example.com,Brazil,2020-02-11,Standard,8596.07
4933,Sofia Sato,sofia.sato.4933@example.com,France,2020-06-09,Basic,2744.53
4934,Liam Brown,liam.brown.4934@shopmail.test,Brazil,2021-08-23,Standard,3279.36
4935,Hiro Kim,hiro.kim.4935@shopmail.test,Singapore,2021-05-27,Standard,6706.81
4936,Maya Anderson,maya.anderson.4936@example.com,France,2020-09-10,Basic,4313.98
4937,Rosa Ivanov,rosa.ivanov.4937@example.com,Germany,2022-05-05,Standard,5923.49
4938,Fatima Silva,fatima.silva.4938@shopmail.test,India,2021-09-04,Standard,4275.55
4939,Sofia Williams,sofia.williams.4939@example.com,Brazil,2022-08-03,Standard,10745.13
4940,Priya Nguyen,priya.nguyen.4940@example.com,United States,2022-02-01,Standard,6967.27
4941,Elena Muller,elena.muller.4941@retail.dev,United States,2025-04-15,Basic,8806.86
4942,Aarav Chen,aarav.chen.4942@shopmail.test,United States,2026-07-20,Standard,7868.39
4943,Diego Mensah,diego.mensah.4943@example.com,United Kingdom,2020-02-15,Standard,2313.27
4944,Omar Chen,omar.chen.4944@shopmail.test,United Kingdom,2025-10-08,Standard,3389.15
4945,Arjun Singh,arjun.singh.4945@example.com,Canada,2025-06-17,Basic,7520.59
4946,Jia Muller,jia.muller.4946@retail.dev,Australia,2024-12-06,Premium,6297.08
4947,Sofia Kim,sofia.kim.4947@shopmail.test,Japan,2025-05-09,Basic,6867.12
4948,Aarav Lopez,aarav.lopez.4948@shopmail.test,Canada,2023-04-26,Standard,8479.60
4949,Rosa Silva,rosa.silva.4949@retail.dev,Germany,2021-01-27,Standard,7996.61
4950,Jia Novak,jia.novak.4950@example.com,India,2021-10-06,Standard,385.66
4951,Omar Mensah,omar.mensah.4951@retail.dev,France,2022-03-22,Standard,11889.96
4952,Liam Williams,liam.williams.4952@example.com,Japan,2024-01-25,Standard,3175.31
4953,Lucia Khan,lucia.khan.4953@retail.dev,Singapore,2026-06-01,Premium,7248.68
4954,Jia Williams,jia.williams.4954@shopmail.test,United States,2022-06-10,Standard,986.62
4955,Elena Nguyen,elena.nguyen.4955@retail.dev,France,2021-01-22,Standard,4505.22
4956,Zane Singh,zane.singh.4956@retail.dev,United States,2024-01-26,Basic,8179.20
4957,Arjun Brown,arjun.brown.4957@retail.dev,Japan,2020-02-17,Standard,5226.96
4958,Imani Patel,imani.patel.4958@shopmail.test,Brazil,2024-07-09,Standard,2697.27
4959,James Okafor,james.okafor.4959@retail.dev,Japan,2021-01-18,Basic,9950.34
4960,James Muller,james.muller.4960@retail.dev,United Kingdom,2021-08-05,Standard,4316.54
4961,Wei Anderson,wei.anderson.4961@example.com,Brazil,2022-08-04,Standard,2242.75
4962,Imani Nguyen,imani.nguyen.4962@shopmail.test,Germany,2021-09-17,Premium,4245.82
4963,Yara Mensah,yara.mensah.4963@shopmail.test,Germany,2023-04-23,Standard,8128.06
4964,Noah Novak,noah.novak.4964@shopmail.test,United States,2022-11-19,Standard,11005.52
4965,Diego Chen,diego.chen.4965@shopmail.test,France,2026-04-24,Standard,9459.81
4966,Hiro Ivanov,hiro.ivanov.4966@retail.dev,Brazil,2024-02-16,Standard,5652.41
4967,Diego Patel,diego.patel.4967@example.com,India,2020-08-07,Premium,10229.76
4968,Rosa Mensah,rosa.mensah.4968@retail.dev,India,2022-04-15,Standard,4528.12
4969,Hiro Lopez,hiro.lopez.4969@example.com,India,2025-03-04,Standard,8461.11
4970,Zane Khan,zane.khan.4970@retail.dev,Germany,2023-03-13,Basic,5437.91
4971,Noah Garcia,noah.garcia.4971@example.com,Singapore,2024-10-11,Standard,85.93
4972,Anika Patel,anika.patel.4972@shopmail.test,United States,2020-02-12,Standard,6244.78
4973,Rosa Mensah,rosa.mensah.4973@shopmail.test,Canada,2022-05-01,Basic,8956.97
4974,Grace Mensah,grace.mensah.4974@example.com,Brazil,2026-04-03,Basic,7544.70
4975,Liam Singh,liam.singh.4975@shopmail.test,France,2024-01-27,Standard,3370.73
4976,Tara Patel,tara.patel.4976@shopmail.test,Canada,2020-04-05,Standard,5960.39
4977,Yara Singh,yara.singh.4977@shopmail.test,Germany,2026-04-09,Premium,3444.63
4978,Quinn Sato,quinn.sato.4978@shopmail.test,Canada,2024-09-10,Standard,6906.41
4979,Yara Okafor,yara.okafor.4979@retail.dev,Brazil,2022-05-24,Standard,11623.15
4980,Sofia Chen,sofia.chen.4980@retail.dev,Australia,2020-08-21,Basic,9441.89
4981,Arjun Williams,arjun.williams.4981@shopmail.test,Australia,2026-06-03,Premium,3997.77
4982,Yara Garcia,yara.garcia.4982@shopmail.test,Brazil,2026-03-15,Standard,6519.29
4983,Jia Garcia,jia.garcia.4983@retail.dev,Germany,2026-08-27,Standard,9049.98
4984,Jia Sato,jia.sato.4984@retail.dev,France,2022-10-02,Basic,4273.25
4985,Liam Brown,liam.brown.4985@retail.dev,Australia,2022-05-27,Standard,4755.98
4986,Aisha Silva,aisha.silva.4986@retail.dev,Singapore,2022-09-08,Premium,10330.37
4987,Uma Lopez,uma.lopez.4987@retail.dev,India,2023-02-22,Standard,7308.91
4988,Fatima Muller,fatima.muller.4988@shopmail.test,Japan,2023-05-06,Basic,2805.53
4989,Imani Novak,imani.novak.4989@example.com,Australia,2023-09-13,Standard,1367.37
4990,Imani Patel,imani.patel.4990@retail.dev,Japan,2022-08-21,Standard,785.39
4991,Aisha Khan,aisha.khan.4991@shopmail.test,France,2023-09-14,Basic,5049.80
4992,James Anderson,james.anderson.4992@shopmail.test,France,2023-05-12,Standard,726.71
4993,Fatima Mensah,fatima.mensah.4993@retail.dev,United Kingdom,2023-02-05,Standard,8822.50
4994,Priya Garcia,priya.garcia.4994@shopmail.test,United States,2024-10-11,Premium,2149.60
4995,Sofia Muller,sofia.muller.4995@shopmail.test,Australia,2026-06-11,Basic,4875.60
4996,Lucia Ivanov,lucia.ivanov.4996@retail.dev,Singapore,2025-08-21,Basic,8430.37
4997,Wei Patel,wei.patel.4997@shopmail.test,Japan,2020-06-22,Basic,3649.81
4998,Noah Muller,noah.muller.4998@retail.dev,France,2022-05-30,Standard,1593.99
4999,Quinn Lopez,quinn.lopez.4999@shopmail.test,Australia,2020-01-06,Premium,2700.51
5000,Rosa Anderson,rosa.anderson.5000@shopmail.test,Germany,2020-04-16,Standard,4081.36
5001,Tara Williams,tara.williams.5001@example.com,United Kingdom,2020-02-17,Premium,10514.76
5002,Chen Costa,chen.costa.5002@retail.dev,United Kingdom,2023-12-20,Basic,1158.76
5003,Yara Singh,yara.singh.5003@retail.dev,United Kingdom,2026-04-08,Premium,8978.39
5004,Noah Costa,noah.costa.5004@shopmail.test,Australia,2026-05-16,Basic,1413.33
5005,Aisha Singh,aisha.singh.5005@retail.dev,Singapore,2023-10-08,Premium,1161.29
5006,Elena Ali,elena.ali.5006@shopmail.test,Brazil,2024-08-13,Standard,1000.77
5007,Amelia Okafor,amelia.okafor.5007@retail.dev,India,2020-02-01,Standard,7713.07
5008,Noah Khan,noah.khan.5008@retail.dev,Australia,2021-10-29,Basic,11374.01
5009,Aarav Okafor,aarav.okafor.5009@retail.dev,Germany,2021-02-19,Standard,1027.66
5010,Diego Silva,diego.silva.5010@shopmail.test,India,2020-10-31,Basic,3371.40
5011,Zane Silva,zane.silva.5011@shopmail.test,United States,2020-06-21,Standard,11305.60
5012,Priya Patel,priya.patel.5012@shopmail.test,Brazil,2022-05-23,Standard,8122.76
5013,Hiro Williams,hiro.williams.5013@shopmail.test,Canada,2026-03-26,Standard,1875.13
5014,Lucia Anderson,lucia.anderson.5014@example.com,France,2024-05-10,Standard,842.81
5015,Tara Silva,tara.silva.5015@shopmail.test,Singapore,2020-05-14,Standard,11004.28
5016,Uma Singh,uma.singh.5016@example.com,India,2020-10-27,Standard,5897.38
5017,Anika Kim,anika.kim.5017@example.com,Japan,2026-03-20,Standard,9981.76
5018,Amelia Kim,amelia.kim.5018@example.com,Singapore,2021-06-23,Basic,8532.71
5019,Viktor Novak,viktor.novak.5019@shopmail.test,Singapore,2022-06-26,Standard,2205.76
5020,Viktor Williams,viktor.williams.5020@example.com,France,2025-07-21,Standard,10985.42
5021,Tara Silva,tara.silva.5021@retail.dev,Australia,2022-06-24,Premium,3431.76
5022,Noah Ivanov,noah.ivanov.5022@retail.dev,United Kingdom,2026-03-23,Standard,6071.12
5023,Viktor Anderson,viktor.anderson.5023@retail.dev,France,2026-07-14,Basic,7608.36
5024,Viktor Chen,viktor.chen.5024@shopmail.test,India,2020-07-17,Basic,4327.74
5025,Amelia Garcia,amelia.garcia.5025@shopmail.test,United States,2021-07-31,Basic,10114.52
5026,Liam Kim,liam.kim.5026@retail.dev,Japan,2024-07-16,Basic,9317.29
5027,Sofia Anderson,sofia.anderson.5027@shopmail.test,United States,2022-11-02,Standard,9560.05
5028,Wei Chen,wei.chen.5028@example.com,Canada,2020-11-04,Standard,6007.27
5029,Aisha Chen,aisha.chen.5029@shopmail.test,Canada,2022-08-25,Standard,6777.98
5030,Maya Singh,maya.singh.5030@retail.dev,Australia,2020-05-02,Basic,163.37
5031,Uma Williams,uma.williams.5031@shopmail.test,Canada,2020-05-22,Standard,1602.14
5032,Hassan Lopez,hassan.lopez.5032@retail.dev,Japan,2024-11-05,Standard,2664.75
5033,Yara Singh,yara.singh.5033@example.com,Singapore,2026-05-29,Standard,5858.16
5034,Fatima Garcia,fatima.garcia.5034@example.com,Canada,2023-06-03,Premium,7433.49
5035,Noah Singh,noah.singh.5035@shopmail.test,France,2025-02-03,Basic,11961.83
5036,Chen Brown,chen.brown.5036@shopmail.test,Brazil,2022-02-19,Standard,7534.53
5037,Imani Lopez,imani.lopez.5037@example.com,United States,2020-12-16,Basic,9681.90
5038,Anika Lopez,anika.lopez.5038@retail.dev,France,2023-03-16,Standard,6305.13
5039,Anika Okafor,anika.okafor.5039@retail.dev,Australia,2023-04-17,Standard,4519.52
5040,Maya Anderson,maya.anderson.5040@shopmail.test,India,2021-07-05,Basic,11544.11
5041,Noah Mensah,noah.mensah.5041@shopmail.test,India,2024-05-08,Premium,9108.70
5042,Sofia Chen,sofia.chen.5042@shopmail.test,Singapore,2024-06-22,Standard,9221.72
5043,Liam Silva,liam.silva.5043@retail.dev,Singapore,2023-01-11,Basic,4815.25
5044,Yara Ivanov,yara.ivanov.5044@shopmail.test,France,2025-06-01,Standard,1521.11
5045,Chen Okafor,chen.okafor.5045@example.com,United Kingdom,2025-07-04,Basic,3561.84
5046,Wei Singh,wei.singh.5046@retail.dev,India,2025-07-29,Basic,2495.22
5047,Hassan Silva,hassan.silva.5047@example.com,Australia,2023-01-25,Standard,2456.87
5048,Uma Lopez,uma.lopez.5048@retail.dev,Singapore,2020-05-18,Premium,3869.32
5049,Grace Novak,grace.novak.5049@example.com,Australia,2024-05-18,Basic,5445.08
5050,Zane Patel,zane.patel.5050@shopmail.test,Germany,2023-10-22,Basic,123.85
5051,Hassan Khan,hassan.khan.5051@shopmail.test,Australia,2020-12-25,Standard,1450.35
5052,Yara Ivanov,yara.ivanov.5052@retail.dev,Germany,2020-03-09,Standard,11529.14
5053,Grace Silva,grace.silva.5053@retail.dev,United Kingdom,2022-09-19,Premium,8714.08
5054,Aarav Novak,aarav.novak.5054@retail.dev,Canada,2020-12-14,Basic,11058.25
5055,Yara Sato,yara.sato.5055@shopmail.test,United Kingdom,2022-07-15,Basic,9519.14
5056,Fatima Anderson,fatima.anderson.5056@example.com,Canada,2026-01-13,Basic,5838.59
5057,Quinn Khan,quinn.khan.5057@retail.dev,India,2025-03-22,Basic,5793.52
5058,Quinn Costa,quinn.costa.5058@example.com,France,2020-07-03,Basic,1182.61
5059,Yara Williams,yara.williams.5059@retail.dev,Singapore,2021-08-26,Standard,2623.70
5060,Viktor Williams,viktor.williams.5060@example.com,Singapore,2020-11-26,Standard,7846.39
5061,Imani Silva,imani.silva.5061@shopmail.test,Japan,2023-06-26,Standard,4915.59
5062,Sofia Novak,sofia.novak.5062@shopmail.test,Japan,2024-11-17,Basic,8159.41
5063,Keiko Mensah,keiko.mensah.5063@example.com,France,2023-03-02,Basic,10454.54
5064,Diego Costa,diego.costa.5064@example.com,Brazil,2025-08-19,Standard,6409.91
5065,Uma Silva,uma.silva.5065@example.com,Australia,2023-07-12,Standard,8980.53
5066,Diego Brown,diego.brown.5066@retail.dev,Japan,2021-04-23,Premium,5604.64
5067,Sofia Nguyen,sofia.nguyen.5067@example.com,Canada,2026-03-17,Premium,576.60
5068,Hassan Singh,hassan.singh.5068@retail.dev,Brazil,2022-08-01,Standard,6339.03
5069,Chen Anderson,chen.anderson.5069@shopmail.test,France,2022-12-09,Standard,5686.96
5070,Quinn Patel,quinn.patel.5070@shopmail.test,Canada,2025-12-20,Premium,6563.13
5071,Hassan Williams,hassan.williams.5071@example.com,Brazil,2025-01-03,Premium,7989.89
5072,Hassan Khan,hassan.khan.5072@retail.dev,France,2020-10-22,Standard,9863.07
5073,Lucia Singh,lucia.singh.5073@retail.dev,India,2022-02-15,Premium,9331.20
5074,Imani Silva,imani.silva.5074@shopmail.test,United Kingdom,2021-01-25,Standard,437.74
5075,Fatima Sato,fatima.sato.5075@example.com,France,2022-06-19,Premium,9832.99
5076,Amelia Sato,amelia.sato.5076@retail.dev,France,2023-03-18,Standard,7100.80
5077,Yara Costa,yara.costa.5077@example.com,Germany,2023-12-14,Basic,3759.86
5078,Amelia Novak,amelia.novak.5078@shopmail.test,Germany,2025-05-15,Premium,1491.72
5079,Elena Muller,elena.muller.5079@example.com,Singapore,2023-02-07,Basic,11195.72
5080,James Novak,james.novak.5080@example.com,Germany,2025-03-29,Premium,326.18
5081,Tara Costa,tara.costa.5081@shopmail.test,Australia,2022-07-15,Standard,7207.07
5082,Rosa Chen,rosa.chen.5082@retail.dev,United Kingdom,2023-12-28,Basic,8610.37
5083,Rosa Williams,rosa.williams.5083@shopmail.test,Japan,2025-11-14,Standard,10058.49
5084,Imani Patel,imani.patel.5084@example.com,Brazil,2021-06-19,Premium,6882.93
5085,Noah Sato,noah.sato.5085@example.com,Japan,2022-06-09,Standard,11732.13
5086,Arjun Okafor,arjun.okafor.5086@example.com,Germany,2023-03-27,Standard,564.31
5087,Anika Nguyen,anika.nguyen.5087@shopmail.test,Canada,2021-11-16,Standard,10454.55
5088,Lucia Patel,lucia.patel.5088@retail.dev,United Kingdom,2024-12-03,Premium,5419.37
5089,Grace Williams,grace.williams.5089@shopmail.test,Brazil,2022-06-13,Basic,6678.02
5090,Keiko Okafor,keiko.okafor.5090@shopmail.test,France,2022-11-13,Premium,240.54
5091,James Singh,james.singh.5091@shopmail.test,France,2024-07-05,Premium,8074.72
5092,Zane Silva,zane.silva.5092@example.com,United Kingdom,2021-10-25,Basic,6606.75
5093,Viktor Nguyen,viktor.nguyen.5093@example.com,Japan,2026-01-15,Premium,6982.82
5094,James Chen,james.chen.5094@shopmail.test,India,2021-11-06,Standard,9486.88
5095,James Sato,james.sato.5095@example.com,Canada,2022-06-01,Standard,2390.80
5096,Rosa Singh,rosa.singh.5096@example.com,United States,2026-07-29,Basic,5184.89
5097,Wei Lopez,wei.lopez.5097@shopmail.test,Japan,2024-06-30,Standard,4780.18
5098,Hiro Muller,hiro.muller.5098@shopmail.test,Germany,2021-01-22,Standard,3047.18
5099,Hassan Williams,hassan.williams.5099@example.com,United Kingdom,2023-02-09,Standard,11996.00
5100,Zane Williams,zane.williams.5100@shopmail.test,United Kingdom,2023-06-20,Basic,9585.09
5101,Arjun Sato,arjun.sato.5101@retail.dev,Germany,2022-01-12,Premium,10478.20
5102,Jia Chen,jia.chen.5102@shopmail.test,Japan,2020-12-27,Standard,8497.56
5103,Quinn Muller,quinn.muller.5103@example.com,United Kingdom,2024-03-21,Standard,11397.54
5104,Quinn Ivanov,quinn.ivanov.5104@retail.dev,Japan,2023-10-16,Standard,11110.45
5105,Tara Singh,tara.singh.5105@retail.dev,Germany,2026-06-03,Basic,2023.87
5106,Keiko Ali,keiko.ali.5106@shopmail.test,Germany,2022-03-19,Basic,2522.67
5107,Yara Lopez,yara.lopez.5107@shopmail.test,Brazil,2023-10-10,Standard,2147.76
5108,James Williams,james.williams.5108@example.com,Australia,2025-07-09,Standard,4409.13
5109,Tara Chen,tara.chen.5109@shopmail.test,United Kingdom,2024-10-07,Premium,10005.55
5110,Keiko Sato,keiko.sato.5110@retail.dev,United States,2026-09-05,Premium,4168.90
5111,Zane Chen,zane.chen.5111@shopmail.test,India,2026-02-07,Basic,2170.40
5112,Diego Khan,diego.khan.5112@shopmail.test,United Kingdom,2020-02-23,Standard,5892.85
5113,Hiro Anderson,hiro.anderson.5113@retail.dev,United Kingdom,2020-05-15,Premium,1006.92
5114,Hassan Costa,hassan.costa.5114@example.com,Germany,2025-11-23,Basic,3711.12
5115,James Sato,james.sato.5115@shopmail.test,Singapore,2025-08-07,Standard,9103.73
5116,Noah Anderson,noah.anderson.5116@shopmail.test,United Kingdom,2020-12-22,Premium,8720.31
5117,Tara Lopez,tara.lopez.5117@example.com,Canada,2022-10-21,Basic,8455.83
5118,Uma Novak,uma.novak.5118@shopmail.test,Germany,2026-05-26,Basic,4127.96
5119,Liam Anderson,liam.anderson.5119@shopmail.test,Brazil,2024-04-11,Standard,11264.81
5120,Priya Muller,priya.muller.5120@retail.dev,France,2024-05-04,Standard,11734.25
5121,Anika Patel,anika.patel.5121@shopmail.test,Canada,2022-01-12,Basic,5510.38
5122,Elena Nguyen,elena.nguyen.5122@retail.dev,Singapore,2020-08-22,Standard,9586.30
5123,Jia Nguyen,jia.nguyen.5123@shopmail.test,United Kingdom,2022-12-29,Basic,7454.89
5124,Priya Singh,priya.singh.5124@example.com,India,2024-01-22,Basic,5341.08
5125,Sofia Okafor,sofia.okafor.5125@shopmail.test,Canada,2025-03-27,Premium,1409.69
5126,Priya Novak,priya.novak.5126@shopmail.test,Germany,2021-01-27,Basic,5611.87
5127,Omar Nguyen,omar.nguyen.5127@shopmail.test,Japan,2024-08-21,Premium,11597.78
5128,Hassan Ivanov,hassan.ivanov.5128@retail.dev,Japan,2025-09-13,Standard,6444.09
5129,James Garcia,james.garcia.5129@retail.dev,Singapore,2020-05-23,Basic,6296.85
5130,Keiko Khan,keiko.khan.5130@shopmail.test,Singapore,2023-11-21,Standard,11836.06
5131,Grace Khan,grace.khan.5131@shopmail.test,Brazil,2022-03-07,Basic,4943.40
5132,Aisha Nguyen,aisha.nguyen.5132@shopmail.test,France,2024-04-16,Standard,5892.78
5133,Wei Singh,wei.singh.5133@shopmail.test,Australia,2026-09-01,Standard,10465.73
5134,Liam Mensah,liam.mensah.5134@retail.dev,Canada,2024-05-05,Standard,3129.91
5135,Jia Garcia,jia.garcia.5135@retail.dev,Germany,2023-11-29,Standard,7549.58
5136,Fatima Mensah,fatima.mensah.5136@retail.dev,India,2022-11-01,Basic,7782.10
5137,Fatima Anderson,fatima.anderson.5137@retail.dev,United States,2024-02-02,Standard,5954.48
5138,Lucia Sato,lucia.sato.5138@example.com,Singapore,2025-11-17,Standard,3794.98
5139,Fatima Brown,fatima.brown.5139@shopmail.test,Canada,2020-04-20,Standard,9661.64
5140,Lucia Patel,lucia.patel.5140@retail.dev,Germany,2025-05-28,Standard,4510.81
5141,Diego Chen,diego.chen.5141@example.com,Singapore,2024-03-03,Basic,6974.64
5142,Anika Muller,anika.muller.5142@retail.dev,Japan,2024-07-25,Standard,3652.75
5143,Aisha Sato,aisha.sato.5143@example.com,Canada,2020-04-29,Standard,5516.71
5144,Amelia Singh,amelia.singh.5144@example.com,Canada,2020-01-06,Basic,4651.23
5145,Uma Anderson,uma.anderson.5145@example.com,France,2023-07-11,Premium,9630.93
5146,Hiro Williams,hiro.williams.5146@retail.dev,France,2022-08-01,Basic,5437.17
5147,Diego Khan,diego.khan.5147@retail.dev,France,2023-04-08,Basic,5620.67
5148,Fatima Lopez,fatima.lopez.5148@example.com,Brazil,2024-11-03,Basic,2990.49
5149,Diego Ali,diego.ali.5149@example.com,United States,2025-04-27,Standard,4044.70
5150,Quinn Ali,quinn.ali.5150@example.com,United States,2023-03-07,Basic,861.04
5151,Chen Okafor,chen.okafor.5151@example.com,Singapore,2024-11-21,Premium,9655.22
5152,Hassan Kim,hassan.kim.5152@retail.dev,Brazil,2024-05-23,Standard,6225.04
5153,Keiko Ali,keiko.ali.5153@example.com,United States,2025-04-06,Standard,2375.84
5154,James Garcia,james.garcia.5154@shopmail.test,Australia,2022-12-15,Standard,10676.12
5155,Fatima Okafor,fatima.okafor.5155@example.com,Australia,2025-12-03,Standard,10263.78
5156,Priya Nguyen,priya.nguyen.5156@example.com,France,2024-08-05,Premium,9132.30
5157,Viktor Williams,viktor.williams.5157@example.com,Brazil,2025-04-10,Standard,9080.70
5158,Amelia Chen,amelia.chen.5158@example.com,France,2021-05-05,Basic,7206.58
5159,Yara Kim,yara.kim.5159@shopmail.test,Brazil,2022-06-13,Standard,1550.33
5160,Fatima Singh,fatima.singh.5160@retail.dev,United Kingdom,2026-08-06,Standard,3588.71
5161,Quinn Khan,quinn.khan.5161@shopmail.test,United States,2022-10-14,Standard,11223.71
5162,Hassan Williams,hassan.williams.5162@example.com,France,2020-02-17,Standard,817.00
5163,Viktor Singh,viktor.singh.5163@shopmail.test,United States,2021-05-02,Basic,9828.57
5164,Keiko Patel,keiko.patel.5164@retail.dev,Canada,2025-02-06,Standard,9142.19
5165,Jia Williams,jia.williams.5165@example.com,Germany,2023-01-06,Standard,2375.43
5166,Fatima Williams,fatima.williams.5166@shopmail.test,Canada,2023-12-09,Standard,5208.49
5167,Quinn Anderson,quinn.anderson.5167@shopmail.test,India,2023-04-07,Basic,7451.79
5168,Liam Patel,liam.patel.5168@retail.dev,Japan,2020-02-10,Standard,10405.78
5169,Elena Lopez,elena.lopez.5169@shopmail.test,Brazil,2022-11-15,Standard,11379.97
5170,Rosa Williams,rosa.williams.5170@shopmail.test,Canada,2023-08-26,Basic,6043.34
5171,Fatima Patel,fatima.patel.5171@shopmail.test,Singapore,2026-03-06,Standard,6881.12
5172,Diego Anderson,diego.anderson.5172@example.com,Brazil,2022-03-29,Basic,11661.32
5173,Omar Singh,omar.singh.5173@shopmail.test,India,2024-11-19,Premium,8566.12
5174,James Novak,james.novak.5174@example.com,United States,2020-08-09,Premium,4355.20
5175,Wei Silva,wei.silva.5175@retail.dev,India,2024-07-05,Standard,2646.86
5176,Yara Muller,yara.muller.5176@shopmail.test,United States,2024-01-07,Basic,4809.62
5177,Elena Anderson,elena.anderson.5177@shopmail.test,Canada,2024-12-07,Standard,7128.19
5178,Tara Patel,tara.patel.5178@example.com,United States,2022-01-07,Standard,2521.55
5179,Anika Silva,anika.silva.5179@shopmail.test,United States,2024-01-03,Standard,6712.15
5180,Aarav Costa,aarav.costa.5180@retail.dev,India,2021-06-08,Standard,7980.01
5181,Quinn Patel,quinn.patel.5181@example.com,Canada,2024-04-23,Basic,1537.62
5182,Liam Kim,liam.kim.5182@example.com,Australia,2020-05-13,Standard,10922.82
5183,Grace Williams,grace.williams.5183@retail.dev,Australia,2023-03-25,Basic,2629.74
5184,Jia Okafor,jia.okafor.5184@retail.dev,India,2025-01-05,Basic,7053.28
5185,Fatima Brown,fatima.brown.5185@shopmail.test,United Kingdom,2023-09-03,Standard,9962.66
5186,Lucia Nguyen,lucia.nguyen.5186@retail.dev,India,2025-06-13,Premium,8149.93
5187,James Sato,james.sato.5187@example.com,Japan,2021-06-22,Standard,10420.18
5188,Hassan Nguyen,hassan.nguyen.5188@shopmail.test,Japan,2024-01-24,Standard,5617.78
5189,Tara Williams,tara.williams.5189@example.com,Germany,2020-11-20,Standard,4077.91
5190,Aisha Williams,aisha.williams.5190@retail.dev,Australia,2021-05-22,Standard,8741.97
5191,Viktor Costa,viktor.costa.5191@example.com,Australia,2022-12-08,Basic,5455.45
5192,Aarav Costa,aarav.costa.5192@example.com,Australia,2025-09-30,Standard,7032.81
5193,Rosa Anderson,rosa.anderson.5193@shopmail.test,France,2025-09-21,Standard,7861.52
5194,Quinn Costa,quinn.costa.5194@shopmail.test,France,2020-06-17,Standard,4005.92
5195,Noah Singh,noah.singh.5195@example.com,Australia,2023-11-20,Basic,7225.98
5196,Viktor Brown,viktor.brown.5196@retail.dev,India,2025-09-13,Standard,10309.16
5197,Priya Silva,priya.silva.5197@shopmail.test,Brazil,2025-01-03,Standard,3973.58
5198,Omar Okafor,omar.okafor.5198@example.com,Australia,2025-07-12,Standard,6903.73
5199,Grace Kim,grace.kim.5199@shopmail.test,Singapore,2021-05-31,Standard,5382.34
5200,Tara Muller,tara.muller.5200@example.com,Brazil,2025-05-30,Standard,7397.95
5201,Aisha Costa,aisha.costa.5201@shopmail.test,Japan,2023-09-17,Basic,7208.15
5202,Uma Costa,uma.costa.5202@shopmail.test,United Kingdom,2026-05-20,Standard,5007.25
5203,James Ivanov,james.ivanov.5203@shopmail.test,Brazil,2021-06-27,Standard,6774.59
5204,Anika Silva,anika.silva.5204@example.com,India,2023-09-13,Standard,2671.44
5205,Sofia Mensah,sofia.mensah.5205@example.com,France,2024-10-31,Standard,7498.18
5206,Grace Kim,grace.kim.5206@shopmail.test,India,2021-09-26,Basic,11829.12
5207,Priya Okafor,priya.okafor.5207@shopmail.test,Australia,2024-06-15,Standard,9668.10
5208,Zane Kim,zane.kim.5208@retail.dev,United States,2022-04-07,Standard,5969.83
5209,Aisha Brown,aisha.brown.5209@example.com,Canada,2023-03-04,Basic,4053.27
5210,Hiro Singh,hiro.singh.5210@shopmail.test,India,2023-10-09,Basic,4378.28
5211,Zane Kim,zane.kim.5211@retail.dev,Germany,2024-10-02,Basic,11476.83
5212,Diego Singh,diego.singh.5212@shopmail.test,France,2025-06-04,Standard,10331.20
5213,Liam Patel,liam.patel.5213@example.com,Canada,2026-04-14,Basic,7362.82
5214,Tara Ali,tara.ali.5214@retail.dev,United States,2021-01-10,Premium,5023.07
5215,Grace Khan,grace.khan.5215@shopmail.test,Brazil,2020-11-21,Standard,4462.42
5216,Lucia Brown,lucia.brown.5216@shopmail.test,Singapore,2021-10-11,Premium,8625.41
5217,Elena Muller,elena.muller.5217@retail.dev,Germany,2024-05-20,Standard,10648.82
5218,Viktor Garcia,viktor.garcia.5218@retail.dev,Japan,2024-09-17,Premium,6919.65
5219,Lucia Singh,lucia.singh.5219@shopmail.test,Japan,2020-04-10,Basic,425.11
5220,Diego Novak,diego.novak.5220@example.com,India,2020-11-16,Premium,4448.85
5221,Aisha Nguyen,aisha.nguyen.5221@retail.dev,Germany,2024-07-20,Standard,419.92
5222,Priya Muller,priya.muller.5222@shopmail.test,Singapore,2022-06-08,Basic,5215.31
5223,Aisha Nguyen,aisha.nguyen.5223@retail.dev,Japan,2020-01-10,Standard,10676.45
5224,Omar Mensah,omar.mensah.5224@example.com,Japan,2025-10-25,Standard,7867.23
5225,Lucia Novak,lucia.novak.5225@shopmail.test,Japan,2022-05-15,Standard,3417.84
5226,Anika Ivanov,anika.ivanov.5226@shopmail.test,India,2025-01-28,Standard,3000.38
5227,Rosa Anderson,rosa.anderson.5227@example.com,India,2026-02-04,Standard,6162.23
5228,Grace Nguyen,grace.nguyen.5228@example.com,France,2024-07-15,Standard,5781.80
5229,Grace Sato,grace.sato.5229@example.com,India,2020-05-02,Standard,7787.72
5230,Sofia Okafor,sofia.okafor.5230@retail.dev,Australia,2024-11-13,Standard,5322.06
5231,Liam Garcia,liam.garcia.5231@shopmail.test,Canada,2026-03-01,Standard,9901.85
5232,Noah Ali,noah.ali.5232@retail.dev,United Kingdom,2021-11-22,Standard,6329.53
5233,Grace Sato,grace.sato.5233@retail.dev,Singapore,2024-04-21,Basic,2626.29
5234,Quinn Brown,quinn.brown.5234@shopmail.test,France,2022-10-18,Premium,3941.26
5235,Grace Silva,grace.silva.5235@example.com,France,2022-03-13,Standard,147.59
5236,Tara Ali,tara.ali.5236@shopmail.test,Canada,2020-02-15,Basic,11266.44
5237,Sofia Ali,sofia.ali.5237@retail.dev,United Kingdom,2024-05-10,Standard,8020.37
5238,Zane Kim,zane.kim.5238@example.com,Germany,2026-01-11,Standard,1690.78
5239,Priya Silva,priya.silva.5239@example.com,United States,2022-12-26,Standard,5900.48
5240,Elena Mensah,elena.mensah.5240@shopmail.test,United States,2022-05-01,Standard,8491.36
5241,Imani Garcia,imani.garcia.5241@shopmail.test,Japan,2022-04-14,Standard,5915.98
5242,Zane Brown,zane.brown.5242@shopmail.test,Australia,2025-07-23,Standard,641.21
5243,Hassan Ali,hassan.ali.5243@shopmail.test,Brazil,2024-04-26,Standard,10962.53
5244,Priya Lopez,priya.lopez.5244@shopmail.test,Japan,2024-03-03,Basic,5537.99
5245,Priya Anderson,priya.anderson.5245@retail.dev,India,2020-08-09,Basic,4064.46
5246,Yara Lopez,yara.lopez.5246@shopmail.test,Singapore,2025-05-15,Standard,3152.13
5247,Fatima Khan,fatima.khan.5247@example.com,Australia,2024-08-23,Basic,2008.17
5248,James Kim,james.kim.5248@shopmail.test,Canada,2022-11-11,Basic,4277.70
5249,Chen Patel,chen.patel.5249@retail.dev,Japan,2020-09-08,Standard,1076.17
5250,James Mensah,james.mensah.5250@shopmail.test,India,2022-10-21,Standard,1219.53
5251,Aisha Muller,aisha.muller.5251@retail.dev,Japan,2023-08-27,Premium,6903.91
5252,Hiro Anderson,hiro.anderson.5252@example.com,Germany,2023-10-25,Standard,7537.51
5253,Hassan Chen,hassan.chen.5253@shopmail.test,Germany,2023-08-01,Premium,1073.90
5254,Yara Nguyen,yara.nguyen.5254@shopmail.test,France,2022-01-31,Basic,6020.93
5255,James Khan,james.khan.5255@retail.dev,United States,2022-02-01,Basic,8067.63
5256,Sofia Sato,sofia.sato.5256@example.com,France,2021-06-11,Standard,6586.91
5257,Aisha Williams,aisha.williams.5257@example.com,Australia,2020-11-13,Basic,5905.51
5258,Arjun Silva,arjun.silva.5258@retail.dev,Canada,2020-11-29,Standard,4211.12
5259,Maya Ivanov,maya.ivanov.5259@example.com,Brazil,2024-01-22,Standard,275.63
5260,Aarav Nguyen,aarav.nguyen.5260@example.com,Canada,2023-12-10,Standard,5164.84
5261,Diego Brown,diego.brown.5261@example.com,Brazil,2025-08-25,Basic,560.85
5262,Keiko Singh,keiko.singh.5262@example.com,Singapore,2021-05-20,Standard,5151.58
5263,Sofia Silva,sofia.silva.5263@shopmail.test,Canada,2021-07-27,Premium,6608.37
5264,Hassan Khan,hassan.khan.5264@example.com,India,2025-02-26,Premium,11980.15
5265,Aisha Costa,aisha.costa.5265@shopmail.test,Germany,2022-10-03,Premium,1536.95
5266,Tara Garcia,tara.garcia.5266@shopmail.test,United States,2022-01-05,Standard,4949.52
5267,Chen Muller,chen.muller.5267@shopmail.test,Australia,2022-04-04,Standard,10854.33
5268,Liam Anderson,liam.anderson.5268@shopmail.test,Australia,2024-09-10,Basic,3025.30
5269,Hassan Silva,hassan.silva.5269@example.com,Germany,2024-09-20,Standard,1687.68
5270,Imani Okafor,imani.okafor.5270@example.com,United States,2020-08-23,Premium,8695.18
5271,Aarav Singh,aarav.singh.5271@retail.dev,United States,2024-11-23,Standard,523.99
5272,Hassan Mensah,hassan.mensah.5272@example.com,Japan,2020-11-07,Basic,11658.37
5273,Amelia Lopez,amelia.lopez.5273@example.com,Germany,2025-02-01,Basic,7195.97
5274,Hiro Khan,hiro.khan.5274@example.com,United States,2026-06-10,Basic,9128.88
5275,Omar Singh,omar.singh.5275@retail.dev,Australia,2023-01-21,Standard,8815.56
5276,Zane Garcia,zane.garcia.5276@shopmail.test,Singapore,2024-09-10,Standard,9816.95
5277,Grace Khan,grace.khan.5277@example.com,United States,2021-08-18,Basic,8482.51
5278,Arjun Sato,arjun.sato.5278@retail.dev,Japan,2021-12-24,Standard,3199.17
5279,Tara Brown,tara.brown.5279@example.com,United States,2023-09-17,Basic,6893.11
5280,Grace Garcia,grace.garcia.5280@retail.dev,United States,2020-09-22,Standard,3674.76
5281,Sofia Brown,sofia.brown.5281@shopmail.test,France,2021-02-07,Premium,2675.76
5282,Sofia Singh,sofia.singh.5282@example.com,United States,2022-10-12,Standard,5014.36
5283,Hassan Okafor,hassan.okafor.5283@retail.dev,United States,2024-02-17,Standard,2342.26
5284,Aarav Ali,aarav.ali.5284@shopmail.test,Germany,2026-01-21,Basic,1456.23
5285,Jia Mensah,jia.mensah.5285@shopmail.test,United States,2020-05-15,Standard,1782.00
5286,Uma Sato,uma.sato.5286@shopmail.test,Singapore,2024-12-10,Premium,9831.51
5287,Chen Chen,chen.chen.5287@retail.dev,Singapore,2022-07-06,Basic,11047.10
5288,Rosa Okafor,rosa.okafor.5288@retail.dev,Australia,2021-01-14,Standard,10090.80
5289,Imani Williams,imani.williams.5289@shopmail.test,United States,2021-03-20,Standard,7271.43
5290,Hiro Novak,hiro.novak.5290@retail.dev,Singapore,2021-01-21,Standard,8880.47
5291,Elena Anderson,elena.anderson.5291@retail.dev,Australia,2020-10-10,Basic,8235.43
5292,Wei Ali,wei.ali.5292@retail.dev,Germany,2020-12-09,Basic,7288.74
5293,Elena Garcia,elena.garcia.5293@shopmail.test,Canada,2025-06-22,Standard,11940.43
5294,Omar Okafor,omar.okafor.5294@shopmail.test,Canada,2020-04-24,Standard,8567.82
5295,Aisha Lopez,aisha.lopez.5295@shopmail.test,Australia,2023-12-06,Basic,9622.16
5296,Uma Silva,uma.silva.5296@shopmail.test,Brazil,2023-09-30,Standard,11178.46
5297,Aarav Okafor,aarav.okafor.5297@shopmail.test,France,2024-04-14,Basic,105.31
5298,Chen Anderson,chen.anderson.5298@shopmail.test,India,2025-04-04,Standard,7785.19
5299,Omar Nguyen,omar.nguyen.5299@example.com,France,2025-01-17,Premium,7948.12
5300,Aarav Silva,aarav.silva.5300@example.com,United Kingdom,2024-04-17,Basic,9833.51
5301,Lucia Ivanov,lucia.ivanov.5301@example.com,United States,2025-09-30,Basic,264.11
5302,Noah Muller,noah.muller.5302@example.com,Singapore,2024-11-20,Basic,7061.93
5303,Fatima Ali,fatima.ali.5303@shopmail.test,United States,2020-01-15,Basic,830.24
5304,Aisha Khan,aisha.khan.5304@example.com,Japan,2021-07-10,Standard,4889.44
5305,Aarav Singh,aarav.singh.5305@shopmail.test,United States,2025-11-15,Standard,9883.79
5306,Amelia Sato,amelia.sato.5306@retail.dev,India,2026-08-08,Standard,8379.49
5307,Wei Kim,wei.kim.5307@retail.dev,Singapore,2021-03-06,Standard,5135.96
5308,Yara Lopez,yara.lopez.5308@shopmail.test,Germany,2023-06-07,Standard,11570.58
5309,Omar Brown,omar.brown.5309@retail.dev,United Kingdom,2026-09-01,Standard,8351.98
5310,Maya Nguyen,maya.nguyen.5310@example.com,Germany,2021-09-03,Premium,10387.22
5311,Hiro Lopez,hiro.lopez.5311@retail.dev,Brazil,2022-09-10,Basic,8758.76
5312,Tara Costa,tara.costa.5312@shopmail.test,United States,2025-12-13,Basic,7327.49
5313,Aisha Okafor,aisha.okafor.5313@shopmail.test,Japan,2024-01-01,Premium,5617.03
5314,James Okafor,james.okafor.5314@example.com,United Kingdom,2022-02-13,Standard,1469.76
5315,Keiko Okafor,keiko.okafor.5315@shopmail.test,Brazil,2022-12-09,Standard,11327.87
5316,Jia Novak,jia.novak.5316@retail.dev,Australia,2022-09-04,Standard,11819.23
5317,Omar Chen,omar.chen.5317@shopmail.test,Singapore,2023-06-11,Standard,2841.48
5318,Maya Ali,maya.ali.5318@example.com,United States,2025-04-07,Basic,2149.89
5319,Uma Garcia,uma.garcia.5319@shopmail.test,France,2022-03-30,Premium,4575.09
5320,Omar Ali,omar.ali.5320@example.com,Singapore,2021-05-19,Premium,9723.02
5321,Amelia Ali,amelia.ali.5321@example.com,Australia,2024-09-17,Basic,6912.97
5322,Elena Patel,elena.patel.5322@retail.dev,Brazil,2022-05-21,Standard,2962.66
5323,Lucia Khan,lucia.khan.5323@example.com,Japan,2020-06-11,Standard,4734.95
5324,Tara Okafor,tara.okafor.5324@shopmail.test,India,2024-03-11,Standard,3969.85
5325,James Nguyen,james.nguyen.5325@retail.dev,Brazil,2020-08-06,Premium,8114.55
5326,Fatima Okafor,fatima.okafor.5326@example.com,France,2025-08-27,Premium,2255.90
5327,Maya Ali,maya.ali.5327@shopmail.test,Germany,2022-03-17,Standard,4436.47
5328,Maya Nguyen,maya.nguyen.5328@shopmail.test,Brazil,2021-06-06,Premium,2671.81
5329,Liam Ivanov,liam.ivanov.5329@example.com,Singapore,2023-10-06,Basic,121.70
5330,Omar Sato,omar.sato.5330@retail.dev,United States,2024-12-04,Standard,9102.47
5331,Hassan Brown,hassan.brown.5331@shopmail.test,Singapore,2025-05-29,Standard,5952.01
5332,Amelia Mensah,amelia.mensah.5332@retail.dev,Canada,2023-05-16,Standard,10977.67
5333,Diego Costa,diego.costa.5333@retail.dev,United Kingdom,2023-07-31,Standard,2990.43
5334,Amelia Brown,amelia.brown.5334@example.com,Brazil,2025-07-20,Standard,10288.16
5335,Chen Patel,chen.patel.5335@example.com,France,2023-01-17,Standard,8803.55
5336,Maya Singh,maya.singh.5336@example.com,Singapore,2025-01-20,Standard,11901.94
5337,Fatima Khan,fatima.khan.5337@shopmail.test,Brazil,2022-03-28,Standard,4898.07
5338,Aarav Williams,aarav.williams.5338@retail.dev,Canada,2026-01-08,Standard,223.46
5339,Elena Ali,elena.ali.5339@retail.dev,United Kingdom,2023-01-21,Standard,1296.21
5340,Aarav Costa,aarav.costa.5340@retail.dev,Brazil,2021-08-20,Basic,9359.77
5341,Fatima Novak,fatima.novak.5341@example.com,United Kingdom,2022-03-01,Standard,10101.89
5342,Yara Anderson,yara.anderson.5342@retail.dev,Japan,2021-03-13,Basic,9601.36
5343,Wei Novak,wei.novak.5343@retail.dev,United Kingdom,2024-08-29,Standard,11258.33
5344,Diego Silva,diego.silva.5344@shopmail.test,Germany,2026-07-29,Standard,5393.37
5345,Liam Costa,liam.costa.5345@example.com,Australia,2025-08-21,Basic,953.83
5346,Quinn Okafor,quinn.okafor.5346@shopmail.test,France,2020-06-02,Basic,3612.33
5347,Aisha Garcia,aisha.garcia.5347@retail.dev,India,2024-08-14,Standard,11197.93
5348,Imani Nguyen,imani.nguyen.5348@shopmail.test,Canada,2023-05-21,Basic,4028.52
5349,James Nguyen,james.nguyen.5349@example.com,Australia,2020-01-14,Basic,11539.12
5350,Quinn Sato,quinn.sato.5350@example.com,Germany,2024-05-13,Standard,8356.80
5351,Maya Costa,maya.costa.5351@shopmail.test,Germany,2020-01-17,Standard,10324.66
5352,Priya Costa,priya.costa.5352@example.com,Singapore,2022-07-27,Standard,4611.72
5353,Yara Brown,yara.brown.5353@retail.dev,United States,2022-11-27,Standard,618.81
5354,James Patel,james.patel.5354@example.com,United States,2022-10-20,Basic,6317.74
5355,Jia Ali,jia.ali.5355@example.com,United Kingdom,2024-01-04,Premium,2298.88
5356,Fatima Garcia,fatima.garcia.5356@shopmail.test,United Kingdom,2021-12-27,Premium,2066.22
5357,Keiko Brown,keiko.brown.5357@retail.dev,Australia,2024-06-23,Premium,6187.28
5358,James Sato,james.sato.5358@shopmail.test,Canada,2020-12-17,Standard,11452.38
5359,Anika Khan,anika.khan.5359@shopmail.test,United States,2022-06-13,Standard,5231.14
5360,Arjun Williams,arjun.williams.5360@example.com,Australia,2023-10-26,Basic,7177.46
5361,Wei Ivanov,wei.ivanov.5361@retail.dev,United Kingdom,2023-08-01,Standard,5284.96
5362,Priya Singh,priya.singh.5362@retail.dev,Australia,2025-04-23,Standard,6800.69
5363,Chen Costa,chen.costa.5363@retail.dev,United Kingdom,2026-08-24,Standard,1050.59
5364,Omar Kim,omar.kim.5364@retail.dev,Canada,2023-03-05,Standard,7005.19
5365,Liam Kim,liam.kim.5365@example.com,Germany,2023-04-03,Premium,106.91
5366,Uma Williams,uma.williams.5366@retail.dev,Singapore,2024-01-22,Standard,4776.34
5367,Diego Ali,diego.ali.5367@shopmail.test,India,2021-05-10,Standard,2041.69
5368,Aarav Kim,aarav.kim.5368@shopmail.test,Canada,2021-10-26,Basic,390.58
5369,Wei Patel,wei.patel.5369@retail.dev,Canada,2021-09-15,Premium,10828.50
5370,Quinn Costa,quinn.costa.5370@retail.dev,France,2024-11-20,Standard,6050.78
5371,Imani Singh,imani.singh.5371@example.com,Brazil,2023-05-02,Standard,8300.10
5372,Chen Novak,chen.novak.5372@retail.dev,Australia,2021-05-25,Standard,4642.38
5373,Zane Novak,zane.novak.5373@shopmail.test,Singapore,2021-02-20,Basic,3763.25
5374,Anika Brown,anika.brown.5374@retail.dev,United States,2022-02-22,Basic,8638.89
5375,Wei Kim,wei.kim.5375@example.com,Germany,2021-02-06,Standard,6220.65
5376,Anika Singh,anika.singh.5376@example.com,Germany,2024-07-07,Basic,6415.10
5377,Grace Nguyen,grace.nguyen.5377@example.com,India,2026-02-02,Standard,8590.30
5378,Arjun Sato,arjun.sato.5378@example.com,Germany,2024-06-04,Standard,4731.96
5379,Sofia Nguyen,sofia.nguyen.5379@shopmail.test,India,2020-02-11,Basic,3774.79
5380,Elena Chen,elena.chen.5380@shopmail.test,Brazil,2024-10-02,Standard,496.27
5381,Imani Anderson,imani.anderson.5381@retail.dev,Germany,2023-06-27,Basic,7438.48
5382,Omar Ali,omar.ali.5382@shopmail.test,France,2026-01-01,Standard,8480.30
5383,Yara Okafor,yara.okafor.5383@shopmail.test,Brazil,2023-05-23,Premium,6480.49
5384,Viktor Silva,viktor.silva.5384@example.com,Canada,2020-11-03,Premium,7812.21
5385,Uma Patel,uma.patel.5385@example.com,Australia,2020-03-24,Standard,2643.49
5386,Viktor Garcia,viktor.garcia.5386@retail.dev,Brazil,2020-03-17,Standard,9777.15
5387,Zane Silva,zane.silva.5387@example.com,Australia,2023-03-07,Basic,9656.81
5388,Fatima Nguyen,fatima.nguyen.5388@shopmail.test,Japan,2024-11-05,Standard,10627.22
5389,Maya Khan,maya.khan.5389@shopmail.test,Germany,2026-08-28,Standard,11977.12
5390,Maya Chen,maya.chen.5390@retail.dev,United Kingdom,2023-07-30,Standard,2653.88
5391,Tara Chen,tara.chen.5391@example.com,France,2021-11-24,Basic,6147.69
5392,Omar Khan,omar.khan.5392@retail.dev,France,2021-11-12,Basic,5526.55
5393,Liam Anderson,liam.anderson.5393@example.com,Canada,2025-05-12,Basic,8857.69
5394,Chen Muller,chen.muller.5394@retail.dev,Germany,2023-12-13,Basic,5492.88
5395,Amelia Williams,amelia.williams.5395@example.com,France,2024-02-13,Standard,872.55
5396,Priya Ali,priya.ali.5396@example.com,Australia,2026-08-26,Standard,993.48
5397,Elena Costa,elena.costa.5397@shopmail.test,United States,2025-03-30,Basic,4170.52
5398,Keiko Okafor,keiko.okafor.5398@shopmail.test,Singapore,2024-03-15,Premium,6714.11
5399,Grace Ali,grace.ali.5399@shopmail.test,Japan,2024-06-24,Standard,4174.37
5400,James Ivanov,james.ivanov.5400@example.com,Australia,2021-05-28,Basic,2871.22
5401,Yara Ali,yara.ali.5401@shopmail.test,Japan,2024-01-08,Premium,9379.18
5402,Fatima Singh,fatima.singh.5402@shopmail.test,Singapore,2023-02-12,Basic,1975.53
5403,Hassan Brown,hassan.brown.5403@example.com,United States,2021-02-16,Standard,10157.14
5404,Rosa Brown,rosa.brown.5404@shopmail.test,Germany,2020-10-02,Standard,1177.80
5405,Priya Singh,priya.singh.5405@example.com,United States,2021-03-25,Basic,8455.39
5406,Noah Ivanov,noah.ivanov.5406@example.com,France,2025-08-01,Standard,1309.37
5407,Elena Lopez,elena.lopez.5407@shopmail.test,United States,2023-12-27,Basic,142.55
5408,Fatima Garcia,fatima.garcia.5408@example.com,India,2025-07-05,Standard,10597.76
5409,Elena Sato,elena.sato.5409@retail.dev,Brazil,2021-07-04,Standard,8432.20
5410,Viktor Patel,viktor.patel.5410@example.com,Germany,2022-03-24,Basic,9917.06
5411,Omar Chen,omar.chen.5411@example.com,Japan,2021-04-03,Premium,985.14
5412,Uma Novak,uma.novak.5412@shopmail.test,Brazil,2026-05-24,Basic,4255.82
5413,Rosa Brown,rosa.brown.5413@example.com,Brazil,2021-07-23,Basic,1462.06
5414,Rosa Brown,rosa.brown.5414@shopmail.test,Germany,2026-07-09,Standard,9095.10
5415,Amelia Garcia,amelia.garcia.5415@example.com,United Kingdom,2023-06-06,Standard,11448.81
5416,Wei Anderson,wei.anderson.5416@example.com,United States,2025-12-31,Standard,1964.64
5417,Uma Ivanov,uma.ivanov.5417@shopmail.test,United States,2023-10-01,Basic,6988.05
5418,Aarav Muller,aarav.muller.5418@example.com,France,2025-12-21,Premium,9618.97
5419,Grace Chen,grace.chen.5419@example.com,India,2024-03-04,Basic,8138.19
5420,Amelia Williams,amelia.williams.5420@example.com,Japan,2021-09-18,Standard,8484.40
5421,Amelia Mensah,amelia.mensah.5421@shopmail.test,United Kingdom,2020-07-05,Premium,3159.94
5422,James Chen,james.chen.5422@retail.dev,Germany,2025-04-11,Standard,7707.32
5423,Chen Garcia,chen.garcia.5423@example.com,Germany,2023-02-27,Standard,6897.96
5424,Priya Silva,priya.silva.5424@retail.dev,Brazil,2020-03-25,Standard,7739.62
5425,Fatima Khan,fatima.khan.5425@example.com,France,2022-04-19,Standard,1578.27
5426,Hiro Garcia,hiro.garcia.5426@shopmail.test,United States,2020-07-03,Basic,3548.39
5427,Amelia Anderson,amelia.anderson.5427@shopmail.test,Australia,2023-04-12,Premium,1485.46
5428,Hassan Mensah,hassan.mensah.5428@shopmail.test,India,2026-05-28,Standard,591.72
5429,Priya Silva,priya.silva.5429@retail.dev,Brazil,2022-08-08,Standard,4304.16
5430,Arjun Garcia,arjun.garcia.5430@retail.dev,Japan,2025-06-26,Standard,9378.72
5431,Tara Novak,tara.novak.5431@retail.dev,Japan,2026-04-09,Basic,6662.93
5432,Wei Mensah,wei.mensah.5432@shopmail.test,United Kingdom,2025-07-04,Standard,8833.21
5433,Diego Williams,diego.williams.5433@example.com,Singapore,2025-05-21,Standard,940.57
5434,Lucia Garcia,lucia.garcia.5434@shopmail.test,India,2025-12-23,Basic,2697.90
5435,Aisha Sato,aisha.sato.5435@shopmail.test,United Kingdom,2025-09-06,Standard,490.05
5436,Maya Sato,maya.sato.5436@retail.dev,United Kingdom,2023-07-30,Standard,6027.96
5437,Omar Mensah,omar.mensah.5437@retail.dev,United States,2022-07-03,Standard,6474.15
5438,Keiko Ali,keiko.ali.5438@example.com,Germany,2024-07-07,Basic,8741.77
5439,Omar Kim,omar.kim.5439@retail.dev,Australia,2023-11-25,Basic,9663.17
5440,Noah Khan,noah.khan.5440@retail.dev,Australia,2026-05-18,Premium,11813.90
5441,Elena Lopez,elena.lopez.5441@shopmail.test,Singapore,2021-07-28,Premium,10808.82
5442,Diego Muller,diego.muller.5442@retail.dev,Australia,2026-07-18,Standard,996.77
5443,Fatima Anderson,fatima.anderson.5443@shopmail.test,Brazil,2024-08-08,Standard,3785.31
5444,Aarav Silva,aarav.silva.5444@example.com,Australia,2020-08-11,Basic,11563.32
5445,Diego Mensah,diego.mensah.5445@retail.dev,Australia,2026-04-08,Standard,2251.29
5446,Hiro Singh,hiro.singh.5446@shopmail.test,Canada,2023-10-10,Basic,8093.39
5447,Yara Patel,yara.patel.5447@retail.dev,Singapore,2025-01-17,Basic,11022.77
5448,Priya Ivanov,priya.ivanov.5448@retail.dev,Japan,2025-02-10,Standard,11613.04
5449,Tara Ali,tara.ali.5449@example.com,United Kingdom,2021-11-05,Standard,10772.42
5450,Sofia Patel,sofia.patel.5450@retail.dev,United States,2020-06-07,Standard,1699.56
5451,Yara Sato,yara.sato.5451@shopmail.test,United Kingdom,2020-03-29,Basic,7432.14
5452,Anika Nguyen,anika.nguyen.5452@shopmail.test,Brazil,2023-04-23,Standard,8264.79
5453,Lucia Anderson,lucia.anderson.5453@retail.dev,Canada,2023-02-18,Premium,10655.49
5454,Lucia Ivanov,lucia.ivanov.5454@shopmail.test,Canada,2024-08-01,Standard,6273.75
5455,Arjun Ivanov,arjun.ivanov.5455@shopmail.test,United States,2021-05-31,Basic,3624.91
5456,Quinn Sato,quinn.sato.5456@example.com,United States,2026-04-24,Standard,5653.48
5457,Anika Williams,anika.williams.5457@example.com,India,2025-03-12,Standard,190.01
5458,Hassan Mensah,hassan.mensah.5458@example.com,United States,2020-07-11,Standard,7923.87
5459,Jia Muller,jia.muller.5459@shopmail.test,Japan,2021-07-05,Standard,4530.09
5460,Maya Novak,maya.novak.5460@retail.dev,United States,2025-05-31,Standard,3095.00
5461,Sofia Khan,sofia.khan.5461@retail.dev,United Kingdom,2020-08-21,Standard,11527.06
5462,Tara Mensah,tara.mensah.5462@retail.dev,Singapore,2024-12-16,Standard,10543.25
5463,Maya Silva,maya.silva.5463@shopmail.test,Brazil,2022-12-05,Standard,6893.98
5464,Aarav Costa,aarav.costa.5464@retail.dev,Germany,2025-11-30,Premium,11150.87
5465,Aisha Garcia,aisha.garcia.5465@example.com,India,2025-09-26,Standard,11731.72
5466,Elena Garcia,elena.garcia.5466@shopmail.test,United Kingdom,2022-12-18,Basic,8279.84
5467,Liam Kim,liam.kim.5467@shopmail.test,United States,2021-11-11,Standard,7146.26
5468,Aarav Muller,aarav.muller.5468@shopmail.test,Germany,2023-01-15,Standard,9113.18
5469,Rosa Silva,rosa.silva.5469@shopmail.test,Canada,2023-12-21,Basic,9677.63
5470,Aarav Brown,aarav.brown.5470@retail.dev,India,2022-05-10,Standard,3799.55
5471,Diego Kim,diego.kim.5471@retail.dev,United Kingdom,2020-10-26,Basic,3112.57
5472,Anika Ali,anika.ali.5472@example.com,Brazil,2020-04-20,Standard,357.52
5473,Anika Muller,anika.muller.5473@example.com,Australia,2024-07-04,Standard,2466.74
5474,Viktor Silva,viktor.silva.5474@shopmail.test,India,2021-12-24,Premium,8106.89
5475,Omar Ivanov,omar.ivanov.5475@retail.dev,Australia,2024-11-27,Standard,11356.12
5476,Uma Khan,uma.khan.5476@shopmail.test,United Kingdom,2026-04-14,Standard,1654.67
5477,Anika Ivanov,anika.ivanov.5477@retail.dev,Singapore,2021-03-21,Basic,3769.22
5478,Quinn Novak,quinn.novak.5478@retail.dev,United Kingdom,2023-06-28,Standard,1721.49
5479,Lucia Sato,lucia.sato.5479@shopmail.test,Japan,2023-09-11,Standard,5277.10
5480,Arjun Lopez,arjun.lopez.5480@shopmail.test,United States,2025-12-10,Premium,7702.84
5481,Lucia Kim,lucia.kim.5481@retail.dev,Canada,2023-01-09,Basic,6976.84
5482,Zane Patel,zane.patel.5482@shopmail.test,Japan,2022-01-19,Basic,1624.46
5483,Hiro Ali,hiro.ali.5483@retail.dev,Germany,2022-07-31,Basic,6146.33
5484,Zane Brown,zane.brown.5484@example.com,Brazil,2021-12-03,Standard,387.36
5485,Hassan Patel,hassan.patel.5485@retail.dev,Brazil,2025-07-29,Basic,6114.05
5486,Tara Khan,tara.khan.5486@shopmail.test,India,2024-01-17,Standard,9484.44
5487,Hiro Nguyen,hiro.nguyen.5487@shopmail.test,Brazil,2023-02-22,Basic,5693.50
5488,Fatima Costa,fatima.costa.5488@retail.dev,Germany,2023-01-25,Standard,3192.91
5489,Aisha Costa,aisha.costa.5489@shopmail.test,United States,2024-10-15,Standard,658.11
5490,Imani Ali,imani.ali.5490@shopmail.test,Canada,2025-12-19,Basic,11089.04
5491,Lucia Ivanov,lucia.ivanov.5491@shopmail.test,Australia,2021-05-30,Basic,8067.36
5492,Tara Khan,tara.khan.5492@retail.dev,Australia,2025-07-28,Standard,2753.74
5493,Wei Costa,wei.costa.5493@example.com,United States,2024-04-04,Premium,1230.59
5494,Wei Sato,wei.sato.5494@shopmail.test,Australia,2020-04-09,Standard,10320.01
5495,Rosa Khan,rosa.khan.5495@example.com,Singapore,2024-11-17,Premium,9074.10
5496,Uma Novak,uma.novak.5496@shopmail.test,Brazil,2022-06-30,Premium,7595.99
5497,Aarav Mensah,aarav.mensah.5497@shopmail.test,United Kingdom,2026-04-27,Premium,11427.58
5498,Quinn Okafor,quinn.okafor.5498@example.com,Germany,2023-04-30,Standard,8235.51
5499,Arjun Singh,arjun.singh.5499@retail.dev,Singapore,2020-08-28,Standard,2792.89
5500,Grace Muller,grace.muller.5500@shopmail.test,India,2025-09-13,Basic,3122.41
5501,Jia Chen,jia.chen.5501@example.com,France,2026-06-05,Standard,8236.01
5502,Amelia Okafor,amelia.okafor.5502@retail.dev,Canada,2026-08-19,Basic,6849.66
5503,Hassan Costa,hassan.costa.5503@shopmail.test,Japan,2023-12-22,Basic,4264.62
5504,Wei Kim,wei.kim.5504@example.com,Brazil,2021-12-10,Standard,2336.72
5505,Quinn Costa,quinn.costa.5505@example.com,India,2021-08-11,Standard,1299.98
5506,Viktor Silva,viktor.silva.5506@retail.dev,Germany,2023-02-20,Basic,1957.78
5507,Imani Silva,imani.silva.5507@shopmail.test,United States,2025-05-02,Standard,5553.49
5508,Sofia Sato,sofia.sato.5508@shopmail.test,Australia,2020-06-14,Standard,11078.11
5509,Anika Garcia,anika.garcia.5509@example.com,United Kingdom,2021-10-31,Standard,2796.09
5510,Zane Anderson,zane.anderson.5510@example.com,Japan,2023-12-05,Premium,1651.89
5511,Quinn Novak,quinn.novak.5511@shopmail.test,Australia,2021-10-25,Premium,9304.97
5512,Maya Singh,maya.singh.5512@retail.dev,India,2021-11-26,Basic,11186.42
5513,Jia Ivanov,jia.ivanov.5513@example.com,Singapore,2025-07-01,Standard,3293.07
5514,Diego Brown,diego.brown.5514@retail.dev,Brazil,2022-12-21,Standard,9030.30
5515,Diego Silva,diego.silva.5515@shopmail.test,Singapore,2024-12-09,Standard,2610.98
5516,Chen Garcia,chen.garcia.5516@shopmail.test,United States,2023-11-12,Premium,167.74
5517,Keiko Mensah,keiko.mensah.5517@retail.dev,Canada,2021-11-07,Premium,2344.68
5518,Zane Williams,zane.williams.5518@shopmail.test,Australia,2024-04-27,Basic,6841.78
5519,Diego Okafor,diego.okafor.5519@example.com,United Kingdom,2020-10-06,Standard,4293.77
5520,Aarav Singh,aarav.singh.5520@example.com,United Kingdom,2022-01-13,Premium,6824.34
5521,Lucia Mensah,lucia.mensah.5521@shopmail.test,United States,2022-06-28,Premium,9723.55
5522,Keiko Novak,keiko.novak.5522@example.com,United Kingdom,2022-05-08,Basic,5618.20
5523,Arjun Novak,arjun.novak.5523@shopmail.test,United Kingdom,2025-05-05,Basic,10671.83
5524,Rosa Costa,rosa.costa.5524@example.com,Brazil,2025-10-19,Standard,10727.34
5525,Priya Singh,priya.singh.5525@retail.dev,United States,2020-04-19,Standard,4958.40
5526,Aarav Novak,aarav.novak.5526@retail.dev,Brazil,2020-08-28,Standard,2094.54
5527,Amelia Nguyen,amelia.nguyen.5527@shopmail.test,Australia,2021-05-11,Standard,10147.11
5528,Chen Muller,chen.muller.5528@retail.dev,France,2026-09-08,Basic,8403.62
5529,Sofia Patel,sofia.patel.5529@shopmail.test,Singapore,2021-06-22,Standard,927.75
5530,Yara Novak,yara.novak.5530@example.com,Brazil,2025-10-14,Basic,11354.26
5531,Hiro Mensah,hiro.mensah.5531@retail.dev,Japan,2020-05-01,Standard,2379.43
5532,Lucia Patel,lucia.patel.5532@shopmail.test,United Kingdom,2024-11-12,Basic,10634.72
5533,Jia Brown,jia.brown.5533@shopmail.test,United Kingdom,2020-02-18,Standard,9548.66
5534,Zane Muller,zane.muller.5534@retail.dev,France,2020-04-08,Premium,6171.01
5535,Keiko Singh,keiko.singh.5535@shopmail.test,Japan,2025-10-13,Basic,5828.02
5536,Hassan Anderson,hassan.anderson.5536@shopmail.test,Australia,2026-08-04,Standard,9042.86
5537,Aisha Costa,aisha.costa.5537@shopmail.test,Singapore,2024-11-27,Standard,2996.09
5538,Grace Lopez,grace.lopez.5538@shopmail.test,United Kingdom,2021-06-08,Standard,6032.92
5539,Lucia Kim,lucia.kim.5539@shopmail.test,Germany,2023-03-25,Basic,1633.64
5540,Omar Chen,omar.chen.5540@example.com,Canada,2023-01-12,Basic,3904.33
5541,Yara Lopez,yara.lopez.5541@shopmail.test,Germany,2021-08-21,Premium,10523.98
5542,Yara Costa,yara.costa.5542@example.com,France,2022-04-04,Basic,10853.42
5543,Tara Lopez,tara.lopez.5543@retail.dev,Japan,2025-01-13,Standard,426.31
5544,Priya Ivanov,priya.ivanov.5544@retail.dev,Australia,2026-04-27,Standard,10011.58
5545,Lucia Brown,lucia.brown.5545@example.com,United States,2025-01-02,Standard,927.63
5546,Imani Ivanov,imani.ivanov.5546@shopmail.test,United Kingdom,2025-02-17,Standard,11740.59
5547,Liam Mensah,liam.mensah.5547@retail.dev,Australia,2022-08-25,Standard,5413.95
5548,Diego Mensah,diego.mensah.5548@shopmail.test,Singapore,2025-04-20,Premium,11605.01
5549,Diego Kim,diego.kim.5549@retail.dev,Singapore,2024-11-01,Basic,4292.58
5550,Liam Silva,liam.silva.5550@shopmail.test,Japan,2022-11-25,Basic,11839.13
5551,Aarav Sato,aarav.sato.5551@retail.dev,Singapore,2024-12-08,Premium,495.35
5552,Diego Lopez,diego.lopez.5552@shopmail.test,Australia,2023-11-12,Premium,6119.81
5553,Imani Ali,imani.ali.5553@retail.dev,India,2021-12-31,Basic,10801.72
5554,Sofia Patel,sofia.patel.5554@example.com,Brazil,2022-06-22,Standard,11383.88
5555,Zane Khan,zane.khan.5555@shopmail.test,France,2023-11-03,Basic,1435.77
5556,Wei Okafor,wei.okafor.5556@example.com,United States,2022-01-26,Basic,1872.73
5557,Aarav Chen,aarav.chen.5557@retail.dev,Australia,2023-10-30,Standard,6083.72
5558,Tara Ali,tara.ali.5558@shopmail.test,India,2021-04-16,Standard,1723.79
5559,Hassan Lopez,hassan.lopez.5559@retail.dev,United States,2024-04-08,Premium,6974.50
5560,Wei Brown,wei.brown.5560@retail.dev,Singapore,2025-07-04,Basic,2573.97
5561,Aisha Khan,aisha.khan.5561@example.com,Germany,2020-05-06,Standard,10922.74
5562,Uma Lopez,uma.lopez.5562@retail.dev,Australia,2023-10-17,Standard,1521.99
5563,James Chen,james.chen.5563@shopmail.test,Brazil,2022-12-29,Standard,8163.85
5564,Uma Anderson,uma.anderson.5564@example.com,Brazil,2025-08-03,Basic,5128.63
5565,Fatima Lopez,fatima.lopez.5565@example.com,Brazil,2021-02-10,Basic,9451.47
5566,Aisha Patel,aisha.patel.5566@retail.dev,Brazil,2023-02-11,Basic,975.15
5567,Grace Costa,grace.costa.5567@retail.dev,France,2022-03-17,Standard,5266.25
5568,Elena Williams,elena.williams.5568@shopmail.test,Brazil,2025-02-20,Standard,10502.96
5569,Quinn Okafor,quinn.okafor.5569@shopmail.test,Australia,2023-05-18,Basic,8875.16
5570,Uma Williams,uma.williams.5570@shopmail.test,Japan,2024-11-25,Standard,6294.19
5571,Rosa Okafor,rosa.okafor.5571@retail.dev,Australia,2023-06-13,Premium,2064.82
5572,Wei Muller,wei.muller.5572@retail.dev,Japan,2020-09-17,Standard,8716.37
5573,Liam Okafor,liam.okafor.5573@retail.dev,Singapore,2021-12-10,Standard,8512.90
5574,Chen Garcia,chen.garcia.5574@retail.dev,Singapore,2021-10-21,Premium,8572.24
5575,Uma Williams,uma.williams.5575@example.com,United States,2021-10-14,Premium,6769.16
5576,Jia Kim,jia.kim.5576@retail.dev,United States,2022-05-16,Basic,1684.88
5577,Grace Sato,grace.sato.5577@shopmail.test,Brazil,2025-09-25,Standard,9372.28
5578,Yara Okafor,yara.okafor.5578@shopmail.test,United Kingdom,2020-10-18,Standard,9935.85
5579,Rosa Mensah,rosa.mensah.5579@shopmail.test,Japan,2024-04-04,Standard,3577.99
5580,Maya Muller,maya.muller.5580@retail.dev,Canada,2026-06-20,Premium,1207.30
5581,Hiro Mensah,hiro.mensah.5581@retail.dev,Brazil,2024-06-29,Standard,9448.25
5582,Sofia Lopez,sofia.lopez.5582@shopmail.test,France,2024-03-05,Basic,8641.93
5583,Viktor Sato,viktor.sato.5583@shopmail.test,India,2025-05-22,Basic,586.26
5584,Aarav Williams,aarav.williams.5584@shopmail.test,Canada,2023-11-01,Basic,1697.65
5585,Hassan Brown,hassan.brown.5585@shopmail.test,Singapore,2022-01-27,Premium,4380.99
5586,Noah Chen,noah.chen.5586@retail.dev,Japan,2025-10-28,Standard,1633.96
5587,Keiko Silva,keiko.silva.5587@example.com,India,2025-04-01,Standard,8891.30
5588,Aarav Ivanov,aarav.ivanov.5588@retail.dev,United States,2020-11-11,Standard,6659.28
5589,James Novak,james.novak.5589@retail.dev,Germany,2021-11-28,Standard,6446.11
5590,Omar Williams,omar.williams.5590@example.com,France,2024-11-03,Basic,3325.66
5591,Tara Okafor,tara.okafor.5591@shopmail.test,Germany,2021-07-26,Standard,10333.56
5592,Maya Patel,maya.patel.5592@shopmail.test,Germany,2022-10-03,Standard,10403.98
5593,Aisha Khan,aisha.khan.5593@retail.dev,Germany,2020-12-30,Standard,2299.27
5594,Elena Anderson,elena.anderson.5594@retail.dev,Canada,2020-11-19,Premium,1366.66
5595,Priya Anderson,priya.anderson.5595@shopmail.test,Australia,2024-06-28,Standard,6033.67
5596,Liam Okafor,liam.okafor.5596@shopmail.test,India,2023-08-02,Standard,8365.94
5597,Maya Lopez,maya.lopez.5597@shopmail.test,Singapore,2021-03-03,Standard,3335.85
5598,Jia Sato,jia.sato.5598@example.com,Australia,2023-11-20,Standard,11445.54
5599,Amelia Mensah,amelia.mensah.5599@retail.dev,Brazil,2026-05-31,Basic,2416.63
5600,Quinn Garcia,quinn.garcia.5600@shopmail.test,Singapore,2022-09-16,Standard,11627.33
5601,James Muller,james.muller.5601@retail.dev,Australia,2022-04-12,Basic,6522.74
5602,Quinn Chen,quinn.chen.5602@retail.dev,Japan,2024-11-26,Standard,842.79
5603,Yara Silva,yara.silva.5603@example.com,United Kingdom,2023-09-01,Basic,4660.22
5604,Noah Novak,noah.novak.5604@retail.dev,France,2026-07-16,Basic,9304.59
5605,Arjun Sato,arjun.sato.5605@shopmail.test,France,2024-10-05,Basic,3695.56
5606,Quinn Nguyen,quinn.nguyen.5606@retail.dev,Japan,2026-08-21,Standard,9625.45
5607,Grace Silva,grace.silva.5607@example.com,Brazil,2024-11-02,Standard,4358.60
5608,Zane Ali,zane.ali.5608@retail.dev,Singapore,2025-02-17,Standard,5789.60
5609,Wei Patel,wei.patel.5609@retail.dev,Brazil,2021-01-05,Basic,72.00
5610,Uma Garcia,uma.garcia.5610@shopmail.test,India,2020-08-26,Standard,11961.78
5611,Uma Anderson,uma.anderson.5611@example.com,United Kingdom,2022-02-08,Standard,7933.39
5612,Yara Silva,yara.silva.5612@retail.dev,United Kingdom,2021-05-23,Basic,9624.78
5613,Maya Patel,maya.patel.5613@shopmail.test,India,2023-01-27,Basic,8778.84
5614,Uma Costa,uma.costa.5614@example.com,United Kingdom,2023-01-13,Standard,2214.89
5615,Imani Brown,imani.brown.5615@example.com,Singapore,2024-10-06,Standard,7595.23
5616,Diego Singh,diego.singh.5616@retail.dev,India,2020-05-29,Standard,3473.19
5617,Imani Silva,imani.silva.5617@shopmail.test,United States,2023-08-16,Standard,6473.06
5618,Elena Patel,elena.patel.5618@retail.dev,Japan,2025-07-18,Standard,11334.19
5619,Uma Costa,uma.costa.5619@example.com,India,2020-09-25,Standard,10730.27
5620,Wei Costa,wei.costa.5620@shopmail.test,United States,2025-12-07,Standard,9042.46
5621,Keiko Sato,keiko.sato.5621@retail.dev,Germany,2024-02-20,Premium,11458.29
5622,Rosa Muller,rosa.muller.5622@retail.dev,Singapore,2022-01-24,Standard,10263.25
5623,Noah Mensah,noah.mensah.5623@shopmail.test,Germany,2020-04-10,Premium,3256.21
5624,Amelia Anderson,amelia.anderson.5624@retail.dev,India,2020-02-19,Standard,1176.91
5625,Elena Brown,elena.brown.5625@shopmail.test,Brazil,2022-09-16,Basic,1572.39
5626,Omar Muller,omar.muller.5626@shopmail.test,France,2025-06-28,Standard,4134.19
5627,Amelia Mensah,amelia.mensah.5627@example.com,Australia,2021-06-05,Standard,5722.89
5628,Hassan Costa,hassan.costa.5628@example.com,India,2026-04-02,Basic,3475.00
5629,Yara Lopez,yara.lopez.5629@retail.dev,Germany,2024-07-22,Standard,4091.54
5630,Maya Khan,maya.khan.5630@shopmail.test,India,2026-06-21,Basic,1552.25
5631,Jia Patel,jia.patel.5631@retail.dev,United Kingdom,2021-07-22,Basic,4165.31
5632,Diego Sato,diego.sato.5632@shopmail.test,India,2022-06-30,Standard,6843.49
5633,Keiko Novak,keiko.novak.5633@shopmail.test,Japan,2026-01-19,Basic,7737.31
5634,Chen Costa,chen.costa.5634@retail.dev,United Kingdom,2025-01-02,Standard,2602.24
5635,Uma Silva,uma.silva.5635@retail.dev,Singapore,2020-06-26,Standard,11029.53
5636,Anika Silva,anika.silva.5636@retail.dev,Australia,2024-12-13,Standard,2927.98
5637,Hassan Mensah,hassan.mensah.5637@example.com,United Kingdom,2020-12-24,Basic,9629.44
5638,James Nguyen,james.nguyen.5638@shopmail.test,Australia,2021-12-27,Premium,11115.51
5639,Noah Garcia,noah.garcia.5639@shopmail.test,Germany,2020-07-06,Premium,3331.37
5640,Imani Sato,imani.sato.5640@example.com,India,2022-06-02,Standard,3498.96
5641,Rosa Ali,rosa.ali.5641@example.com,United States,2024-09-09,Standard,3053.27
5642,Omar Patel,omar.patel.5642@shopmail.test,France,2025-03-13,Standard,2002.67
5643,Quinn Williams,quinn.williams.5643@example.com,Japan,2022-09-05,Standard,5555.24
5644,Wei Mensah,wei.mensah.5644@example.com,Singapore,2026-02-11,Standard,5801.79
5645,Yara Khan,yara.khan.5645@example.com,United States,2022-02-10,Standard,4481.29
5646,Aisha Ali,aisha.ali.5646@example.com,India,2020-06-26,Basic,7995.58
5647,Hassan Williams,hassan.williams.5647@shopmail.test,Australia,2024-10-03,Standard,5723.24
5648,Grace Lopez,grace.lopez.5648@example.com,Japan,2024-02-23,Standard,1469.13
5649,Priya Costa,priya.costa.5649@shopmail.test,France,2025-03-09,Standard,2914.92
5650,Omar Khan,omar.khan.5650@shopmail.test,Australia,2022-06-21,Standard,3462.33
5651,Omar Ivanov,omar.ivanov.5651@example.com,Australia,2025-12-04,Standard,9872.20
5652,Grace Ivanov,grace.ivanov.5652@shopmail.test,Germany,2022-04-02,Standard,5599.83
5653,Hassan Garcia,hassan.garcia.5653@shopmail.test,France,2025-10-09,Standard,9456.61
5654,Maya Lopez,maya.lopez.5654@retail.dev,France,2024-01-10,Basic,6806.68
5655,Hassan Ivanov,hassan.ivanov.5655@example.com,Germany,2020-02-21,Premium,11145.10
5656,Jia Brown,jia.brown.5656@retail.dev,Canada,2021-09-20,Standard,10120.02
5657,Liam Sato,liam.sato.5657@example.com,India,2021-07-26,Premium,6778.35
5658,Hassan Garcia,hassan.garcia.5658@retail.dev,Australia,2022-12-23,Standard,5772.49
5659,Uma Khan,uma.khan.5659@shopmail.test,France,2025-01-30,Standard,2777.48
5660,Aisha Sato,aisha.sato.5660@shopmail.test,Germany,2020-10-14,Standard,11230.17
5661,Aisha Nguyen,aisha.nguyen.5661@shopmail.test,India,2025-04-16,Premium,952.80
5662,Chen Ali,chen.ali.5662@example.com,Australia,2026-04-10,Premium,218.29
5663,Omar Silva,omar.silva.5663@retail.dev,India,2023-06-29,Basic,8062.30
5664,Chen Novak,chen.novak.5664@retail.dev,Canada,2024-02-21,Premium,8602.68
5665,Maya Lopez,maya.lopez.5665@shopmail.test,Singapore,2021-06-29,Standard,331.29
5666,Tara Brown,tara.brown.5666@shopmail.test,Japan,2022-03-22,Standard,11055.74
5667,Yara Khan,yara.khan.5667@retail.dev,Singapore,2023-04-19,Basic,4849.42
5668,Aarav Patel,aarav.patel.5668@shopmail.test,France,2024-11-30,Standard,3745.68
5669,Imani Lopez,imani.lopez.5669@retail.dev,United States,2023-06-18,Standard,2683.22
5670,Priya Ali,priya.ali.5670@example.com,Australia,2023-06-20,Standard,4916.48
5671,Wei Anderson,wei.anderson.5671@shopmail.test,France,2025-12-08,Standard,6961.89
5672,Chen Ali,chen.ali.5672@retail.dev,India,2025-05-06,Basic,4539.62
5673,Diego Silva,diego.silva.5673@shopmail.test,Germany,2023-09-03,Standard,9780.05
5674,Omar Costa,omar.costa.5674@retail.dev,India,2024-08-18,Basic,9844.95
5675,Keiko Patel,keiko.patel.5675@retail.dev,Germany,2023-01-12,Standard,2329.43
5676,Fatima Sato,fatima.sato.5676@shopmail.test,United Kingdom,2024-10-29,Standard,1286.63
5677,Yara Costa,yara.costa.5677@shopmail.test,Japan,2024-05-01,Premium,602.16
5678,Imani Nguyen,imani.nguyen.5678@retail.dev,Japan,2025-08-18,Basic,4648.71
5679,Quinn Williams,quinn.williams.5679@example.com,Canada,2025-04-12,Basic,7402.49
5680,Fatima Novak,fatima.novak.5680@retail.dev,Singapore,2022-11-09,Basic,9053.09
5681,Hiro Garcia,hiro.garcia.5681@shopmail.test,France,2025-10-31,Basic,7468.46
5682,Tara Garcia,tara.garcia.5682@retail.dev,Japan,2022-07-29,Standard,3295.05
5683,Elena Muller,elena.muller.5683@example.com,France,2021-02-19,Standard,6544.85
5684,Maya Khan,maya.khan.5684@example.com,Germany,2023-01-02,Standard,7037.76
5685,Keiko Okafor,keiko.okafor.5685@example.com,United Kingdom,2022-10-11,Standard,7328.81
5686,Sofia Nguyen,sofia.nguyen.5686@shopmail.test,Germany,2021-10-17,Basic,357.94
5687,Anika Williams,anika.williams.5687@example.com,Germany,2024-02-12,Standard,95.70
5688,Maya Kim,maya.kim.5688@example.com,Germany,2024-01-30,Standard,901.52
5689,Uma Lopez,uma.lopez.5689@example.com,Singapore,2022-06-07,Standard,3510.79
5690,Lucia Nguyen,lucia.nguyen.5690@example.com,United Kingdom,2020-11-21,Standard,569.88
5691,Lucia Novak,lucia.novak.5691@example.com,India,2024-10-12,Standard,443.70
5692,Noah Singh,noah.singh.5692@example.com,Brazil,2020-03-15,Basic,11384.25
5693,Keiko Brown,keiko.brown.5693@example.com,United States,2024-06-21,Basic,8377.42
5694,Quinn Anderson,quinn.anderson.5694@retail.dev,United Kingdom,2021-03-06,Standard,7675.28
5695,Zane Mensah,zane.mensah.5695@example.com,India,2024-03-20,Basic,10118.67
5696,Zane Costa,zane.costa.5696@example.com,Japan,2023-06-19,Standard,3104.71
5697,Yara Okafor,yara.okafor.5697@shopmail.test,Brazil,2021-04-10,Standard,895.95
5698,Grace Ivanov,grace.ivanov.5698@example.com,Japan,2021-04-17,Premium,11717.02
5699,Jia Anderson,jia.anderson.5699@example.com,United States,2021-06-30,Standard,6408.14
5700,Viktor Sato,viktor.sato.5700@retail.dev,Japan,2020-08-06,Premium,2868.05
5701,Aarav Chen,aarav.chen.5701@retail.dev,United Kingdom,2022-04-07,Standard,8567.92
5702,Chen Khan,chen.khan.5702@example.com,United States,2021-11-18,Premium,8001.14
5703,Hiro Novak,hiro.novak.5703@retail.dev,Germany,2022-05-29,Standard,8382.28
5704,Arjun Singh,arjun.singh.5704@shopmail.test,India,2022-02-04,Basic,4627.96
5705,Omar Patel,omar.patel.5705@shopmail.test,Brazil,2021-11-02,Premium,1362.65
5706,Maya Singh,maya.singh.5706@retail.dev,Germany,2023-04-03,Standard,11455.95
5707,Chen Lopez,chen.lopez.5707@example.com,France,2025-07-16,Standard,1240.63
5708,Jia Williams,jia.williams.5708@shopmail.test,Japan,2021-03-29,Premium,5210.25
5709,James Silva,james.silva.5709@example.com,Japan,2020-01-29,Standard,1172.81
5710,Imani Sato,imani.sato.5710@example.com,India,2021-11-24,Standard,2825.50
5711,Chen Patel,chen.patel.5711@shopmail.test,Germany,2026-06-06,Standard,5812.85
5712,Omar Anderson,omar.anderson.5712@example.com,United Kingdom,2023-03-04,Basic,167.81
5713,Noah Williams,noah.williams.5713@shopmail.test,United States,2023-02-25,Basic,751.27
5714,Jia Brown,jia.brown.5714@shopmail.test,India,2023-08-02,Premium,3132.01
5715,Lucia Costa,lucia.costa.5715@example.com,Brazil,2024-08-18,Basic,5372.81
5716,Liam Sato,liam.sato.5716@retail.dev,United States,2024-11-21,Standard,5918.35
5717,Lucia Muller,lucia.muller.5717@retail.dev,Canada,2020-04-07,Standard,4727.62
5718,Uma Patel,uma.patel.5718@shopmail.test,United States,2023-10-23,Basic,2806.70
5719,Amelia Okafor,amelia.okafor.5719@retail.dev,Brazil,2021-10-31,Standard,5468.39
5720,Elena Silva,elena.silva.5720@retail.dev,Japan,2026-02-24,Standard,333.94
5721,Yara Muller,yara.muller.5721@example.com,United Kingdom,2021-06-18,Premium,1317.58
5722,Uma Khan,uma.khan.5722@shopmail.test,Japan,2022-11-13,Premium,10747.31
5723,Aarav Garcia,aarav.garcia.5723@shopmail.test,United States,2026-09-09,Premium,377.91
5724,Imani Brown,imani.brown.5724@retail.dev,Canada,2020-09-20,Premium,5642.04
5725,Viktor Okafor,viktor.okafor.5725@retail.dev,France,2020-11-14,Basic,5544.14
5726,Fatima Chen,fatima.chen.5726@retail.dev,France,2023-12-11,Basic,10297.24
5727,Yara Williams,yara.williams.5727@retail.dev,United Kingdom,2026-03-27,Standard,2363.03
5728,Chen Sato,chen.sato.5728@example.com,Canada,2020-08-17,Standard,7931.43
5729,Omar Costa,omar.costa.5729@retail.dev,Japan,2026-02-02,Standard,11281.90
5730,Anika Ali,anika.ali.5730@shopmail.test,Australia,2020-09-12,Basic,1220.09
5731,Quinn Ivanov,quinn.ivanov.5731@shopmail.test,France,2025-08-09,Basic,4840.35
5732,Wei Garcia,wei.garcia.5732@retail.dev,France,2026-07-21,Basic,1572.72
5733,Rosa Anderson,rosa.anderson.5733@example.com,Brazil,2021-01-29,Standard,6829.73
5734,James Costa,james.costa.5734@shopmail.test,United States,2023-09-18,Premium,10796.47
5735,Arjun Silva,arjun.silva.5735@shopmail.test,Germany,2022-04-22,Standard,3037.70
5736,Grace Mensah,grace.mensah.5736@retail.dev,India,2025-08-29,Basic,5299.12
5737,Hassan Khan,hassan.khan.5737@retail.dev,Singapore,2021-09-01,Premium,11010.94
5738,Omar Nguyen,omar.nguyen.5738@shopmail.test,Germany,2025-12-19,Standard,6779.24
5739,Hiro Williams,hiro.williams.5739@example.com,Singapore,2025-08-05,Standard,5516.49
5740,Noah Khan,noah.khan.5740@shopmail.test,United States,2022-05-30,Standard,4089.92
5741,Chen Sato,chen.sato.5741@retail.dev,Japan,2020-05-02,Basic,7358.57
5742,Imani Ivanov,imani.ivanov.5742@shopmail.test,France,2022-03-11,Basic,9603.92
5743,Grace Chen,grace.chen.5743@example.com,Singapore,2023-03-17,Standard,8136.02
5744,Lucia Muller,lucia.muller.5744@retail.dev,Australia,2023-07-31,Basic,4729.96
5745,Arjun Muller,arjun.muller.5745@retail.dev,Brazil,2020-11-13,Standard,6645.46
5746,Imani Nguyen,imani.nguyen.5746@example.com,Germany,2021-09-29,Standard,4018.55
5747,Viktor Costa,viktor.costa.5747@example.com,United Kingdom,2020-01-13,Basic,7578.46
5748,James Ivanov,james.ivanov.5748@example.com,Canada,2022-03-07,Standard,9360.04
5749,Quinn Silva,quinn.silva.5749@shopmail.test,Australia,2021-01-11,Standard,8284.32
5750,Chen Ivanov,chen.ivanov.5750@retail.dev,Japan,2022-05-17,Standard,9601.54
5751,James Nguyen,james.nguyen.5751@shopmail.test,Canada,2022-06-08,Standard,5525.96
5752,Fatima Singh,fatima.singh.5752@retail.dev,Canada,2024-01-27,Basic,1428.39
5753,Diego Sato,diego.sato.5753@example.com,Brazil,2023-04-04,Basic,1031.53
5754,Hassan Sato,hassan.sato.5754@shopmail.test,Brazil,2026-06-16,Standard,11899.73
5755,Omar Costa,omar.costa.5755@retail.dev,Japan,2021-11-13,Basic,995.61
5756,Quinn Costa,quinn.costa.5756@shopmail.test,Germany,2022-01-05,Basic,9225.10
5757,Liam Kim,liam.kim.5757@example.com,France,2024-02-12,Premium,7497.88
5758,Fatima Okafor,fatima.okafor.5758@shopmail.test,India,2021-12-12,Basic,7936.01
5759,Maya Novak,maya.novak.5759@shopmail.test,Germany,2025-08-14,Basic,2103.02
5760,Hassan Khan,hassan.khan.5760@retail.dev,Singapore,2025-12-03,Basic,4511.52
5761,Tara Kim,tara.kim.5761@shopmail.test,Australia,2024-01-15,Standard,50.15
5762,Tara Kim,tara.kim.5762@example.com,Japan,2022-12-05,Standard,11327.84
5763,Elena Sato,elena.sato.5763@retail.dev,Germany,2025-05-20,Basic,2149.63
5764,Aisha Brown,aisha.brown.5764@shopmail.test,Australia,2025-03-21,Basic,6703.52
5765,Rosa Khan,rosa.khan.5765@example.com,Canada,2020-11-08,Premium,6050.49
5766,Imani Costa,imani.costa.5766@retail.dev,France,2022-09-04,Basic,6432.50
5767,Zane Nguyen,zane.nguyen.5767@retail.dev,United Kingdom,2023-06-17,Standard,593.16
5768,Yara Sato,yara.sato.5768@retail.dev,Singapore,2024-08-29,Premium,5063.10
5769,Imani Kim,imani.kim.5769@retail.dev,France,2020-04-18,Standard,10382.40
5770,Elena Mensah,elena.mensah.5770@example.com,United Kingdom,2023-06-21,Standard,10574.40
5771,Liam Okafor,liam.okafor.5771@example.com,Canada,2020-05-31,Standard,132.23
5772,Jia Garcia,jia.garcia.5772@example.com,Australia,2023-12-04,Standard,1250.94
5773,Aarav Silva,aarav.silva.5773@shopmail.test,United States,2022-02-21,Premium,553.10
5774,Chen Okafor,chen.okafor.5774@retail.dev,France,2021-11-07,Standard,9740.98
5775,Tara Williams,tara.williams.5775@example.com,United States,2022-07-18,Standard,1376.02
5776,Lucia Lopez,lucia.lopez.5776@retail.dev,Canada,2020-11-23,Standard,8431.64
5777,Arjun Singh,arjun.singh.5777@shopmail.test,Singapore,2020-05-30,Basic,7431.26
5778,Noah Mensah,noah.mensah.5778@example.com,United Kingdom,2025-08-31,Basic,1988.02
5779,Grace Garcia,grace.garcia.5779@shopmail.test,United States,2023-02-13,Basic,1658.57
5780,Omar Okafor,omar.okafor.5780@retail.dev,Japan,2022-07-01,Basic,2055.72
5781,Yara Ivanov,yara.ivanov.5781@shopmail.test,India,2020-10-04,Basic,4263.73
5782,Liam Brown,liam.brown.5782@shopmail.test,France,2023-01-24,Standard,3900.93
5783,Diego Okafor,diego.okafor.5783@shopmail.test,Australia,2025-08-25,Standard,2774.72
5784,Keiko Okafor,keiko.okafor.5784@retail.dev,Japan,2026-06-12,Standard,9854.02
5785,Viktor Khan,viktor.khan.5785@shopmail.test,United Kingdom,2024-05-16,Standard,215.03
5786,Aisha Singh,aisha.singh.5786@retail.dev,Japan,2026-07-30,Standard,3289.32
5787,Anika Brown,anika.brown.5787@example.com,Singapore,2020-01-19,Basic,9812.26
5788,Aisha Muller,aisha.muller.5788@example.com,India,2023-10-28,Basic,5217.97
5789,Liam Singh,liam.singh.5789@shopmail.test,France,2026-03-09,Standard,7437.19
5790,Quinn Anderson,quinn.anderson.5790@shopmail.test,France,2024-09-12,Standard,3704.37
5791,Aarav Okafor,aarav.okafor.5791@example.com,United States,2023-08-30,Basic,9571.45
5792,Amelia Williams,amelia.williams.5792@example.com,France,2023-04-06,Premium,2003.21
5793,Grace Costa,grace.costa.5793@example.com,Canada,2021-03-01,Standard,10520.48
5794,Hiro Ali,hiro.ali.5794@retail.dev,Germany,2023-04-16,Premium,4204.75
5795,Hassan Lopez,hassan.lopez.5795@shopmail.test,Germany,2024-03-09,Standard,1910.79
5796,Keiko Mensah,keiko.mensah.5796@retail.dev,France,2026-08-16,Standard,9879.91
5797,Yara Singh,yara.singh.5797@shopmail.test,Japan,2023-08-14,Standard,2701.52
5798,Tara Singh,tara.singh.5798@shopmail.test,Japan,2021-09-25,Standard,2066.30
5799,Uma Costa,uma.costa.5799@retail.dev,United States,2024-09-13,Standard,7121.10
5800,Amelia Okafor,amelia.okafor.5800@shopmail.test,Singapore,2023-08-22,Basic,10228.90
5801,Sofia Nguyen,sofia.nguyen.5801@shopmail.test,Australia,2023-01-26,Standard,9135.40
5802,Wei Nguyen,wei.nguyen.5802@shopmail.test,Singapore,2022-05-06,Basic,4783.97
5803,Zane Ali,zane.ali.5803@retail.dev,Japan,2020-08-04,Premium,9843.69
5804,Hassan Sato,hassan.sato.5804@shopmail.test,United Kingdom,2020-06-04,Standard,729.73
5805,Hassan Ali,hassan.ali.5805@shopmail.test,Singapore,2020-12-02,Basic,3412.35
5806,Rosa Brown,rosa.brown.5806@retail.dev,Japan,2025-04-08,Basic,2675.98
5807,Hassan Garcia,hassan.garcia.5807@shopmail.test,France,2022-04-06,Standard,7309.05
5808,Quinn Muller,quinn.muller.5808@example.com,Canada,2023-09-28,Standard,3429.73
5809,Arjun Ivanov,arjun.ivanov.5809@shopmail.test,India,2021-11-17,Premium,738.12
5810,Aarav Lopez,aarav.lopez.5810@example.com,United Kingdom,2022-10-04,Standard,10624.60
5811,Liam Novak,liam.novak.5811@example.com,Japan,2025-08-02,Standard,2286.54
5812,Chen Lopez,chen.lopez.5812@example.com,Germany,2023-12-01,Basic,10719.89
5813,Quinn Williams,quinn.williams.5813@retail.dev,United Kingdom,2020-06-17,Standard,8549.98
5814,Keiko Garcia,keiko.garcia.5814@retail.dev,Germany,2024-04-24,Premium,2961.38
5815,Aisha Williams,aisha.williams.5815@retail.dev,Canada,2024-03-10,Standard,1064.88
5816,Elena Ivanov,elena.ivanov.5816@example.com,Singapore,2024-10-26,Premium,2189.29
5817,Yara Khan,yara.khan.5817@retail.dev,United States,2020-12-23,Standard,10929.36
5818,Rosa Nguyen,rosa.nguyen.5818@shopmail.test,Brazil,2020-09-30,Premium,2902.54
5819,Rosa Ivanov,rosa.ivanov.5819@shopmail.test,Germany,2025-08-04,Basic,9402.89
5820,Viktor Ivanov,viktor.ivanov.5820@shopmail.test,Australia,2023-11-02,Basic,5487.28
5821,Hiro Costa,hiro.costa.5821@shopmail.test,Japan,2023-09-17,Standard,721.62
5822,Anika Novak,anika.novak.5822@example.com,Australia,2023-09-17,Basic,8357.32
5823,Sofia Kim,sofia.kim.5823@retail.dev,Germany,2021-03-17,Basic,1698.03
5824,Maya Brown,maya.brown.5824@retail.dev,Singapore,2024-03-01,Standard,9875.46
5825,Rosa Silva,rosa.silva.5825@example.com,Germany,2022-02-26,Standard,2283.39
5826,Hiro Garcia,hiro.garcia.5826@shopmail.test,United States,2023-06-29,Basic,6252.26
5827,Jia Anderson,jia.anderson.5827@example.com,France,2021-08-09,Standard,232.93
5828,Aarav Lopez,aarav.lopez.5828@retail.dev,United Kingdom,2024-12-07,Standard,1295.83
5829,Rosa Costa,rosa.costa.5829@example.com,United Kingdom,2023-06-06,Basic,5743.21
5830,Yara Ivanov,yara.ivanov.5830@shopmail.test,India,2023-03-16,Standard,2955.08
5831,Jia Ali,jia.ali.5831@shopmail.test,United States,2025-01-31,Standard,2111.82
5832,James Ali,james.ali.5832@shopmail.test,India,2023-09-02,Basic,11020.76
5833,Priya Patel,priya.patel.5833@shopmail.test,Japan,2021-10-07,Standard,9576.34
5834,Noah Khan,noah.khan.5834@shopmail.test,Japan,2025-02-02,Standard,1362.09
5835,Chen Chen,chen.chen.5835@retail.dev,United Kingdom,2022-12-19,Standard,9203.96
5836,Maya Ali,maya.ali.5836@example.com,France,2023-05-14,Basic,4314.88
5837,Priya Brown,priya.brown.5837@retail.dev,Canada,2026-07-13,Premium,8489.76
5838,Hassan Lopez,hassan.lopez.5838@shopmail.test,India,2023-04-15,Basic,5204.89
5839,Elena Ali,elena.ali.5839@shopmail.test,India,2020-01-25,Premium,893.79
5840,Grace Silva,grace.silva.5840@shopmail.test,Canada,2025-11-25,Standard,6471.68
5841,Keiko Anderson,keiko.anderson.5841@shopmail.test,Singapore,2020-10-10,Standard,5652.36
5842,Priya Singh,priya.singh.5842@shopmail.test,Brazil,2020-07-03,Premium,8226.15
5843,Zane Patel,zane.patel.5843@retail.dev,Australia,2022-07-24,Standard,1740.45
5844,Wei Patel,wei.patel.5844@example.com,Canada,2021-06-09,Basic,8379.70
5845,Priya Garcia,priya.garcia.5845@retail.dev,Brazil,2025-03-05,Standard,8540.25
5846,Elena Sato,elena.sato.5846@shopmail.test,United Kingdom,2024-09-30,Premium,2997.08
5847,Elena Costa,elena.costa.5847@example.com,United Kingdom,2020-02-21,Basic,7059.18
5848,Imani Sato,imani.sato.5848@shopmail.test,Australia,2023-12-04,Standard,10120.30
5849,Grace Nguyen,grace.nguyen.5849@example.com,India,2025-08-21,Basic,8008.01
5850,Sofia Chen,sofia.chen.5850@shopmail.test,United Kingdom,2024-06-24,Standard,10791.88
5851,Zane Singh,zane.singh.5851@retail.dev,Japan,2020-08-01,Standard,10617.03
5852,Amelia Singh,amelia.singh.5852@shopmail.test,Australia,2024-01-08,Basic,1339.99
5853,Uma Ivanov,uma.ivanov.5853@retail.dev,Singapore,2024-09-01,Premium,5070.88
5854,Wei Costa,wei.costa.5854@retail.dev,Germany,2020-06-25,Standard,5061.42
5855,Imani Sato,imani.sato.5855@shopmail.test,Australia,2024-07-26,Standard,4116.08
5856,Anika Ivanov,anika.ivanov.5856@example.com,Singapore,2021-04-22,Basic,884.22
5857,Hassan Ivanov,hassan.ivanov.5857@shopmail.test,United Kingdom,2022-02-08,Standard,3148.07
5858,Liam Silva,liam.silva.5858@retail.dev,India,2024-03-08,Standard,4863.99
5859,Amelia Silva,amelia.silva.5859@retail.dev,Canada,2024-10-25,Basic,5426.32
5860,Lucia Lopez,lucia.lopez.5860@shopmail.test,Singapore,2026-07-02,Standard,3667.47
5861,Sofia Williams,sofia.williams.5861@shopmail.test,Germany,2024-07-30,Basic,1046.16
5862,Aisha Singh,aisha.singh.5862@retail.dev,Germany,2021-10-25,Standard,635.13
5863,Imani Ali,imani.ali.5863@retail.dev,United Kingdom,2022-01-20,Standard,4186.85
5864,James Sato,james.sato.5864@example.com,Brazil,2021-06-29,Standard,11296.96
5865,Grace Lopez,grace.lopez.5865@example.com,Brazil,2026-07-29,Basic,9199.66
5866,Imani Khan,imani.khan.5866@retail.dev,France,2021-03-18,Basic,1108.46
5867,Elena Mensah,elena.mensah.5867@shopmail.test,Germany,2020-03-10,Basic,4369.78
5868,Tara Lopez,tara.lopez.5868@example.com,United States,2020-01-19,Standard,1820.12
5869,James Khan,james.khan.5869@retail.dev,Australia,2023-11-27,Standard,2492.87
5870,Keiko Mensah,keiko.mensah.5870@example.com,Singapore,2024-03-10,Standard,8783.64
5871,Liam Costa,liam.costa.5871@example.com,United States,2020-09-22,Premium,3593.17
5872,Diego Nguyen,diego.nguyen.5872@example.com,Canada,2025-04-04,Standard,2635.57
5873,Sofia Williams,sofia.williams.5873@retail.dev,France,2021-12-14,Basic,3672.66
5874,Diego Brown,diego.brown.5874@shopmail.test,France,2021-06-05,Standard,2770.49
5875,Amelia Kim,amelia.kim.5875@example.com,Germany,2026-03-30,Standard,9039.73
5876,Uma Chen,uma.chen.5876@retail.dev,Singapore,2020-01-14,Standard,5165.48
5877,Hassan Williams,hassan.williams.5877@retail.dev,Australia,2024-08-18,Basic,7944.26
5878,Diego Garcia,diego.garcia.5878@retail.dev,United Kingdom,2021-02-25,Premium,11163.16
5879,Jia Okafor,jia.okafor.5879@shopmail.test,France,2020-05-02,Basic,2528.95
5880,Imani Lopez,imani.lopez.5880@retail.dev,Canada,2022-07-25,Standard,8647.50
5881,Keiko Nguyen,keiko.nguyen.5881@shopmail.test,Australia,2025-09-08,Premium,2974.00
5882,Maya Williams,maya.williams.5882@retail.dev,Brazil,2023-02-20,Standard,2330.12
5883,Noah Patel,noah.patel.5883@example.com,Germany,2021-12-09,Standard,7224.58
5884,Keiko Singh,keiko.singh.5884@retail.dev,United Kingdom,2022-06-14,Standard,8269.73
5885,Priya Khan,priya.khan.5885@example.com,Brazil,2021-09-28,Basic,8882.18
5886,Zane Brown,zane.brown.5886@retail.dev,Australia,2024-08-25,Standard,1200.27
5887,Aisha Muller,aisha.muller.5887@retail.dev,United States,2020-08-11,Standard,6028.37
5888,Jia Garcia,jia.garcia.5888@shopmail.test,India,2021-05-30,Basic,9280.10
5889,Grace Novak,grace.novak.5889@retail.dev,Australia,2023-04-11,Basic,7253.50
5890,Chen Novak,chen.novak.5890@example.com,United States,2025-08-31,Standard,6045.85
5891,Yara Garcia,yara.garcia.5891@shopmail.test,Brazil,2023-09-05,Premium,7055.54
5892,James Sato,james.sato.5892@example.com,France,2026-06-10,Premium,4814.51
5893,Viktor Singh,viktor.singh.5893@retail.dev,India,2024-12-09,Standard,4172.89
5894,Zane Silva,zane.silva.5894@shopmail.test,Canada,2024-05-03,Premium,6820.77
5895,Quinn Ali,quinn.ali.5895@retail.dev,Canada,2020-04-07,Basic,11484.97
5896,Lucia Sato,lucia.sato.5896@retail.dev,Canada,2026-07-05,Basic,2296.80
5897,Rosa Brown,rosa.brown.5897@shopmail.test,France,2025-02-19,Standard,9710.23
5898,Amelia Muller,amelia.muller.5898@retail.dev,Australia,2026-01-30,Standard,5257.23
5899,Aarav Patel,aarav.patel.5899@retail.dev,Australia,2026-07-14,Basic,8376.84
5900,Rosa Lopez,rosa.lopez.5900@example.com,Singapore,2024-12-21,Standard,1721.22
5901,Quinn Singh,quinn.singh.5901@example.com,United Kingdom,2026-08-18,Basic,4618.89
5902,Maya Costa,maya.costa.5902@shopmail.test,France,2020-12-22,Standard,5529.60
5903,Anika Chen,anika.chen.5903@retail.dev,Japan,2023-09-02,Standard,4931.91
5904,Keiko Chen,keiko.chen.5904@example.com,India,2020-06-19,Basic,5274.13
5905,Aarav Muller,aarav.muller.5905@example.com,India,2022-05-29,Standard,6600.86
5906,Aarav Ali,aarav.ali.5906@example.com,Brazil,2024-10-14,Standard,5733.91
5907,Chen Anderson,chen.anderson.5907@shopmail.test,Japan,2022-03-27,Standard,2701.95
5908,Elena Lopez,elena.lopez.5908@retail.dev,United Kingdom,2024-01-21,Standard,36.51
5909,Maya Anderson,maya.anderson.5909@shopmail.test,Canada,2023-11-24,Standard,10288.96
5910,Uma Khan,uma.khan.5910@shopmail.test,Canada,2026-08-09,Standard,5752.84
5911,Imani Mensah,imani.mensah.5911@shopmail.test,Singapore,2022-04-04,Standard,933.84
5912,Aarav Ali,aarav.ali.5912@retail.dev,Japan,2023-10-31,Standard,5122.84
5913,Keiko Muller,keiko.muller.5913@retail.dev,France,2020-07-24,Basic,6221.87
5914,Lucia Kim,lucia.kim.5914@example.com,India,2020-08-26,Basic,3982.93
5915,Zane Ali,zane.ali.5915@example.com,Australia,2021-12-22,Standard,10589.32
5916,Fatima Okafor,fatima.okafor.5916@retail.dev,Australia,2025-09-13,Basic,8244.89
5917,Liam Patel,liam.patel.5917@shopmail.test,France,2023-06-06,Premium,1110.22
5918,Anika Brown,anika.brown.5918@example.com,United Kingdom,2025-03-27,Basic,180.63
5919,Yara Ali,yara.ali.5919@shopmail.test,Germany,2020-08-15,Basic,11104.47
5920,Liam Williams,liam.williams.5920@retail.dev,Germany,2023-08-04,Standard,5306.31
5921,Omar Costa,omar.costa.5921@retail.dev,Germany,2025-07-25,Standard,10138.48
5922,Uma Ali,uma.ali.5922@example.com,United Kingdom,2020-05-12,Standard,3333.63
5923,Maya Williams,maya.williams.5923@example.com,Japan,2023-07-26,Basic,4551.11
5924,Elena Silva,elena.silva.5924@shopmail.test,India,2021-03-23,Standard,183.94
5925,Yara Chen,yara.chen.5925@shopmail.test,United Kingdom,2022-11-02,Standard,8523.98
5926,Anika Garcia,anika.garcia.5926@shopmail.test,Singapore,2026-07-15,Standard,2375.92
5927,Grace Anderson,grace.anderson.5927@shopmail.test,United Kingdom,2026-06-24,Standard,7950.43
5928,Uma Nguyen,uma.nguyen.5928@retail.dev,Singapore,2023-07-08,Standard,7466.84
5929,Aisha Muller,aisha.muller.5929@shopmail.test,France,2021-07-25,Standard,6518.34
5930,Jia Lopez,jia.lopez.5930@example.com,Japan,2024-10-28,Premium,7602.26
5931,Maya Brown,maya.brown.5931@shopmail.test,United States,2020-10-17,Basic,9378.67
5932,Omar Khan,omar.khan.5932@retail.dev,Germany,2026-04-29,Standard,11685.94
5933,Lucia Mensah,lucia.mensah.5933@example.com,United States,2023-03-20,Standard,8404.16
5934,Liam Kim,liam.kim.5934@retail.dev,Singapore,2025-09-22,Standard,2884.85
5935,Priya Khan,priya.khan.5935@shopmail.test,Germany,2025-01-07,Basic,2184.82
5936,Liam Nguyen,liam.nguyen.5936@shopmail.test,Japan,2020-01-19,Standard,4195.30
5937,Amelia Chen,amelia.chen.5937@example.com,United Kingdom,2023-08-27,Premium,2698.57
5938,Uma Okafor,uma.okafor.5938@shopmail.test,France,2025-09-17,Standard,4109.91
5939,Uma Mensah,uma.mensah.5939@retail.dev,Japan,2025-07-13,Premium,1660.73
5940,Lucia Novak,lucia.novak.5940@example.com,India,2021-07-06,Basic,10498.00
5941,Liam Mensah,liam.mensah.5941@shopmail.test,Japan,2023-08-02,Basic,3256.05
5942,Noah Nguyen,noah.nguyen.5942@shopmail.test,United States,2022-09-02,Standard,179.95
5943,Imani Mensah,imani.mensah.5943@retail.dev,India,2025-06-25,Standard,1351.40
5944,Fatima Novak,fatima.novak.5944@shopmail.test,Australia,2025-04-17,Standard,2120.23
5945,Sofia Mensah,sofia.mensah.5945@retail.dev,France,2020-09-19,Standard,4873.38
5946,Keiko Sato,keiko.sato.5946@shopmail.test,Germany,2024-01-28,Premium,8947.58
5947,Jia Singh,jia.singh.5947@shopmail.test,Japan,2021-12-28,Standard,8637.13
5948,Lucia Silva,lucia.silva.5948@retail.dev,Singapore,2023-08-16,Premium,5045.65
5949,Zane Patel,zane.patel.5949@example.com,United Kingdom,2021-04-05,Basic,4399.47
5950,Uma Kim,uma.kim.5950@example.com,Germany,2023-07-12,Basic,5728.97
5951,Lucia Singh,lucia.singh.5951@retail.dev,France,2020-11-01,Standard,5148.20
5952,Keiko Patel,keiko.patel.5952@retail.dev,United States,2024-02-17,Premium,4979.15
5953,Noah Chen,noah.chen.5953@example.com,Singapore,2022-04-08,Standard,2533.99
5954,Elena Sato,elena.sato.5954@shopmail.test,Australia,2024-11-12,Standard,749.88
5955,Liam Ivanov,liam.ivanov.5955@retail.dev,Australia,2020-07-30,Standard,7516.62
5956,Imani Khan,imani.khan.5956@retail.dev,India,2022-09-14,Basic,9334.67
5957,Elena Costa,elena.costa.5957@shopmail.test,United States,2024-01-12,Premium,9237.45
5958,Hassan Garcia,hassan.garcia.5958@retail.dev,Brazil,2023-07-21,Basic,10488.63
5959,Viktor Williams,viktor.williams.5959@example.com,Germany,2021-06-30,Standard,6436.59
5960,Tara Nguyen,tara.nguyen.5960@example.com,Brazil,2023-01-08,Basic,8874.35
5961,Amelia Lopez,amelia.lopez.5961@shopmail.test,India,2021-03-26,Standard,8975.61
5962,Quinn Williams,quinn.williams.5962@retail.dev,Canada,2024-03-27,Standard,5565.75
5963,Keiko Ivanov,keiko.ivanov.5963@retail.dev,Brazil,2022-01-06,Basic,11971.94
5964,Aarav Khan,aarav.khan.5964@shopmail.test,Japan,2026-03-29,Standard,11923.08
5965,Sofia Mensah,sofia.mensah.5965@example.com,United Kingdom,2022-01-29,Standard,1174.39
5966,Tara Novak,tara.novak.5966@shopmail.test,United Kingdom,2021-09-26,Standard,6873.64
5967,Sofia Nguyen,sofia.nguyen.5967@example.com,France,2022-07-02,Premium,9050.17
5968,Chen Singh,chen.singh.5968@retail.dev,United Kingdom,2022-09-12,Standard,3027.20
5969,Yara Williams,yara.williams.5969@example.com,Japan,2024-01-16,Standard,4432.48
5970,Noah Nguyen,noah.nguyen.5970@example.com,United Kingdom,2023-07-27,Standard,6369.80
5971,Fatima Anderson,fatima.anderson.5971@example.com,United States,2020-07-28,Basic,4182.20
5972,Diego Nguyen,diego.nguyen.5972@shopmail.test,Canada,2025-08-30,Standard,5711.25
5973,Viktor Novak,viktor.novak.5973@retail.dev,France,2020-02-07,Standard,5375.16
5974,Hiro Mensah,hiro.mensah.5974@retail.dev,France,2021-02-14,Standard,9523.64
5975,Omar Silva,omar.silva.5975@shopmail.test,United States,2021-01-13,Standard,9359.04
5976,Liam Ivanov,liam.ivanov.5976@retail.dev,Australia,2021-12-08,Basic,4908.20
5977,Imani Costa,imani.costa.5977@retail.dev,Japan,2022-05-11,Standard,4654.55
5978,Uma Chen,uma.chen.5978@shopmail.test,Japan,2021-12-17,Standard,6930.02
5979,Jia Nguyen,jia.nguyen.5979@shopmail.test,France,2025-11-02,Standard,7821.53
5980,Jia Khan,jia.khan.5980@example.com,United States,2024-05-28,Standard,4774.59
5981,Viktor Chen,viktor.chen.5981@example.com,France,2023-04-17,Standard,1259.96
5982,Zane Silva,zane.silva.5982@example.com,France,2025-10-06,Basic,2846.51
5983,Grace Novak,grace.novak.5983@retail.dev,Brazil,2020-07-20,Standard,9724.05
5984,Grace Ali,grace.ali.5984@example.com,Canada,2020-11-26,Standard,5211.46
5985,Viktor Muller,viktor.muller.5985@retail.dev,United Kingdom,2020-05-21,Standard,1162.83
5986,Imani Ivanov,imani.ivanov.5986@example.com,Japan,2022-08-20,Basic,5192.61
5987,Fatima Singh,fatima.singh.5987@example.com,Japan,2023-07-27,Standard,3499.00
5988,Omar Brown,omar.brown.5988@shopmail.test,India,2025-02-01,Standard,11119.03
5989,Chen Ali,chen.ali.5989@retail.dev,United States,2023-12-12,Premium,10054.48
5990,Liam Costa,liam.costa.5990@retail.dev,France,2025-11-28,Standard,460.71
5991,Rosa Patel,rosa.patel.5991@example.com,Canada,2020-09-03,Standard,4688.86
5992,James Ali,james.ali.5992@retail.dev,Australia,2020-03-13,Standard,5320.32
5993,Diego Williams,diego.williams.5993@example.com,Canada,2021-03-09,Basic,8635.69
5994,Fatima Garcia,fatima.garcia.5994@retail.dev,Japan,2020-04-07,Standard,7527.18
5995,Grace Brown,grace.brown.5995@example.com,United Kingdom,2025-04-11,Basic,2669.67
5996,James Singh,james.singh.5996@shopmail.test,India,2020-08-17,Basic,10936.32
5997,Wei Khan,wei.khan.5997@retail.dev,Canada,2025-11-19,Standard,4174.88
5998,Viktor Anderson,viktor.anderson.5998@example.com,Brazil,2025-03-02,Premium,835.37
5999,Sofia Nguyen,sofia.nguyen.5999@retail.dev,United States,2025-10-13,Standard,2047.95
6000,Hiro Anderson,hiro.anderson.6000@retail.dev,Australia,2024-10-09,Standard,1154.07
6001,Elena Muller,elena.muller.6001@example.com,Canada,2022-03-26,Basic,6007.90
6002,Jia Ali,jia.ali.6002@example.com,India,2023-07-21,Standard,8833.12
6003,Maya Chen,maya.chen.6003@example.com,India,2021-11-10,Standard,9107.28
6004,Aarav Nguyen,aarav.nguyen.6004@example.com,Australia,2025-09-10,Basic,10808.09
6005,Tara Nguyen,tara.nguyen.6005@retail.dev,Australia,2020-07-13,Standard,10317.82
6006,Arjun Kim,arjun.kim.6006@example.com,India,2024-12-09,Basic,6581.83
6007,James Novak,james.novak.6007@shopmail.test,United States,2024-10-27,Standard,11579.20
6008,Keiko Muller,keiko.muller.6008@example.com,Germany,2021-07-10,Standard,11018.51
6009,Wei Novak,wei.novak.6009@retail.dev,India,2023-04-24,Standard,2983.60
6010,Hiro Patel,hiro.patel.6010@example.com,Germany,2021-11-20,Standard,7214.24
6011,Lucia Muller,lucia.muller.6011@retail.dev,Germany,2025-09-02,Basic,3565.86
6012,Keiko Lopez,keiko.lopez.6012@retail.dev,Canada,2023-12-24,Standard,7163.59
6013,Arjun Chen,arjun.chen.6013@example.com,United States,2023-12-30,Basic,254.41
6014,Liam Ivanov,liam.ivanov.6014@shopmail.test,Germany,2022-11-09,Basic,3467.60
6015,Uma Silva,uma.silva.6015@example.com,Australia,2026-08-16,Standard,6196.22
6016,Aisha Sato,aisha.sato.6016@shopmail.test,Singapore,2025-09-24,Basic,7937.97
6017,Aarav Brown,aarav.brown.6017@shopmail.test,Brazil,2021-04-27,Standard,10937.88
6018,Chen Kim,chen.kim.6018@shopmail.test,Canada,2020-08-31,Standard,5812.55
6019,Keiko Ali,keiko.ali.6019@shopmail.test,United Kingdom,2022-08-06,Standard,8309.48
6020,Keiko Sato,keiko.sato.6020@shopmail.test,France,2020-02-10,Premium,8527.55
6021,Liam Williams,liam.williams.6021@shopmail.test,Brazil,2023-02-08,Basic,6371.24
6022,Sofia Khan,sofia.khan.6022@shopmail.test,France,2025-05-15,Standard,3355.68
6023,Imani Anderson,imani.anderson.6023@retail.dev,United States,2024-12-17,Premium,4740.25
6024,Sofia Costa,sofia.costa.6024@retail.dev,United Kingdom,2025-04-08,Standard,1797.06
6025,Lucia Anderson,lucia.anderson.6025@retail.dev,India,2022-03-01,Standard,7140.69
6026,Hiro Silva,hiro.silva.6026@shopmail.test,United States,2025-12-25,Standard,7037.92
6027,Grace Khan,grace.khan.6027@shopmail.test,United States,2026-07-07,Standard,4396.06
6028,Arjun Lopez,arjun.lopez.6028@example.com,France,2023-09-07,Standard,5307.85
6029,James Chen,james.chen.6029@example.com,United Kingdom,2023-04-01,Basic,11225.47
6030,James Khan,james.khan.6030@shopmail.test,India,2024-06-27,Standard,857.23
6031,Fatima Chen,fatima.chen.6031@shopmail.test,Canada,2020-10-01,Standard,2948.15
6032,Chen Novak,chen.novak.6032@example.com,Germany,2025-10-11,Standard,7368.99
6033,Zane Novak,zane.novak.6033@retail.dev,France,2024-01-05,Standard,4416.17
6034,Aisha Williams,aisha.williams.6034@retail.dev,Japan,2026-01-09,Basic,2278.77
6035,Uma Mensah,uma.mensah.6035@example.com,United Kingdom,2022-08-27,Standard,10384.29
6036,Fatima Novak,fatima.novak.6036@shopmail.test,Canada,2025-06-25,Basic,3672.35
6037,Rosa Okafor,rosa.okafor.6037@shopmail.test,United States,2022-04-06,Standard,7859.09
6038,Fatima Ali,fatima.ali.6038@retail.dev,United Kingdom,2020-06-12,Standard,5018.71
6039,Noah Costa,noah.costa.6039@shopmail.test,Singapore,2024-02-02,Basic,4687.58
6040,Keiko Mensah,keiko.mensah.6040@example.com,Germany,2022-08-12,Standard,1151.76
6041,Sofia Sato,sofia.sato.6041@shopmail.test,Japan,2020-03-27,Standard,2486.99
6042,Wei Ali,wei.ali.6042@retail.dev,United States,2021-01-30,Basic,6238.69
6043,Grace Kim,grace.kim.6043@retail.dev,Canada,2025-07-28,Basic,3782.41
6044,Wei Khan,wei.khan.6044@example.com,United Kingdom,2020-05-09,Standard,8568.08
6045,Wei Williams,wei.williams.6045@example.com,France,2025-09-04,Standard,5460.73
6046,Zane Ali,zane.ali.6046@shopmail.test,India,2026-08-06,Premium,3860.29
6047,Elena Ivanov,elena.ivanov.6047@example.com,Canada,2022-10-09,Standard,864.98
6048,Lucia Brown,lucia.brown.6048@shopmail.test,Brazil,2024-12-05,Basic,11008.46
6049,Yara Kim,yara.kim.6049@retail.dev,India,2021-08-18,Standard,9715.37
6050,Lucia Garcia,lucia.garcia.6050@retail.dev,United Kingdom,2026-03-16,Basic,10096.17
6051,Chen Okafor,chen.okafor.6051@retail.dev,Australia,2026-04-21,Standard,10178.19
6052,Yara Nguyen,yara.nguyen.6052@example.com,Singapore,2022-11-23,Standard,8093.40
6053,Wei Lopez,wei.lopez.6053@retail.dev,Australia,2020-04-15,Standard,3524.14
6054,Priya Chen,priya.chen.6054@retail.dev,Germany,2023-10-03,Basic,2339.78
6055,Aisha Sato,aisha.sato.6055@example.com,Japan,2022-05-28,Standard,5010.52
6056,Hassan Singh,hassan.singh.6056@shopmail.test,United Kingdom,2026-05-05,Standard,5940.88
6057,James Novak,james.novak.6057@example.com,Canada,2022-11-12,Standard,8527.09
6058,Rosa Costa,rosa.costa.6058@shopmail.test,United States,2020-01-10,Premium,8962.49
6059,Tara Mensah,tara.mensah.6059@example.com,United States,2024-02-22,Standard,1809.24
6060,Rosa Ivanov,rosa.ivanov.6060@retail.dev,Brazil,2023-07-03,Basic,508.19
6061,Chen Ali,chen.ali.6061@retail.dev,Japan,2024-08-10,Standard,1956.91
6062,Liam Brown,liam.brown.6062@retail.dev,Canada,2023-06-05,Standard,11089.07
6063,Fatima Ali,fatima.ali.6063@example.com,Australia,2025-06-11,Standard,8896.70
6064,Anika Novak,anika.novak.6064@shopmail.test,Australia,2025-05-21,Standard,9754.06
6065,Fatima Mensah,fatima.mensah.6065@retail.dev,Germany,2024-02-09,Standard,10033.85
6066,Zane Okafor,zane.okafor.6066@shopmail.test,Germany,2020-10-01,Basic,10078.10
6067,Maya Silva,maya.silva.6067@shopmail.test,Brazil,2023-12-23,Standard,7091.34
6068,Jia Kim,jia.kim.6068@example.com,United Kingdom,2026-04-05,Standard,8583.72
6069,Keiko Costa,keiko.costa.6069@example.com,Australia,2022-07-08,Basic,3104.79
6070,Imani Patel,imani.patel.6070@example.com,France,2020-07-10,Standard,2431.71
6071,Priya Lopez,priya.lopez.6071@example.com,Brazil,2025-07-17,Standard,1793.22
6072,Anika Silva,anika.silva.6072@retail.dev,Brazil,2025-01-08,Standard,8486.83
6073,Anika Mensah,anika.mensah.6073@example.com,France,2024-10-27,Standard,11490.88
6074,Viktor Costa,viktor.costa.6074@retail.dev,Singapore,2021-12-31,Basic,5515.77
6075,Yara Anderson,yara.anderson.6075@example.com,Brazil,2023-04-19,Standard,6584.40
6076,Yara Ivanov,yara.ivanov.6076@example.com,Brazil,2025-03-06,Standard,11196.75
6077,Aisha Silva,aisha.silva.6077@shopmail.test,Germany,2023-11-25,Standard,11410.29
6078,Maya Garcia,maya.garcia.6078@shopmail.test,Brazil,2023-07-28,Standard,11947.45
6079,Arjun Brown,arjun.brown.6079@shopmail.test,Japan,2024-09-10,Premium,3411.05
6080,Chen Patel,chen.patel.6080@retail.dev,United Kingdom,2022-04-16,Standard,281.77
6081,Hassan Singh,hassan.singh.6081@example.com,Germany,2020-05-14,Standard,2237.78
6082,Fatima Anderson,fatima.anderson.6082@example.com,United States,2025-04-14,Standard,10385.02
6083,Uma Ivanov,uma.ivanov.6083@shopmail.test,Canada,2024-04-21,Standard,4886.19
6084,Omar Anderson,omar.anderson.6084@shopmail.test,India,2023-08-21,Standard,7628.23
6085,Omar Kim,omar.kim.6085@shopmail.test,Germany,2024-08-14,Basic,3348.55
6086,Quinn Nguyen,quinn.nguyen.6086@shopmail.test,Japan,2025-08-12,Basic,10964.01
6087,Priya Anderson,priya.anderson.6087@retail.dev,United States,2024-02-06,Standard,836.69
6088,Zane Brown,zane.brown.6088@shopmail.test,Brazil,2025-01-29,Standard,1411.04
6089,Viktor Chen,viktor.chen.6089@shopmail.test,India,2026-04-13,Standard,4298.85
6090,James Kim,james.kim.6090@retail.dev,Australia,2023-07-15,Premium,5299.60
6091,Priya Singh,priya.singh.6091@example.com,Singapore,2025-07-31,Premium,11569.14
6092,Zane Singh,zane.singh.6092@shopmail.test,Canada,2020-05-27,Standard,6390.94
6093,Amelia Silva,amelia.silva.6093@retail.dev,Japan,2022-02-21,Standard,8091.72
6094,Maya Ivanov,maya.ivanov.6094@shopmail.test,Singapore,2021-12-10,Basic,3832.62
6095,Arjun Lopez,arjun.lopez.6095@shopmail.test,India,2022-10-06,Standard,323.84
6096,Hassan Singh,hassan.singh.6096@retail.dev,Brazil,2020-09-14,Standard,5803.76
6097,Quinn Singh,quinn.singh.6097@retail.dev,Canada,2020-11-05,Basic,2429.05
6098,Maya Brown,maya.brown.6098@shopmail.test,Germany,2022-06-11,Premium,11751.61
6099,Fatima Sato,fatima.sato.6099@example.com,Singapore,2023-10-01,Standard,263.23
6100,Keiko Ivanov,keiko.ivanov.6100@shopmail.test,United Kingdom,2021-10-15,Premium,11256.56
6101,Imani Sato,imani.sato.6101@retail.dev,France,2024-03-22,Premium,1805.65
6102,Sofia Brown,sofia.brown.6102@retail.dev,Canada,2022-10-13,Standard,1715.12
6103,Wei Mensah,wei.mensah.6103@example.com,United Kingdom,2020-06-09,Basic,6132.94
6104,Fatima Williams,fatima.williams.6104@example.com,Singapore,2021-03-18,Standard,8653.48
6105,Lucia Chen,lucia.chen.6105@retail.dev,Canada,2023-01-21,Premium,10084.85
6106,Elena Mensah,elena.mensah.6106@retail.dev,United Kingdom,2023-05-22,Standard,9177.60
6107,Tara Silva,tara.silva.6107@retail.dev,Germany,2024-07-03,Standard,5863.21
6108,Aarav Anderson,aarav.anderson.6108@retail.dev,Singapore,2025-11-04,Basic,3900.48
6109,Noah Anderson,noah.anderson.6109@retail.dev,United States,2023-09-12,Basic,10911.21
6110,Lucia Kim,lucia.kim.6110@retail.dev,United States,2023-01-01,Premium,2619.15
6111,Hassan Patel,hassan.patel.6111@retail.dev,United States,2026-03-14,Basic,1369.86
6112,Hassan Lopez,hassan.lopez.6112@retail.dev,France,2022-06-25,Standard,7707.83
6113,Tara Ali,tara.ali.6113@example.com,Germany,2026-08-14,Premium,2232.92
6114,Amelia Kim,amelia.kim.6114@shopmail.test,United States,2024-08-10,Basic,6831.54
6115,Wei Silva,wei.silva.6115@shopmail.test,France,2020-11-03,Standard,11473.22
6116,Zane Mensah,zane.mensah.6116@example.com,India,2024-09-24,Basic,1751.64
6117,Quinn Singh,quinn.singh.6117@example.com,United States,2026-05-07,Standard,2302.00
6118,Jia Sato,jia.sato.6118@shopmail.test,Singapore,2025-09-16,Basic,9406.47
6119,Wei Brown,wei.brown.6119@retail.dev,India,2020-11-02,Basic,4680.79
6120,Aarav Muller,aarav.muller.6120@retail.dev,France,2022-07-06,Premium,10125.06
6121,Hiro Ivanov,hiro.ivanov.6121@example.com,France,2023-12-20,Standard,10820.54
6122,Imani Singh,imani.singh.6122@retail.dev,United Kingdom,2025-07-04,Basic,11030.23
6123,Diego Anderson,diego.anderson.6123@example.com,Canada,2023-03-15,Basic,7492.87
6124,Elena Williams,elena.williams.6124@retail.dev,United Kingdom,2026-05-22,Standard,4768.21
6125,Imani Sato,imani.sato.6125@retail.dev,Singapore,2023-12-11,Premium,4642.79
6126,Wei Brown,wei.brown.6126@example.com,Germany,2022-02-17,Basic,1583.95
6127,Aarav Okafor,aarav.okafor.6127@retail.dev,Brazil,2021-08-28,Basic,10722.81
6128,Imani Sato,imani.sato.6128@example.com,Singapore,2021-01-20,Basic,4973.32
6129,Hiro Singh,hiro.singh.6129@example.com,Japan,2025-06-30,Standard,6540.45
6130,Rosa Anderson,rosa.anderson.6130@example.com,Canada,2023-08-15,Basic,2420.93
6131,Wei Patel,wei.patel.6131@shopmail.test,India,2025-10-23,Standard,3273.76
6132,Priya Okafor,priya.okafor.6132@retail.dev,United Kingdom,2025-10-10,Standard,6786.07
6133,Maya Nguyen,maya.nguyen.6133@shopmail.test,Singapore,2020-03-03,Standard,4612.31
6134,Diego Nguyen,diego.nguyen.6134@example.com,Brazil,2024-02-26,Standard,7184.88
6135,James Nguyen,james.nguyen.6135@example.com,India,2021-07-22,Standard,6478.00
6136,Keiko Brown,keiko.brown.6136@example.com,Singapore,2022-08-02,Basic,1495.12
6137,Rosa Novak,rosa.novak.6137@shopmail.test,Japan,2023-11-11,Basic,7626.50
6138,Uma Patel,uma.patel.6138@example.com,Japan,2021-10-21,Basic,9406.51
6139,Aarav Garcia,aarav.garcia.6139@example.com,France,2025-02-04,Standard,8143.38
6140,Arjun Ali,arjun.ali.6140@example.com,France,2023-04-28,Standard,10972.23
6141,Priya Ali,priya.ali.6141@shopmail.test,Germany,2023-03-18,Standard,2697.94
6142,Fatima Kim,fatima.kim.6142@example.com,Germany,2023-02-28,Standard,7464.89
6143,Chen Muller,chen.muller.6143@retail.dev,France,2021-05-21,Basic,5188.42
6144,Zane Mensah,zane.mensah.6144@shopmail.test,Brazil,2026-06-05,Standard,10664.02
6145,Zane Sato,zane.sato.6145@example.com,United Kingdom,2025-04-11,Standard,7626.13
6146,Amelia Patel,amelia.patel.6146@shopmail.test,Germany,2023-04-24,Premium,2784.77
6147,Rosa Mensah,rosa.mensah.6147@example.com,Japan,2026-04-03,Standard,238.68
6148,Jia Okafor,jia.okafor.6148@retail.dev,Germany,2025-05-02,Basic,9041.40
6149,Diego Costa,diego.costa.6149@example.com,Singapore,2021-08-06,Premium,2560.63
6150,Arjun Silva,arjun.silva.6150@shopmail.test,Brazil,2022-12-16,Premium,10623.74
6151,Jia Nguyen,jia.nguyen.6151@retail.dev,Australia,2025-02-10,Standard,4361.29
6152,Aisha Nguyen,aisha.nguyen.6152@shopmail.test,India,2021-03-12,Standard,6265.96
6153,Amelia Kim,amelia.kim.6153@example.com,Germany,2023-02-28,Standard,5197.91
6154,Quinn Lopez,quinn.lopez.6154@shopmail.test,Japan,2022-02-15,Standard,6999.67
6155,Keiko Chen,keiko.chen.6155@example.com,Canada,2025-09-01,Basic,2136.74
6156,Jia Brown,jia.brown.6156@retail.dev,Japan,2026-08-04,Basic,2977.84
6157,Tara Novak,tara.novak.6157@shopmail.test,Singapore,2023-06-28,Standard,5710.78
6158,Quinn Muller,quinn.muller.6158@example.com,United States,2026-08-12,Standard,4100.49
6159,Arjun Brown,arjun.brown.6159@retail.dev,Brazil,2023-06-25,Standard,10229.78
6160,Maya Costa,maya.costa.6160@shopmail.test,Japan,2024-08-12,Basic,5355.14
6161,Priya Garcia,priya.garcia.6161@shopmail.test,Germany,2025-10-30,Basic,6844.84
6162,Quinn Ivanov,quinn.ivanov.6162@shopmail.test,Singapore,2020-11-17,Basic,10440.00
6163,Quinn Costa,quinn.costa.6163@retail.dev,United Kingdom,2023-09-05,Basic,7039.66
6164,Anika Chen,anika.chen.6164@retail.dev,Australia,2023-10-05,Basic,2095.68
6165,Zane Patel,zane.patel.6165@shopmail.test,Brazil,2020-12-23,Standard,5541.00
6166,Maya Ivanov,maya.ivanov.6166@retail.dev,France,2021-07-17,Standard,2380.51
6167,Wei Singh,wei.singh.6167@retail.dev,Brazil,2023-04-11,Basic,6763.63
6168,Priya Mensah,priya.mensah.6168@retail.dev,India,2026-05-24,Premium,5757.32
6169,Tara Silva,tara.silva.6169@example.com,United States,2020-03-24,Premium,8624.23
6170,Tara Anderson,tara.anderson.6170@shopmail.test,France,2021-02-03,Basic,2155.42
6171,Noah Patel,noah.patel.6171@shopmail.test,Australia,2024-06-06,Standard,1052.53
6172,Maya Brown,maya.brown.6172@example.com,Singapore,2021-03-17,Standard,7002.73
6173,Quinn Lopez,quinn.lopez.6173@retail.dev,United States,2024-12-28,Premium,8375.00
6174,Priya Williams,priya.williams.6174@shopmail.test,Japan,2020-02-02,Premium,3200.40
6175,Quinn Okafor,quinn.okafor.6175@shopmail.test,Canada,2022-01-21,Standard,7916.02
6176,Wei Ali,wei.ali.6176@example.com,Singapore,2024-06-02,Standard,8452.65
6177,Grace Williams,grace.williams.6177@shopmail.test,United Kingdom,2022-03-23,Basic,11399.46
6178,Jia Kim,jia.kim.6178@example.com,India,2026-07-29,Standard,8921.73
6179,Omar Khan,omar.khan.6179@shopmail.test,Germany,2022-11-14,Standard,11317.51
6180,Zane Ivanov,zane.ivanov.6180@shopmail.test,Brazil,2025-03-12,Standard,5383.76
6181,Jia Khan,jia.khan.6181@example.com,France,2022-10-23,Basic,9449.52
6182,Tara Brown,tara.brown.6182@example.com,United Kingdom,2025-12-19,Basic,3888.98
6183,Aarav Costa,aarav.costa.6183@example.com,Brazil,2026-08-14,Standard,1128.50
6184,Yara Okafor,yara.okafor.6184@example.com,Japan,2020-11-03,Standard,8236.54
6185,Aarav Ivanov,aarav.ivanov.6185@retail.dev,United States,2020-12-15,Basic,11895.63
6186,Keiko Sato,keiko.sato.6186@shopmail.test,Singapore,2024-06-03,Standard,8503.09
6187,Sofia Okafor,sofia.okafor.6187@retail.dev,United Kingdom,2023-01-23,Standard,9529.02
6188,Jia Kim,jia.kim.6188@shopmail.test,France,2021-11-28,Standard,2782.40
6189,Liam Muller,liam.muller.6189@example.com,France,2020-07-25,Standard,4195.47
6190,Yara Ali,yara.ali.6190@shopmail.test,Japan,2024-03-02,Basic,10605.84
6191,Jia Lopez,jia.lopez.6191@shopmail.test,Japan,2025-06-28,Standard,8758.31
6192,Sofia Garcia,sofia.garcia.6192@retail.dev,Germany,2020-08-14,Standard,2130.89
6193,Omar Novak,omar.novak.6193@shopmail.test,France,2023-05-03,Basic,10097.62
6194,Rosa Garcia,rosa.garcia.6194@retail.dev,Singapore,2022-01-21,Standard,1080.81
6195,Diego Lopez,diego.lopez.6195@example.com,Brazil,2022-08-26,Premium,6888.00
6196,Hassan Lopez,hassan.lopez.6196@example.com,Singapore,2023-05-06,Standard,6971.63
6197,Hassan Garcia,hassan.garcia.6197@example.com,United States,2023-10-11,Standard,11905.71
6198,Aisha Lopez,aisha.lopez.6198@example.com,United States,2022-04-02,Standard,8539.30
6199,Hiro Garcia,hiro.garcia.6199@shopmail.test,United States,2024-05-11,Standard,5357.86
6200,Viktor Costa,viktor.costa.6200@retail.dev,Australia,2025-08-15,Premium,2473.67
6201,Sofia Khan,sofia.khan.6201@retail.dev,Germany,2025-05-05,Basic,11923.39
6202,Noah Ivanov,noah.ivanov.6202@retail.dev,India,2024-02-03,Basic,5805.70
6203,Sofia Novak,sofia.novak.6203@shopmail.test,Brazil,2023-07-22,Standard,6540.90
6204,Keiko Patel,keiko.patel.6204@retail.dev,United States,2023-10-02,Standard,6214.03
6205,Keiko Garcia,keiko.garcia.6205@shopmail.test,Singapore,2022-01-16,Standard,11041.20
6206,Sofia Novak,sofia.novak.6206@example.com,Brazil,2021-01-28,Standard,8453.04
6207,Aarav Patel,aarav.patel.6207@retail.dev,United Kingdom,2021-06-05,Standard,2622.27
6208,Diego Silva,diego.silva.6208@shopmail.test,France,2024-05-20,Standard,2360.55
6209,Aarav Nguyen,aarav.nguyen.6209@retail.dev,Canada,2020-09-20,Standard,9100.19
6210,Amelia Singh,amelia.singh.6210@retail.dev,Singapore,2025-08-08,Standard,8325.93
6211,Amelia Williams,amelia.williams.6211@shopmail.test,United Kingdom,2022-12-25,Standard,7514.21
6212,Rosa Ali,rosa.ali.6212@shopmail.test,France,2023-12-17,Basic,9040.84
6213,Priya Singh,priya.singh.6213@example.com,Australia,2023-10-08,Standard,1899.22
6214,Hiro Silva,hiro.silva.6214@example.com,France,2026-02-17,Standard,5895.70
6215,Diego Anderson,diego.anderson.6215@retail.dev,India,2021-09-11,Basic,6574.58
6216,Noah Muller,noah.muller.6216@shopmail.test,Japan,2022-08-22,Standard,1746.04
6217,Noah Okafor,noah.okafor.6217@shopmail.test,Singapore,2021-03-01,Standard,10727.93
6218,Omar Ivanov,omar.ivanov.6218@retail.dev,Canada,2023-05-15,Standard,1900.87
6219,Viktor Okafor,viktor.okafor.6219@shopmail.test,United States,2022-12-25,Standard,8118.76
6220,Jia Silva,jia.silva.6220@example.com,Japan,2025-10-30,Standard,9104.34
6221,Zane Singh,zane.singh.6221@retail.dev,Brazil,2020-07-20,Standard,613.18
6222,Hassan Lopez,hassan.lopez.6222@example.com,Australia,2023-06-25,Basic,11305.01
6223,Lucia Kim,lucia.kim.6223@example.com,Japan,2020-02-19,Standard,151.19
6224,Wei Chen,wei.chen.6224@shopmail.test,Canada,2024-09-18,Standard,5914.57
6225,Keiko Ivanov,keiko.ivanov.6225@retail.dev,Japan,2020-11-21,Standard,5372.28
6226,Zane Ivanov,zane.ivanov.6226@retail.dev,Canada,2024-03-23,Standard,4624.56
6227,Imani Brown,imani.brown.6227@shopmail.test,Brazil,2022-09-19,Basic,2826.79
6228,Fatima Ali,fatima.ali.6228@shopmail.test,Singapore,2024-07-30,Basic,2403.63
6229,Wei Silva,wei.silva.6229@shopmail.test,India,2021-10-01,Basic,11178.00
6230,Liam Kim,liam.kim.6230@shopmail.test,Canada,2020-10-31,Standard,2196.29
6231,Diego Chen,diego.chen.6231@example.com,Australia,2025-08-04,Standard,11843.64
6232,Zane Nguyen,zane.nguyen.6232@retail.dev,United States,2021-04-17,Standard,128.86
6233,Fatima Okafor,fatima.okafor.6233@shopmail.test,Singapore,2021-06-18,Basic,341.39
6234,James Nguyen,james.nguyen.6234@retail.dev,Brazil,2026-09-03,Premium,4280.95
6235,Jia Muller,jia.muller.6235@retail.dev,Australia,2024-08-05,Standard,6876.38
6236,Maya Kim,maya.kim.6236@shopmail.test,Germany,2026-03-30,Premium,9022.73
6237,Imani Ivanov,imani.ivanov.6237@retail.dev,Japan,2024-02-03,Standard,5308.61
6238,Hiro Williams,hiro.williams.6238@retail.dev,Australia,2025-01-18,Basic,6083.93
6239,Wei Singh,wei.singh.6239@retail.dev,Singapore,2025-01-28,Premium,1380.95
6240,Lucia Sato,lucia.sato.6240@retail.dev,France,2022-12-10,Standard,9516.93
6241,Amelia Ivanov,amelia.ivanov.6241@shopmail.test,Brazil,2022-09-22,Basic,3858.59
6242,Fatima Okafor,fatima.okafor.6242@retail.dev,India,2025-05-06,Standard,2863.11
6243,Amelia Silva,amelia.silva.6243@shopmail.test,Australia,2022-06-29,Standard,6194.68
6244,Imani Garcia,imani.garcia.6244@retail.dev,Brazil,2020-11-29,Basic,9077.55
6245,Hassan Singh,hassan.singh.6245@example.com,India,2025-07-11,Standard,8034.04
6246,Rosa Nguyen,rosa.nguyen.6246@example.com,Australia,2026-09-01,Premium,9353.19
6247,Maya Anderson,maya.anderson.6247@shopmail.test,Germany,2023-08-02,Standard,8879.78
6248,Imani Brown,imani.brown.6248@retail.dev,Singapore,2026-03-04,Standard,413.19
6249,Amelia Ali,amelia.ali.6249@shopmail.test,France,2022-07-06,Standard,11108.56
6250,Arjun Okafor,arjun.okafor.6250@example.com,Germany,2021-02-26,Basic,2281.61
6251,Zane Patel,zane.patel.6251@example.com,Australia,2024-07-22,Standard,2446.09
6252,Noah Okafor,noah.okafor.6252@retail.dev,Japan,2023-07-09,Basic,9858.38
6253,Aarav Ali,aarav.ali.6253@example.com,United Kingdom,2024-06-09,Basic,1898.26
6254,Noah Lopez,noah.lopez.6254@retail.dev,Australia,2020-01-01,Standard,6732.68
6255,Omar Okafor,omar.okafor.6255@retail.dev,Brazil,2025-08-27,Standard,6635.57
6256,Diego Mensah,diego.mensah.6256@shopmail.test,Brazil,2024-10-06,Standard,7066.18
6257,Elena Ali,elena.ali.6257@shopmail.test,France,2025-10-12,Basic,10414.98
6258,Aarav Ali,aarav.ali.6258@retail.dev,Australia,2025-08-08,Standard,11949.33
6259,Yara Brown,yara.brown.6259@retail.dev,Canada,2020-02-15,Basic,9055.11
6260,Fatima Singh,fatima.singh.6260@shopmail.test,India,2020-07-08,Standard,1707.44
6261,Zane Novak,zane.novak.6261@shopmail.test,Singapore,2020-04-21,Standard,231.18
6262,Elena Nguyen,elena.nguyen.6262@retail.dev,India,2021-08-27,Standard,1793.90
6263,Hiro Costa,hiro.costa.6263@shopmail.test,United Kingdom,2024-04-29,Standard,4007.48
6264,Rosa Singh,rosa.singh.6264@shopmail.test,Australia,2024-10-08,Standard,835.56
6265,Diego Ali,diego.ali.6265@shopmail.test,India,2026-03-07,Basic,11487.96
6266,Fatima Brown,fatima.brown.6266@retail.dev,Brazil,2026-03-17,Premium,10554.27
6267,Priya Patel,priya.patel.6267@shopmail.test,Australia,2025-09-03,Standard,3667.30
6268,Quinn Brown,quinn.brown.6268@shopmail.test,Germany,2022-04-01,Standard,9681.81
6269,Rosa Lopez,rosa.lopez.6269@shopmail.test,Japan,2023-10-19,Standard,5739.70
6270,Diego Novak,diego.novak.6270@retail.dev,United States,2024-02-28,Premium,5454.93
6271,Hiro Garcia,hiro.garcia.6271@shopmail.test,Brazil,2022-02-16,Basic,4919.73
6272,Chen Garcia,chen.garcia.6272@retail.dev,Germany,2021-06-10,Standard,3827.93
6273,Lucia Mensah,lucia.mensah.6273@retail.dev,Australia,2020-04-25,Basic,2218.36
6274,Elena Mensah,elena.mensah.6274@example.com,United Kingdom,2026-05-20,Basic,6692.03
6275,Grace Ali,grace.ali.6275@example.com,Brazil,2021-11-29,Standard,2691.77
6276,Elena Anderson,elena.anderson.6276@retail.dev,Australia,2024-10-11,Standard,6807.14
6277,Liam Khan,liam.khan.6277@retail.dev,Germany,2020-05-16,Standard,3148.13
6278,Viktor Ivanov,viktor.ivanov.6278@example.com,Germany,2025-10-14,Basic,5095.03
6279,Lucia Lopez,lucia.lopez.6279@shopmail.test,Brazil,2024-10-09,Standard,4979.82
6280,Keiko Singh,keiko.singh.6280@example.com,Australia,2023-12-04,Standard,5400.61
6281,Grace Kim,grace.kim.6281@retail.dev,Brazil,2020-01-13,Standard,8946.97
6282,Keiko Silva,keiko.silva.6282@example.com,Australia,2023-12-20,Basic,3541.63
6283,Quinn Chen,quinn.chen.6283@retail.dev,Australia,2025-08-18,Standard,333.85
6284,Tara Brown,tara.brown.6284@shopmail.test,Japan,2025-12-05,Standard,2554.48
6285,Grace Singh,grace.singh.6285@example.com,India,2025-04-19,Standard,581.42
6286,Grace Kim,grace.kim.6286@example.com,Brazil,2020-03-08,Basic,1050.62
6287,Rosa Costa,rosa.costa.6287@example.com,Japan,2026-07-03,Standard,4887.66
6288,Priya Kim,priya.kim.6288@example.com,Australia,2024-10-19,Basic,9870.10
6289,Omar Singh,omar.singh.6289@retail.dev,Canada,2024-04-15,Basic,1094.76
6290,Aarav Sato,aarav.sato.6290@example.com,United States,2024-12-09,Standard,4291.62
6291,Viktor Costa,viktor.costa.6291@retail.dev,Japan,2023-10-07,Standard,431.15
6292,Maya Silva,maya.silva.6292@retail.dev,Singapore,2021-06-16,Standard,301.67
6293,Priya Patel,priya.patel.6293@retail.dev,Germany,2024-04-23,Standard,9480.85
6294,Hassan Ivanov,hassan.ivanov.6294@retail.dev,Japan,2023-11-27,Basic,10231.29
6295,Zane Patel,zane.patel.6295@retail.dev,Germany,2022-07-11,Basic,4740.05
6296,Imani Costa,imani.costa.6296@shopmail.test,Australia,2025-06-18,Premium,1997.80
6297,Sofia Williams,sofia.williams.6297@example.com,Germany,2021-02-02,Standard,6299.63
6298,Hiro Garcia,hiro.garcia.6298@shopmail.test,Canada,2023-04-30,Basic,8022.90
6299,Omar Novak,omar.novak.6299@retail.dev,United States,2024-07-24,Standard,2992.22
6300,Sofia Patel,sofia.patel.6300@retail.dev,Japan,2020-05-22,Standard,2560.33
6301,Aarav Sato,aarav.sato.6301@retail.dev,France,2026-03-03,Basic,6536.20
6302,Keiko Nguyen,keiko.nguyen.6302@retail.dev,France,2023-07-19,Premium,147.69
6303,Anika Mensah,anika.mensah.6303@shopmail.test,Germany,2020-07-27,Standard,6035.99
6304,Amelia Okafor,amelia.okafor.6304@example.com,France,2020-02-26,Basic,6025.49
6305,James Chen,james.chen.6305@example.com,Japan,2026-04-16,Premium,10722.48
6306,Grace Lopez,grace.lopez.6306@shopmail.test,United States,2021-03-20,Standard,6605.45
6307,Anika Lopez,anika.lopez.6307@shopmail.test,India,2022-10-30,Standard,11131.58
6308,Hiro Mensah,hiro.mensah.6308@example.com,France,2022-08-06,Premium,10396.32
6309,Anika Silva,anika.silva.6309@shopmail.test,India,2024-12-12,Standard,6019.43
6310,Sofia Nguyen,sofia.nguyen.6310@retail.dev,Singapore,2026-07-20,Standard,5990.60
6311,Zane Costa,zane.costa.6311@example.com,Singapore,2025-06-23,Standard,469.57
6312,Omar Williams,omar.williams.6312@retail.dev,Germany,2025-01-22,Premium,10847.32
6313,Amelia Brown,amelia.brown.6313@shopmail.test,India,2025-07-24,Premium,5106.02
6314,Imani Garcia,imani.garcia.6314@shopmail.test,United Kingdom,2022-12-21,Basic,9245.72
6315,Wei Ivanov,wei.ivanov.6315@example.com,Australia,2023-09-25,Premium,3197.29
6316,Chen Ivanov,chen.ivanov.6316@retail.dev,Japan,2022-12-06,Standard,4156.39
6317,Rosa Silva,rosa.silva.6317@shopmail.test,Canada,2024-08-23,Basic,3447.53
6318,Amelia Ali,amelia.ali.6318@shopmail.test,Japan,2021-04-14,Basic,11186.02
6319,Aisha Sato,aisha.sato.6319@example.com,United States,2026-09-02,Standard,9946.18
6320,Noah Khan,noah.khan.6320@retail.dev,France,2026-02-20,Basic,5344.82
6321,Yara Brown,yara.brown.6321@shopmail.test,France,2021-11-05,Standard,2104.09
6322,Aarav Okafor,aarav.okafor.6322@shopmail.test,Canada,2023-02-26,Standard,1474.76
6323,Viktor Sato,viktor.sato.6323@example.com,Germany,2020-01-14,Basic,5238.08
6324,Hiro Khan,hiro.khan.6324@shopmail.test,United Kingdom,2023-03-02,Standard,4254.83
6325,Lucia Khan,lucia.khan.6325@example.com,United Kingdom,2021-08-10,Basic,5177.15
6326,Diego Chen,diego.chen.6326@shopmail.test,Australia,2022-11-13,Basic,10360.49
6327,Amelia Anderson,amelia.anderson.6327@example.com,Australia,2026-06-15,Standard,3296.22
6328,Sofia Silva,sofia.silva.6328@retail.dev,Japan,2025-05-25,Standard,4429.30
6329,Omar Patel,omar.patel.6329@retail.dev,India,2025-09-22,Basic,7775.59
6330,Quinn Anderson,quinn.anderson.6330@shopmail.test,Germany,2024-12-01,Standard,885.06
6331,Diego Costa,diego.costa.6331@retail.dev,Germany,2020-05-13,Standard,2232.36
6332,Keiko Williams,keiko.williams.6332@shopmail.test,Brazil,2021-03-07,Basic,2997.56
6333,Chen Mensah,chen.mensah.6333@example.com,Brazil,2022-10-10,Standard,10543.86
6334,Jia Ivanov,jia.ivanov.6334@shopmail.test,Japan,2024-12-03,Standard,10588.01
6335,Tara Williams,tara.williams.6335@shopmail.test,Japan,2021-05-21,Standard,10138.17
6336,Jia Mensah,jia.mensah.6336@retail.dev,Canada,2023-04-20,Standard,1833.81
6337,Fatima Novak,fatima.novak.6337@shopmail.test,Australia,2022-03-05,Basic,2435.02
6338,Omar Okafor,omar.okafor.6338@shopmail.test,France,2021-10-05,Basic,9955.31
6339,Liam Sato,liam.sato.6339@shopmail.test,France,2020-01-19,Basic,3980.75
6340,Wei Mensah,wei.mensah.6340@example.com,United Kingdom,2025-08-15,Standard,2261.04
6341,Imani Kim,imani.kim.6341@retail.dev,United States,2022-04-25,Basic,5816.87
6342,Hassan Muller,hassan.muller.6342@retail.dev,Japan,2023-05-23,Premium,2508.28
6343,Elena Khan,elena.khan.6343@retail.dev,United Kingdom,2022-03-28,Premium,3843.80
6344,Liam Anderson,liam.anderson.6344@example.com,India,2021-03-07,Standard,3372.58
6345,Elena Ivanov,elena.ivanov.6345@retail.dev,Germany,2021-07-07,Standard,10427.86
6346,Liam Williams,liam.williams.6346@shopmail.test,Canada,2024-02-05,Basic,886.75
6347,Sofia Muller,sofia.muller.6347@shopmail.test,Brazil,2026-04-26,Standard,10911.34
6348,Elena Sato,elena.sato.6348@example.com,United States,2020-12-20,Basic,6968.13
6349,Priya Lopez,priya.lopez.6349@example.com,Germany,2024-10-12,Premium,5057.36
6350,Quinn Lopez,quinn.lopez.6350@example.com,France,2023-12-17,Premium,4781.21
6351,Yara Nguyen,yara.nguyen.6351@retail.dev,Singapore,2021-08-10,Standard,11424.09
6352,Arjun Silva,arjun.silva.6352@retail.dev,India,2023-10-11,Premium,9387.30
6353,Viktor Ivanov,viktor.ivanov.6353@shopmail.test,United States,2021-02-10,Basic,9321.78
6354,Zane Ivanov,zane.ivanov.6354@example.com,United Kingdom,2021-05-28,Premium,6364.16
6355,Hassan Okafor,hassan.okafor.6355@shopmail.test,India,2026-07-11,Standard,7828.04
6356,Quinn Novak,quinn.novak.6356@retail.dev,Brazil,2025-11-14,Premium,6782.87
6357,Omar Singh,omar.singh.6357@shopmail.test,France,2022-01-23,Basic,5086.26
6358,Yara Singh,yara.singh.6358@retail.dev,United Kingdom,2020-07-22,Basic,2592.73
6359,Sofia Lopez,sofia.lopez.6359@example.com,United Kingdom,2026-04-01,Basic,8091.57
6360,Grace Patel,grace.patel.6360@example.com,United States,2024-12-17,Basic,5665.76
6361,Liam Mensah,liam.mensah.6361@retail.dev,United States,2020-12-04,Basic,9059.27
6362,Diego Novak,diego.novak.6362@example.com,United States,2020-02-11,Standard,11449.75
6363,Hassan Lopez,hassan.lopez.6363@example.com,India,2021-12-26,Standard,498.77
6364,Omar Costa,omar.costa.6364@retail.dev,Brazil,2025-07-10,Standard,9908.26
6365,Noah Williams,noah.williams.6365@example.com,Germany,2025-12-28,Basic,7402.14
6366,Chen Mensah,chen.mensah.6366@example.com,India,2022-07-24,Standard,10679.85
6367,Noah Khan,noah.khan.6367@retail.dev,India,2021-12-09,Premium,5455.83
6368,Zane Brown,zane.brown.6368@retail.dev,Germany,2022-11-14,Premium,3578.16
6369,Lucia Costa,lucia.costa.6369@example.com,United Kingdom,2025-06-27,Basic,4429.74
6370,Liam Chen,liam.chen.6370@shopmail.test,Brazil,2024-07-03,Basic,4348.07
6371,Lucia Patel,lucia.patel.6371@retail.dev,India,2020-08-23,Standard,7559.36
6372,Rosa Sato,rosa.sato.6372@retail.dev,Japan,2024-10-21,Standard,4947.81
6373,Elena Okafor,elena.okafor.6373@shopmail.test,United States,2023-12-06,Standard,7671.34
6374,Fatima Brown,fatima.brown.6374@example.com,United States,2026-02-06,Standard,5926.73
6375,Viktor Okafor,viktor.okafor.6375@example.com,Germany,2025-03-18,Basic,7414.44
6376,Anika Mensah,anika.mensah.6376@example.com,Australia,2021-08-16,Premium,10548.79
6377,Maya Williams,maya.williams.6377@example.com,Australia,2020-01-10,Standard,2533.50
6378,Priya Ivanov,priya.ivanov.6378@example.com,United Kingdom,2026-07-06,Standard,245.18
6379,Grace Lopez,grace.lopez.6379@example.com,Germany,2020-05-06,Premium,7426.58
6380,Hassan Nguyen,hassan.nguyen.6380@example.com,France,2020-01-30,Basic,5231.48
6381,Aisha Ali,aisha.ali.6381@shopmail.test,India,2022-04-28,Premium,4668.17
6382,Sofia Lopez,sofia.lopez.6382@example.com,France,2024-06-20,Basic,2739.92
6383,Anika Costa,anika.costa.6383@example.com,United Kingdom,2020-08-02,Basic,11442.39
6384,Aarav Garcia,aarav.garcia.6384@retail.dev,Singapore,2025-05-01,Premium,5400.31
6385,Grace Brown,grace.brown.6385@shopmail.test,United Kingdom,2025-03-20,Basic,3019.33
6386,Noah Ali,noah.ali.6386@retail.dev,United States,2024-01-22,Premium,906.39
6387,Aarav Brown,aarav.brown.6387@example.com,Australia,2024-08-18,Basic,9580.15
6388,Chen Ivanov,chen.ivanov.6388@shopmail.test,France,2022-07-14,Standard,4444.74
6389,Elena Singh,elena.singh.6389@example.com,India,2022-01-15,Standard,2896.70
6390,Quinn Nguyen,quinn.nguyen.6390@example.com,United States,2025-11-29,Basic,4532.06
6391,Imani Ivanov,imani.ivanov.6391@shopmail.test,Singapore,2023-08-30,Basic,284.88
6392,Chen Khan,chen.khan.6392@shopmail.test,United Kingdom,2024-02-09,Basic,5297.60
6393,Priya Costa,priya.costa.6393@shopmail.test,Australia,2026-07-03,Premium,5663.05
6394,Diego Silva,diego.silva.6394@retail.dev,Singapore,2021-06-10,Basic,10368.32
6395,Viktor Okafor,viktor.okafor.6395@shopmail.test,Japan,2023-11-25,Standard,11820.72
6396,Jia Williams,jia.williams.6396@shopmail.test,Japan,2025-11-16,Standard,8577.57
6397,Viktor Muller,viktor.muller.6397@example.com,United Kingdom,2021-02-08,Standard,1293.03
6398,Amelia Sato,amelia.sato.6398@shopmail.test,Japan,2021-10-27,Basic,1414.21
6399,Grace Singh,grace.singh.6399@example.com,Germany,2023-06-04,Basic,5289.22
6400,Jia Garcia,jia.garcia.6400@shopmail.test,United Kingdom,2025-04-08,Basic,10620.24
6401,Maya Anderson,maya.anderson.6401@shopmail.test,United States,2024-08-05,Standard,3871.09
6402,Lucia Singh,lucia.singh.6402@shopmail.test,United States,2025-05-02,Basic,83.85
6403,Wei Kim,wei.kim.6403@example.com,Brazil,2021-01-06,Basic,4854.72
6404,Aarav Lopez,aarav.lopez.6404@example.com,United Kingdom,2021-03-03,Standard,10525.14
6405,Priya Silva,priya.silva.6405@example.com,Japan,2025-01-25,Standard,2679.34
6406,Omar Garcia,omar.garcia.6406@shopmail.test,Brazil,2025-02-06,Standard,11251.84
6407,Maya Lopez,maya.lopez.6407@example.com,United States,2024-01-04,Basic,5077.14
6408,Amelia Ali,amelia.ali.6408@retail.dev,Australia,2020-09-18,Standard,10228.73
6409,Grace Silva,grace.silva.6409@shopmail.test,Japan,2024-06-21,Basic,8522.55
6410,Uma Silva,uma.silva.6410@shopmail.test,Germany,2023-04-06,Premium,5068.22
6411,Fatima Nguyen,fatima.nguyen.6411@example.com,United Kingdom,2023-05-25,Basic,8495.68
6412,Fatima Okafor,fatima.okafor.6412@shopmail.test,India,2023-07-22,Basic,7915.07
6413,Fatima Williams,fatima.williams.6413@example.com,France,2021-08-20,Premium,11429.17
6414,Wei Costa,wei.costa.6414@shopmail.test,Japan,2021-06-01,Basic,9564.22
6415,Fatima Lopez,fatima.lopez.6415@retail.dev,Australia,2020-08-12,Standard,9685.16
6416,Anika Brown,anika.brown.6416@shopmail.test,France,2021-09-01,Standard,11034.22
6417,Hassan Silva,hassan.silva.6417@shopmail.test,Canada,2020-09-21,Basic,5955.58
6418,Hassan Khan,hassan.khan.6418@shopmail.test,Singapore,2022-08-14,Premium,5212.03
6419,Tara Brown,tara.brown.6419@retail.dev,Canada,2020-02-09,Standard,9355.06
6420,Anika Kim,anika.kim.6420@retail.dev,United Kingdom,2022-05-23,Standard,11992.94
6421,Yara Muller,yara.muller.6421@example.com,United Kingdom,2023-04-05,Standard,8920.39
6422,Sofia Anderson,sofia.anderson.6422@example.com,Brazil,2025-07-26,Standard,10177.76
6423,Lucia Ivanov,lucia.ivanov.6423@shopmail.test,France,2026-06-19,Basic,8999.18
6424,Aisha Kim,aisha.kim.6424@example.com,Canada,2026-04-02,Basic,6334.48
6425,Anika Brown,anika.brown.6425@shopmail.test,Germany,2023-02-13,Standard,5874.23
6426,Elena Sato,elena.sato.6426@retail.dev,Singapore,2022-07-01,Standard,7861.34
6427,Keiko Muller,keiko.muller.6427@example.com,France,2024-11-04,Basic,5746.84
6428,Liam Singh,liam.singh.6428@example.com,United Kingdom,2021-10-01,Basic,4369.68
6429,Priya Okafor,priya.okafor.6429@retail.dev,Germany,2023-08-02,Premium,11802.28
6430,Keiko Anderson,keiko.anderson.6430@shopmail.test,Singapore,2020-12-04,Basic,1409.01
6431,Imani Chen,imani.chen.6431@example.com,Singapore,2026-06-02,Standard,3242.27
6432,Hiro Nguyen,hiro.nguyen.6432@retail.dev,Australia,2026-05-01,Premium,8698.01
6433,Aisha Novak,aisha.novak.6433@retail.dev,United Kingdom,2023-12-05,Standard,6856.94
6434,Liam Sato,liam.sato.6434@retail.dev,United States,2025-01-04,Basic,4702.09
6435,Imani Khan,imani.khan.6435@retail.dev,United Kingdom,2021-12-05,Standard,5126.60
6436,Amelia Novak,amelia.novak.6436@retail.dev,France,2023-11-19,Basic,446.92
6437,Chen Okafor,chen.okafor.6437@example.com,Japan,2025-10-01,Standard,10712.19
6438,Lucia Patel,lucia.patel.6438@example.com,India,2024-05-31,Standard,2436.58
6439,Zane Kim,zane.kim.6439@example.com,Japan,2025-02-28,Basic,4003.54
6440,Arjun Nguyen,arjun.nguyen.6440@shopmail.test,France,2022-05-08,Standard,998.70
6441,Keiko Okafor,keiko.okafor.6441@retail.dev,Germany,2021-07-15,Standard,9899.15
6442,Liam Singh,liam.singh.6442@shopmail.test,United Kingdom,2024-10-22,Premium,2118.99
6443,Zane Sato,zane.sato.6443@shopmail.test,Brazil,2021-01-11,Standard,9499.11
6444,Diego Silva,diego.silva.6444@retail.dev,Brazil,2022-04-05,Standard,5915.48
6445,Viktor Sato,viktor.sato.6445@shopmail.test,India,2022-01-06,Basic,1237.25
6446,Aarav Novak,aarav.novak.6446@example.com,Brazil,2022-10-31,Standard,5285.46
6447,Fatima Kim,fatima.kim.6447@retail.dev,Singapore,2024-02-22,Standard,5477.75
6448,Grace Silva,grace.silva.6448@shopmail.test,Singapore,2023-11-03,Premium,10316.67
6449,Arjun Brown,arjun.brown.6449@example.com,Singapore,2022-07-15,Basic,10848.16
6450,Hiro Singh,hiro.singh.6450@retail.dev,Singapore,2026-02-20,Standard,7303.35
6451,Elena Lopez,elena.lopez.6451@example.com,Brazil,2023-04-24,Standard,2206.07
6452,Maya Singh,maya.singh.6452@retail.dev,United Kingdom,2025-02-01,Premium,6258.84
6453,James Garcia,james.garcia.6453@shopmail.test,United Kingdom,2021-06-06,Standard,1043.68
6454,Anika Garcia,anika.garcia.6454@example.com,Brazil,2022-09-07,Standard,632.43
6455,Hassan Khan,hassan.khan.6455@example.com,Canada,2024-03-07,Basic,8124.85
6456,Imani Ali,imani.ali.6456@shopmail.test,United Kingdom,2023-02-16,Basic,9991.62
6457,Chen Khan,chen.khan.6457@example.com,India,2021-07-25,Basic,1535.07
6458,Yara Patel,yara.patel.6458@shopmail.test,Brazil,2026-04-03,Standard,3010.02
6459,Aisha Ali,aisha.ali.6459@example.com,Germany,2023-05-31,Standard,9975.82
6460,Keiko Anderson,keiko.anderson.6460@shopmail.test,Japan,2025-11-27,Basic,6753.24
6461,Diego Okafor,diego.okafor.6461@example.com,France,2021-11-25,Premium,11399.60
6462,Uma Chen,uma.chen.6462@retail.dev,United States,2022-01-31,Premium,7802.79
6463,Noah Novak,noah.novak.6463@retail.dev,Germany,2022-05-06,Standard,4484.21
6464,Amelia Mensah,amelia.mensah.6464@retail.dev,Japan,2026-02-03,Standard,8579.57
6465,Tara Muller,tara.muller.6465@shopmail.test,Brazil,2026-01-22,Premium,5345.05
6466,Wei Muller,wei.muller.6466@example.com,Brazil,2026-02-05,Premium,2699.40
6467,Aisha Sato,aisha.sato.6467@shopmail.test,Australia,2026-06-12,Standard,2049.38
6468,Grace Anderson,grace.anderson.6468@example.com,United States,2024-12-05,Basic,10590.92
6469,Hassan Muller,hassan.muller.6469@retail.dev,India,2023-12-29,Standard,11321.33
6470,Viktor Khan,viktor.khan.6470@example.com,Japan,2022-12-16,Standard,1235.88
6471,Aarav Chen,aarav.chen.6471@retail.dev,Australia,2022-01-03,Standard,8958.73
6472,Aisha Silva,aisha.silva.6472@retail.dev,India,2025-12-31,Standard,5787.91
6473,Zane Brown,zane.brown.6473@shopmail.test,United Kingdom,2025-10-12,Standard,4265.43
6474,Hiro Ivanov,hiro.ivanov.6474@example.com,Germany,2023-04-22,Premium,10613.92
6475,Rosa Patel,rosa.patel.6475@shopmail.test,Brazil,2025-01-01,Basic,4591.37
6476,Aisha Lopez,aisha.lopez.6476@example.com,Singapore,2022-05-23,Basic,2814.31
6477,Tara Garcia,tara.garcia.6477@retail.dev,Australia,2024-10-30,Standard,11986.82
6478,Hassan Muller,hassan.muller.6478@retail.dev,United Kingdom,2020-04-14,Standard,5893.64
6479,Uma Khan,uma.khan.6479@shopmail.test,Singapore,2022-11-13,Standard,2783.63
6480,Amelia Mensah,amelia.mensah.6480@retail.dev,Germany,2020-02-04,Basic,2598.54
6481,Aarav Ivanov,aarav.ivanov.6481@example.com,United States,2021-02-03,Basic,6979.00
6482,Grace Singh,grace.singh.6482@example.com,France,2025-10-20,Premium,5734.90
6483,Chen Sato,chen.sato.6483@shopmail.test,France,2025-01-12,Basic,3600.36
6484,Lucia Sato,lucia.sato.6484@shopmail.test,United States,2025-05-12,Standard,4338.22
6485,Sofia Ivanov,sofia.ivanov.6485@retail.dev,United States,2023-09-07,Basic,6917.01
6486,Hassan Muller,hassan.muller.6486@retail.dev,United Kingdom,2024-04-24,Basic,11282.11
6487,Arjun Anderson,arjun.anderson.6487@retail.dev,United States,2025-01-18,Basic,10880.64
6488,Noah Singh,noah.singh.6488@retail.dev,United States,2025-05-06,Standard,7945.66
6489,Viktor Muller,viktor.muller.6489@example.com,Japan,2023-07-09,Standard,8428.06
6490,Anika Ali,anika.ali.6490@retail.dev,Canada,2024-08-24,Standard,9613.77
6491,Fatima Brown,fatima.brown.6491@retail.dev,Japan,2024-11-18,Standard,8455.93
6492,Sofia Garcia,sofia.garcia.6492@example.com,Australia,2025-01-05,Standard,11952.74
6493,Fatima Patel,fatima.patel.6493@shopmail.test,Australia,2024-01-20,Basic,11685.60
6494,James Okafor,james.okafor.6494@example.com,United Kingdom,2023-02-23,Premium,9450.09
6495,Rosa Lopez,rosa.lopez.6495@retail.dev,Germany,2025-08-03,Basic,7226.98
6496,Aisha Anderson,aisha.anderson.6496@retail.dev,United Kingdom,2020-10-20,Standard,3108.50
6497,Grace Patel,grace.patel.6497@shopmail.test,Brazil,2023-11-30,Basic,6477.66
6498,Aarav Ali,aarav.ali.6498@shopmail.test,France,2020-10-22,Basic,9406.55
6499,Hiro Costa,hiro.costa.6499@example.com,United States,2025-10-27,Standard,11715.87
6500,Wei Costa,wei.costa.6500@shopmail.test,Australia,2020-06-02,Premium,8565.70
6501,Fatima Novak,fatima.novak.6501@shopmail.test,Japan,2025-03-07,Standard,9508.42
6502,Tara Mensah,tara.mensah.6502@shopmail.test,Japan,2023-12-08,Standard,4890.30
6503,Maya Novak,maya.novak.6503@example.com,Australia,2021-08-04,Basic,4770.88
6504,Jia Ivanov,jia.ivanov.6504@example.com,Brazil,2020-09-04,Premium,2329.18
6505,Noah Brown,noah.brown.6505@example.com,United Kingdom,2020-11-20,Premium,6098.03
6506,Tara Lopez,tara.lopez.6506@example.com,Japan,2023-12-16,Standard,7903.06
6507,Priya Kim,priya.kim.6507@shopmail.test,Germany,2024-02-16,Standard,7229.91
6508,Anika Brown,anika.brown.6508@example.com,Brazil,2020-03-29,Standard,10062.22
6509,Fatima Garcia,fatima.garcia.6509@shopmail.test,France,2024-11-07,Standard,5785.30
6510,Wei Khan,wei.khan.6510@example.com,India,2021-02-19,Standard,8297.11
6511,Quinn Muller,quinn.muller.6511@example.com,India,2021-05-13,Standard,4838.96
6512,Hiro Costa,hiro.costa.6512@shopmail.test,Canada,2024-03-19,Premium,6131.00
6513,Imani Ali,imani.ali.6513@retail.dev,Japan,2024-09-13,Standard,9138.93
6514,Noah Nguyen,noah.nguyen.6514@retail.dev,Japan,2022-10-26,Standard,1030.87
6515,Elena Nguyen,elena.nguyen.6515@example.com,Germany,2025-09-13,Basic,831.04
6516,Viktor Mensah,viktor.mensah.6516@retail.dev,Canada,2021-06-04,Standard,8956.92
6517,Sofia Okafor,sofia.okafor.6517@retail.dev,Brazil,2026-09-05,Basic,1906.50
6518,Rosa Brown,rosa.brown.6518@shopmail.test,Japan,2026-06-11,Premium,10313.87
6519,Yara Ali,yara.ali.6519@retail.dev,Canada,2023-06-06,Premium,84.47
6520,Imani Brown,imani.brown.6520@retail.dev,India,2026-02-07,Standard,4877.00
6521,Omar Costa,omar.costa.6521@shopmail.test,Japan,2026-04-14,Basic,9611.59
6522,Aarav Okafor,aarav.okafor.6522@retail.dev,Brazil,2022-09-26,Standard,8001.30
6523,James Sato,james.sato.6523@retail.dev,United States,2026-06-01,Standard,2489.19
6524,Hassan Muller,hassan.muller.6524@retail.dev,United Kingdom,2023-01-28,Basic,4223.57
6525,Viktor Chen,viktor.chen.6525@retail.dev,Singapore,2025-02-04,Premium,1543.39
6526,Jia Costa,jia.costa.6526@shopmail.test,France,2024-12-13,Standard,5506.33
6527,Sofia Patel,sofia.patel.6527@shopmail.test,India,2020-11-30,Standard,7226.62
6528,Imani Sato,imani.sato.6528@retail.dev,Germany,2021-05-31,Standard,7902.41
6529,Anika Mensah,anika.mensah.6529@example.com,Japan,2024-11-17,Basic,5967.20
6530,Tara Singh,tara.singh.6530@retail.dev,United Kingdom,2024-09-18,Basic,5383.81
6531,Aarav Singh,aarav.singh.6531@retail.dev,Singapore,2024-11-21,Basic,2570.37
6532,Omar Ivanov,omar.ivanov.6532@shopmail.test,Brazil,2025-06-09,Premium,3653.56
6533,Keiko Okafor,keiko.okafor.6533@shopmail.test,Brazil,2021-03-30,Standard,4281.36
6534,Zane Patel,zane.patel.6534@retail.dev,United States,2021-07-06,Basic,11952.36
6535,Quinn Garcia,quinn.garcia.6535@retail.dev,Canada,2024-01-14,Standard,3403.13
6536,Aisha Novak,aisha.novak.6536@example.com,Australia,2026-01-13,Standard,9751.60
6537,Imani Khan,imani.khan.6537@retail.dev,Japan,2025-07-02,Standard,10879.78
6538,Fatima Singh,fatima.singh.6538@retail.dev,Brazil,2023-10-10,Basic,8521.49
6539,Imani Ivanov,imani.ivanov.6539@shopmail.test,India,2022-05-12,Standard,4075.71
6540,Aarav Brown,aarav.brown.6540@example.com,United States,2020-04-18,Basic,10784.50
6541,Priya Mensah,priya.mensah.6541@example.com,Japan,2021-10-19,Standard,8811.42
6542,Omar Silva,omar.silva.6542@retail.dev,Japan,2025-04-28,Standard,3940.64
6543,Keiko Patel,keiko.patel.6543@example.com,France,2026-03-24,Standard,3290.61
6544,Uma Lopez,uma.lopez.6544@retail.dev,Japan,2020-04-03,Standard,11103.37
6545,Aarav Nguyen,aarav.nguyen.6545@shopmail.test,Japan,2025-03-18,Standard,10504.80
6546,Chen Novak,chen.novak.6546@example.com,Brazil,2023-03-15,Standard,4340.30
6547,Noah Lopez,noah.lopez.6547@shopmail.test,Brazil,2021-02-24,Standard,2706.61
6548,Priya Williams,priya.williams.6548@shopmail.test,Canada,2022-11-14,Premium,5904.40
6549,Maya Garcia,maya.garcia.6549@retail.dev,France,2026-07-29,Premium,2336.71
6550,Maya Brown,maya.brown.6550@example.com,Australia,2020-03-29,Basic,8246.96
6551,Noah Nguyen,noah.nguyen.6551@example.com,Australia,2023-11-11,Premium,4673.66
6552,James Novak,james.novak.6552@retail.dev,India,2025-05-05,Standard,5777.29
6553,Diego Patel,diego.patel.6553@example.com,Germany,2025-05-12,Standard,278.09
6554,Diego Costa,diego.costa.6554@shopmail.test,Canada,2026-07-01,Premium,2521.79
6555,Elena Nguyen,elena.nguyen.6555@shopmail.test,Singapore,2024-11-05,Standard,8600.41
6556,Grace Kim,grace.kim.6556@retail.dev,Singapore,2026-03-11,Premium,8368.03
6557,Omar Singh,omar.singh.6557@retail.dev,Canada,2021-04-27,Premium,8338.83
6558,James Sato,james.sato.6558@retail.dev,India,2020-06-10,Standard,11891.25
6559,Lucia Mensah,lucia.mensah.6559@retail.dev,Australia,2021-01-21,Standard,10980.24
6560,Anika Garcia,anika.garcia.6560@example.com,Singapore,2021-08-17,Premium,2283.07
6561,Uma Patel,uma.patel.6561@shopmail.test,France,2024-02-14,Standard,4632.64
6562,Omar Ali,omar.ali.6562@shopmail.test,Germany,2022-11-05,Standard,6898.15
6563,Lucia Khan,lucia.khan.6563@retail.dev,Canada,2025-05-26,Standard,10344.79
6564,Wei Nguyen,wei.nguyen.6564@shopmail.test,Brazil,2025-12-10,Standard,4634.26
6565,Elena Costa,elena.costa.6565@retail.dev,Germany,2026-03-02,Standard,3910.93
6566,Aarav Nguyen,aarav.nguyen.6566@example.com,Brazil,2025-01-11,Standard,1661.29
6567,Maya Khan,maya.khan.6567@shopmail.test,Australia,2020-11-01,Standard,4309.06
6568,Diego Nguyen,diego.nguyen.6568@shopmail.test,Canada,2024-10-04,Standard,7285.73
6569,Priya Williams,priya.williams.6569@retail.dev,Brazil,2022-10-04,Standard,1744.41
6570,Sofia Okafor,sofia.okafor.6570@retail.dev,Japan,2026-08-10,Basic,8812.28
6571,Maya Sato,maya.sato.6571@retail.dev,France,2026-09-01,Premium,2078.31
6572,Jia Nguyen,jia.nguyen.6572@retail.dev,France,2025-09-05,Standard,3103.90
6573,Yara Novak,yara.novak.6573@shopmail.test,India,2020-12-07,Premium,240.69
6574,Noah Lopez,noah.lopez.6574@shopmail.test,United Kingdom,2024-04-09,Standard,10022.34
6575,Rosa Brown,rosa.brown.6575@example.com,India,2025-06-13,Standard,7997.00
6576,Aarav Costa,aarav.costa.6576@example.com,Brazil,2020-03-23,Standard,8459.77
6577,Tara Kim,tara.kim.6577@shopmail.test,Germany,2026-05-10,Premium,7151.82
6578,Tara Muller,tara.muller.6578@shopmail.test,Australia,2025-02-12,Premium,11112.62
6579,Jia Williams,jia.williams.6579@shopmail.test,Australia,2021-02-12,Standard,4763.00
6580,Aarav Garcia,aarav.garcia.6580@example.com,United Kingdom,2026-07-13,Standard,2528.09
6581,Aarav Kim,aarav.kim.6581@shopmail.test,Germany,2023-08-17,Standard,4448.31
6582,Zane Garcia,zane.garcia.6582@retail.dev,United Kingdom,2022-06-15,Standard,8340.51
6583,Priya Mensah,priya.mensah.6583@shopmail.test,Australia,2023-02-01,Standard,1130.00
6584,James Anderson,james.anderson.6584@example.com,Brazil,2025-08-08,Basic,106.57
6585,Diego Mensah,diego.mensah.6585@retail.dev,United States,2022-05-22,Standard,7156.89
6586,Amelia Anderson,amelia.anderson.6586@retail.dev,India,2021-02-04,Standard,11330.49
6587,James Nguyen,james.nguyen.6587@retail.dev,India,2020-11-10,Basic,11754.42
6588,Yara Nguyen,yara.nguyen.6588@example.com,Germany,2022-12-05,Premium,26.03
6589,Liam Lopez,liam.lopez.6589@shopmail.test,France,2023-10-02,Standard,8317.23
6590,Aisha Nguyen,aisha.nguyen.6590@shopmail.test,Germany,2023-07-06,Basic,11710.80
6591,Hassan Chen,hassan.chen.6591@example.com,United Kingdom,2020-06-18,Basic,9948.33
6592,Uma Chen,uma.chen.6592@shopmail.test,Australia,2020-05-06,Basic,414.71
6593,Aisha Garcia,aisha.garcia.6593@retail.dev,United Kingdom,2023-07-17,Basic,11074.62
6594,Maya Brown,maya.brown.6594@shopmail.test,France,2024-07-22,Premium,11570.40
6595,Noah Khan,noah.khan.6595@shopmail.test,Brazil,2023-01-27,Basic,11774.49
6596,Noah Ivanov,noah.ivanov.6596@retail.dev,Australia,2024-09-04,Premium,3944.83
6597,Imani Silva,imani.silva.6597@shopmail.test,India,2023-07-21,Standard,123.55
6598,Chen Costa,chen.costa.6598@shopmail.test,Singapore,2024-06-29,Basic,9091.53
6599,Wei Sato,wei.sato.6599@retail.dev,Brazil,2025-08-10,Standard,1337.81
6600,Hassan Sato,hassan.sato.6600@shopmail.test,United Kingdom,2021-03-09,Basic,1933.34
6601,Tara Kim,tara.kim.6601@example.com,France,2023-05-14,Standard,9932.36
6602,Aisha Singh,aisha.singh.6602@shopmail.test,Australia,2026-03-28,Premium,930.77
6603,Hiro Okafor,hiro.okafor.6603@retail.dev,Japan,2020-06-21,Standard,4832.88
6604,Imani Brown,imani.brown.6604@example.com,Canada,2020-07-10,Standard,8816.11
6605,Wei Sato,wei.sato.6605@example.com,France,2021-07-16,Standard,11094.22
6606,Keiko Anderson,keiko.anderson.6606@example.com,United Kingdom,2025-12-11,Standard,8407.23
6607,Hassan Kim,hassan.kim.6607@shopmail.test,India,2022-07-20,Standard,6153.78
6608,James Williams,james.williams.6608@shopmail.test,United States,2022-10-29,Basic,11369.71
6609,Grace Silva,grace.silva.6609@retail.dev,Japan,2022-11-09,Premium,8714.29
6610,Anika Costa,anika.costa.6610@shopmail.test,France,2021-09-05,Basic,11124.73
6611,Priya Chen,priya.chen.6611@shopmail.test,Japan,2020-11-17,Standard,152.05
6612,Amelia Sato,amelia.sato.6612@example.com,Germany,2022-06-19,Standard,6931.96
6613,Noah Mensah,noah.mensah.6613@example.com,Australia,2024-05-22,Standard,1279.65
6614,Fatima Kim,fatima.kim.6614@example.com,Brazil,2025-02-23,Basic,3886.29
6615,James Anderson,james.anderson.6615@shopmail.test,United Kingdom,2020-11-25,Standard,10451.75
6616,Quinn Chen,quinn.chen.6616@shopmail.test,Japan,2020-01-25,Premium,5399.11
6617,Fatima Nguyen,fatima.nguyen.6617@shopmail.test,France,2025-09-07,Standard,4428.49
6618,Anika Williams,anika.williams.6618@example.com,France,2024-10-18,Basic,5799.57
6619,James Okafor,james.okafor.6619@example.com,India,2021-06-21,Standard,7259.24
6620,Lucia Muller,lucia.muller.6620@example.com,United States,2023-05-11,Standard,1429.91
6621,Zane Ali,zane.ali.6621@example.com,Australia,2021-09-10,Premium,1922.32
6622,Noah Okafor,noah.okafor.6622@shopmail.test,Canada,2025-12-30,Standard,5088.33
6623,Tara Patel,tara.patel.6623@retail.dev,United States,2025-11-15,Standard,1249.54
6624,Hiro Ali,hiro.ali.6624@retail.dev,Brazil,2026-07-20,Basic,9702.40
6625,Omar Lopez,omar.lopez.6625@retail.dev,United States,2026-08-17,Basic,6412.52
6626,Amelia Nguyen,amelia.nguyen.6626@example.com,United States,2021-11-07,Standard,4874.93
6627,Lucia Khan,lucia.khan.6627@retail.dev,Japan,2024-08-26,Premium,199.33
6628,Aisha Silva,aisha.silva.6628@example.com,France,2024-01-05,Standard,7906.71
6629,Viktor Nguyen,viktor.nguyen.6629@example.com,Brazil,2020-07-12,Basic,4793.65
6630,Aisha Muller,aisha.muller.6630@retail.dev,United Kingdom,2024-03-02,Basic,7438.18
6631,Hassan Kim,hassan.kim.6631@example.com,France,2024-05-22,Standard,4560.95
6632,Quinn Ivanov,quinn.ivanov.6632@shopmail.test,Japan,2021-09-13,Basic,4885.29
6633,Viktor Lopez,viktor.lopez.6633@example.com,Australia,2022-02-28,Standard,11842.83
6634,Elena Lopez,elena.lopez.6634@example.com,Singapore,2025-10-04,Standard,11115.39
6635,Arjun Nguyen,arjun.nguyen.6635@retail.dev,United States,2023-08-29,Basic,4331.05
6636,Imani Novak,imani.novak.6636@shopmail.test,Germany,2023-01-03,Premium,5284.34
6637,Uma Chen,uma.chen.6637@retail.dev,Germany,2025-08-01,Basic,9811.26
6638,Omar Costa,omar.costa.6638@retail.dev,United States,2021-04-25,Basic,11787.34
6639,James Lopez,james.lopez.6639@example.com,Singapore,2023-08-14,Standard,6195.41
6640,Elena Anderson,elena.anderson.6640@retail.dev,Australia,2020-01-24,Standard,767.18
6641,Uma Ivanov,uma.ivanov.6641@retail.dev,Brazil,2020-01-06,Basic,7320.41
6642,Wei Patel,wei.patel.6642@retail.dev,Germany,2024-04-21,Standard,10349.88
6643,Keiko Singh,keiko.singh.6643@retail.dev,United States,2020-01-22,Standard,5623.06
6644,Omar Brown,omar.brown.6644@shopmail.test,United States,2026-03-21,Basic,715.78
6645,Arjun Okafor,arjun.okafor.6645@shopmail.test,France,2025-12-09,Standard,1938.67
6646,Fatima Singh,fatima.singh.6646@example.com,Australia,2021-04-10,Basic,77.49
6647,Yara Patel,yara.patel.6647@shopmail.test,Brazil,2021-04-29,Basic,6556.39
6648,Hassan Costa,hassan.costa.6648@example.com,Japan,2025-05-29,Standard,6516.84
6649,Grace Nguyen,grace.nguyen.6649@retail.dev,India,2025-06-08,Standard,4609.14
6650,Liam Brown,liam.brown.6650@example.com,India,2020-01-11,Standard,4150.08
6651,Aarav Singh,aarav.singh.6651@shopmail.test,Australia,2021-07-27,Basic,4344.72
6652,Wei Patel,wei.patel.6652@shopmail.test,United Kingdom,2021-04-24,Standard,1905.09
6653,Amelia Mensah,amelia.mensah.6653@shopmail.test,United States,2026-03-14,Standard,8078.03
6654,Rosa Singh,rosa.singh.6654@retail.dev,United Kingdom,2021-05-15,Standard,10388.80
6655,Wei Williams,wei.williams.6655@retail.dev,United Kingdom,2022-12-30,Premium,318.54
6656,Uma Costa,uma.costa.6656@example.com,Brazil,2021-02-21,Premium,11614.09
6657,Fatima Patel,fatima.patel.6657@shopmail.test,France,2023-01-30,Basic,4499.84
6658,Maya Novak,maya.novak.6658@shopmail.test,France,2022-05-21,Standard,9265.95
6659,Quinn Novak,quinn.novak.6659@retail.dev,Singapore,2021-08-18,Basic,4607.52
6660,Fatima Mensah,fatima.mensah.6660@example.com,United States,2022-07-15,Standard,10052.45
6661,Maya Silva,maya.silva.6661@example.com,France,2024-02-23,Standard,2463.77
6662,Aisha Singh,aisha.singh.6662@shopmail.test,United Kingdom,2024-08-17,Standard,9739.10
6663,Arjun Costa,arjun.costa.6663@shopmail.test,Singapore,2021-05-19,Standard,2482.07
6664,Amelia Silva,amelia.silva.6664@retail.dev,Germany,2023-07-05,Standard,9773.87
6665,Wei Ivanov,wei.ivanov.6665@shopmail.test,Canada,2024-05-13,Standard,10438.87
6666,Diego Ivanov,diego.ivanov.6666@retail.dev,Canada,2023-12-04,Standard,2359.63
6667,Wei Brown,wei.brown.6667@shopmail.test,Japan,2026-09-07,Basic,3377.38
6668,Sofia Kim,sofia.kim.6668@shopmail.test,United Kingdom,2024-02-16,Premium,6528.02
6669,Yara Costa,yara.costa.6669@example.com,Japan,2024-04-11,Basic,9482.54
6670,Jia Novak,jia.novak.6670@example.com,Germany,2026-03-05,Standard,10531.96
6671,Priya Patel,priya.patel.6671@example.com,Germany,2021-06-11,Standard,3392.26
6672,Uma Muller,uma.muller.6672@example.com,Singapore,2025-10-23,Standard,9112.84
6673,Imani Anderson,imani.anderson.6673@retail.dev,India,2021-08-17,Standard,7336.72
6674,Keiko Anderson,keiko.anderson.6674@example.com,Japan,2022-11-24,Premium,9344.09
6675,Yara Ivanov,yara.ivanov.6675@example.com,Brazil,2024-04-03,Standard,3655.97
6676,Omar Silva,omar.silva.6676@shopmail.test,Brazil,2024-05-11,Premium,1943.30
6677,Rosa Williams,rosa.williams.6677@retail.dev,United States,2024-09-10,Basic,2450.38
6678,Hiro Khan,hiro.khan.6678@retail.dev,Japan,2025-06-11,Standard,718.16
6679,Zane Silva,zane.silva.6679@retail.dev,Brazil,2022-04-04,Standard,10256.97
6680,Aarav Garcia,aarav.garcia.6680@shopmail.test,United States,2026-07-06,Standard,3552.89
6681,Omar Mensah,omar.mensah.6681@shopmail.test,India,2024-01-22,Premium,8316.45
6682,Anika Anderson,anika.anderson.6682@retail.dev,France,2026-04-26,Standard,7513.33
6683,Uma Khan,uma.khan.6683@retail.dev,India,2024-07-11,Standard,11215.69
6684,Liam Garcia,liam.garcia.6684@example.com,United States,2024-10-01,Standard,6898.41
6685,Imani Lopez,imani.lopez.6685@example.com,Brazil,2025-08-27,Standard,6294.87
6686,Maya Patel,maya.patel.6686@example.com,Japan,2023-06-30,Basic,1982.08
6687,Priya Sato,priya.sato.6687@shopmail.test,Japan,2024-03-25,Standard,11148.57
6688,Sofia Garcia,sofia.garcia.6688@shopmail.test,United Kingdom,2025-01-15,Standard,1902.47
6689,Priya Novak,priya.novak.6689@example.com,United Kingdom,2025-02-12,Basic,5328.32
6690,Aisha Chen,aisha.chen.6690@retail.dev,United States,2020-09-12,Standard,3191.24
6691,Noah Chen,noah.chen.6691@retail.dev,Brazil,2023-11-17,Basic,3120.28
6692,Lucia Ali,lucia.ali.6692@shopmail.test,Japan,2020-07-01,Basic,9585.08
6693,Elena Khan,elena.khan.6693@retail.dev,France,2022-11-10,Standard,9556.09
6694,Yara Mensah,yara.mensah.6694@example.com,United Kingdom,2021-07-08,Standard,2214.01
6695,Priya Williams,priya.williams.6695@retail.dev,France,2020-05-01,Standard,5084.41
6696,Grace Patel,grace.patel.6696@retail.dev,Brazil,2023-08-04,Basic,7279.94
6697,Omar Costa,omar.costa.6697@retail.dev,Japan,2022-06-30,Standard,6386.17
6698,Aarav Khan,aarav.khan.6698@retail.dev,Australia,2024-12-28,Standard,11070.10
6699,Quinn Muller,quinn.muller.6699@retail.dev,Japan,2024-12-02,Premium,5033.76
6700,Keiko Anderson,keiko.anderson.6700@shopmail.test,Brazil,2023-03-22,Basic,986.54
6701,Lucia Kim,lucia.kim.6701@retail.dev,United Kingdom,2022-08-20,Standard,5289.32
6702,Grace Nguyen,grace.nguyen.6702@shopmail.test,India,2021-05-04,Basic,8032.15
6703,Fatima Okafor,fatima.okafor.6703@shopmail.test,Germany,2026-08-30,Standard,11586.60
6704,Diego Kim,diego.kim.6704@example.com,United States,2025-07-27,Basic,1929.62
6705,Hiro Novak,hiro.novak.6705@retail.dev,Canada,2025-05-10,Standard,1639.98
6706,Uma Anderson,uma.anderson.6706@shopmail.test,Canada,2024-12-09,Standard,8586.92
6707,Wei Anderson,wei.anderson.6707@shopmail.test,France,2021-04-15,Standard,5402.02
6708,Arjun Kim,arjun.kim.6708@shopmail.test,Australia,2025-06-12,Standard,3816.42
6709,Omar Silva,omar.silva.6709@shopmail.test,India,2023-07-18,Basic,7976.26
6710,Fatima Brown,fatima.brown.6710@example.com,Singapore,2026-04-21,Basic,4837.76
6711,Chen Ali,chen.ali.6711@retail.dev,France,2020-08-12,Basic,1965.16
6712,Keiko Novak,keiko.novak.6712@example.com,Australia,2023-01-16,Premium,8002.83
6713,Sofia Sato,sofia.sato.6713@retail.dev,Germany,2021-03-02,Standard,1984.60
6714,Lucia Ivanov,lucia.ivanov.6714@retail.dev,India,2026-01-10,Standard,11868.54
6715,Tara Khan,tara.khan.6715@shopmail.test,India,2026-01-06,Standard,7279.73
6716,Arjun Singh,arjun.singh.6716@shopmail.test,India,2022-11-01,Standard,6024.39
6717,Maya Ivanov,maya.ivanov.6717@shopmail.test,France,2024-10-30,Basic,748.24
6718,Hiro Okafor,hiro.okafor.6718@shopmail.test,Germany,2023-01-05,Standard,645.37
6719,Keiko Garcia,keiko.garcia.6719@shopmail.test,India,2023-06-04,Basic,6965.98
6720,Keiko Muller,keiko.muller.6720@example.com,United Kingdom,2024-02-06,Premium,4800.49
6721,Arjun Ivanov,arjun.ivanov.6721@retail.dev,United States,2024-08-16,Basic,10267.84
6722,Maya Ivanov,maya.ivanov.6722@retail.dev,United Kingdom,2020-11-05,Standard,9403.68
6723,Aarav Patel,aarav.patel.6723@retail.dev,Singapore,2026-09-12,Premium,4721.93
6724,Viktor Brown,viktor.brown.6724@retail.dev,Germany,2023-06-19,Standard,3749.01
6725,Aisha Patel,aisha.patel.6725@shopmail.test,France,2021-01-28,Standard,6239.16
6726,Arjun Okafor,arjun.okafor.6726@example.com,United States,2023-05-06,Basic,7818.52
6727,Yara Brown,yara.brown.6727@retail.dev,Japan,2022-01-10,Basic,1588.14
6728,Maya Williams,maya.williams.6728@example.com,Brazil,2025-02-17,Standard,9898.75
6729,Sofia Khan,sofia.khan.6729@shopmail.test,France,2021-10-08,Premium,11902.46
6730,Maya Kim,maya.kim.6730@retail.dev,France,2020-07-06,Basic,732.94
6731,Sofia Garcia,sofia.garcia.6731@retail.dev,Canada,2021-04-28,Basic,1141.15
6732,Aarav Silva,aarav.silva.6732@shopmail.test,India,2024-01-04,Premium,293.80
6733,Arjun Mensah,arjun.mensah.6733@shopmail.test,Singapore,2024-09-18,Basic,3105.39
6734,Omar Costa,omar.costa.6734@retail.dev,Australia,2024-08-22,Standard,11013.42
6735,Aisha Brown,aisha.brown.6735@retail.dev,Canada,2022-02-27,Standard,10667.95
6736,Amelia Garcia,amelia.garcia.6736@retail.dev,Singapore,2024-08-11,Premium,6112.44
6737,Wei Singh,wei.singh.6737@retail.dev,Japan,2022-02-26,Basic,11788.12
6738,Rosa Okafor,rosa.okafor.6738@retail.dev,Brazil,2023-11-07,Standard,7680.80
6739,Yara Brown,yara.brown.6739@shopmail.test,United Kingdom,2026-04-28,Basic,2267.86
6740,Priya Singh,priya.singh.6740@retail.dev,India,2023-08-16,Standard,9477.63
6741,Sofia Muller,sofia.muller.6741@shopmail.test,Germany,2020-07-22,Basic,1210.16
6742,Aarav Muller,aarav.muller.6742@retail.dev,Canada,2021-07-02,Standard,5952.72
6743,Grace Costa,grace.costa.6743@example.com,Singapore,2022-07-19,Standard,8617.79
6744,Quinn Costa,quinn.costa.6744@shopmail.test,Canada,2023-11-14,Standard,6315.47
6745,Wei Patel,wei.patel.6745@shopmail.test,India,2023-04-23,Basic,10779.10
6746,Fatima Lopez,fatima.lopez.6746@retail.dev,Japan,2023-01-27,Basic,5782.90
6747,Diego Costa,diego.costa.6747@shopmail.test,United Kingdom,2021-02-24,Standard,146.82
6748,Aarav Patel,aarav.patel.6748@shopmail.test,India,2026-09-09,Standard,6719.46
6749,Noah Williams,noah.williams.6749@shopmail.test,Canada,2021-11-07,Standard,2990.37
6750,Arjun Kim,arjun.kim.6750@retail.dev,Australia,2021-06-11,Standard,5098.46
6751,Zane Novak,zane.novak.6751@example.com,Canada,2025-04-08,Basic,627.49
6752,Liam Ali,liam.ali.6752@shopmail.test,Singapore,2020-10-19,Premium,7727.97
6753,Maya Ali,maya.ali.6753@retail.dev,Canada,2020-12-28,Standard,10187.21
6754,Elena Sato,elena.sato.6754@example.com,India,2023-12-07,Basic,4219.58
6755,Sofia Muller,sofia.muller.6755@example.com,Brazil,2023-03-20,Standard,3201.23
6756,Quinn Anderson,quinn.anderson.6756@retail.dev,Germany,2025-10-06,Basic,4987.49
6757,Amelia Muller,amelia.muller.6757@example.com,Australia,2026-08-17,Standard,7790.40
6758,Yara Mensah,yara.mensah.6758@shopmail.test,Australia,2026-01-20,Basic,7878.47
6759,Noah Anderson,noah.anderson.6759@example.com,India,2025-04-19,Standard,8299.37
6760,Liam Nguyen,liam.nguyen.6760@example.com,France,2020-10-27,Standard,9534.92
6761,Grace Silva,grace.silva.6761@shopmail.test,Canada,2021-01-22,Basic,6142.62
6762,Fatima Okafor,fatima.okafor.6762@shopmail.test,Brazil,2026-03-17,Standard,2628.48
6763,Aisha Okafor,aisha.okafor.6763@example.com,Singapore,2020-08-26,Standard,363.40
6764,Hiro Anderson,hiro.anderson.6764@example.com,India,2024-07-05,Basic,4633.34
6765,Jia Lopez,jia.lopez.6765@example.com,India,2022-01-04,Basic,8572.69
6766,James Brown,james.brown.6766@shopmail.test,Singapore,2025-01-29,Standard,11494.44
6767,Liam Patel,liam.patel.6767@retail.dev,Singapore,2022-11-11,Basic,505.11
6768,Tara Muller,tara.muller.6768@shopmail.test,Australia,2024-12-11,Standard,6217.43
6769,Chen Khan,chen.khan.6769@example.com,France,2026-08-09,Standard,10033.74
6770,Maya Kim,maya.kim.6770@example.com,Singapore,2025-10-27,Standard,3343.40
6771,Lucia Muller,lucia.muller.6771@retail.dev,Singapore,2025-09-07,Basic,5442.18
6772,Arjun Williams,arjun.williams.6772@retail.dev,United States,2021-11-09,Standard,1783.02
6773,Anika Ivanov,anika.ivanov.6773@retail.dev,Australia,2023-12-12,Premium,7249.25
6774,Chen Okafor,chen.okafor.6774@retail.dev,Brazil,2023-03-09,Standard,9616.46
6775,Zane Kim,zane.kim.6775@example.com,Germany,2024-01-19,Standard,8821.53
6776,Amelia Mensah,amelia.mensah.6776@retail.dev,Germany,2026-06-09,Basic,2751.95
6777,Omar Costa,omar.costa.6777@example.com,Singapore,2025-07-20,Standard,4610.50
6778,Uma Ivanov,uma.ivanov.6778@retail.dev,United States,2021-01-23,Basic,4569.03
6779,Arjun Kim,arjun.kim.6779@example.com,Brazil,2020-03-24,Basic,9436.10
6780,Liam Ivanov,liam.ivanov.6780@shopmail.test,Japan,2023-06-14,Standard,9259.06
6781,Priya Mensah,priya.mensah.6781@retail.dev,India,2020-08-19,Basic,4228.64
6782,Zane Brown,zane.brown.6782@retail.dev,France,2022-07-20,Standard,7830.86
6783,Diego Kim,diego.kim.6783@shopmail.test,France,2020-01-12,Standard,2608.80
6784,Noah Khan,noah.khan.6784@retail.dev,India,2021-11-29,Basic,5625.28
6785,Quinn Okafor,quinn.okafor.6785@example.com,India,2023-03-21,Standard,9526.52
6786,Imani Williams,imani.williams.6786@retail.dev,Australia,2025-05-02,Standard,1088.96
6787,Chen Sato,chen.sato.6787@retail.dev,United States,2022-04-25,Standard,1629.62
6788,Jia Brown,jia.brown.6788@shopmail.test,Canada,2025-01-01,Standard,8801.51
6789,Fatima Novak,fatima.novak.6789@retail.dev,Singapore,2023-01-01,Basic,9596.49
6790,Imani Sato,imani.sato.6790@retail.dev,France,2023-07-16,Basic,6906.90
6791,Chen Sato,chen.sato.6791@retail.dev,India,2022-04-09,Standard,100.95
6792,Sofia Okafor,sofia.okafor.6792@shopmail.test,Brazil,2025-01-03,Basic,916.69
6793,Viktor Muller,viktor.muller.6793@shopmail.test,United States,2024-08-22,Standard,91.33
6794,Hassan Kim,hassan.kim.6794@example.com,United States,2026-01-27,Standard,1086.86
6795,Zane Khan,zane.khan.6795@example.com,United States,2021-01-02,Standard,5228.89
6796,Keiko Singh,keiko.singh.6796@retail.dev,Australia,2026-06-29,Premium,3351.93
6797,James Ivanov,james.ivanov.6797@retail.dev,Brazil,2020-11-12,Standard,9677.09
6798,Priya Lopez,priya.lopez.6798@example.com,Canada,2020-02-09,Basic,8646.05
6799,Elena Sato,elena.sato.6799@example.com,France,2020-01-07,Basic,37.08
6800,Omar Singh,omar.singh.6800@shopmail.test,Australia,2023-11-02,Standard,8340.27
6801,James Lopez,james.lopez.6801@retail.dev,India,2024-01-25,Basic,10591.80
6802,Maya Okafor,maya.okafor.6802@example.com,Australia,2025-05-18,Basic,1025.98
6803,Aarav Ivanov,aarav.ivanov.6803@retail.dev,India,2025-10-29,Standard,276.62
6804,Elena Muller,elena.muller.6804@shopmail.test,India,2020-08-11,Standard,3581.15
6805,Anika Costa,anika.costa.6805@example.com,France,2025-06-10,Standard,10369.18
6806,Zane Brown,zane.brown.6806@example.com,United States,2022-06-21,Basic,10770.89
6807,Hassan Khan,hassan.khan.6807@shopmail.test,Japan,2023-04-28,Standard,7167.02
6808,Amelia Ivanov,amelia.ivanov.6808@retail.dev,France,2021-09-02,Standard,772.36
6809,Anika Singh,anika.singh.6809@example.com,France,2020-08-18,Standard,10306.94
6810,Imani Kim,imani.kim.6810@shopmail.test,United States,2024-06-15,Standard,2662.54
6811,Hassan Ali,hassan.ali.6811@retail.dev,Singapore,2020-08-28,Standard,1457.51
6812,Omar Okafor,omar.okafor.6812@example.com,Singapore,2024-12-19,Standard,8104.93
6813,Maya Costa,maya.costa.6813@retail.dev,France,2024-08-16,Standard,6823.38
6814,Priya Patel,priya.patel.6814@example.com,India,2026-02-28,Standard,7400.25
6815,Arjun Novak,arjun.novak.6815@shopmail.test,Japan,2025-09-25,Standard,6169.56
6816,Liam Costa,liam.costa.6816@retail.dev,Japan,2025-04-05,Standard,6769.14
6817,Arjun Sato,arjun.sato.6817@retail.dev,France,2022-06-06,Standard,7470.11
6818,Lucia Ivanov,lucia.ivanov.6818@retail.dev,India,2021-12-25,Standard,3062.29
6819,Zane Muller,zane.muller.6819@retail.dev,Brazil,2020-02-20,Basic,11341.81
6820,Amelia Brown,amelia.brown.6820@shopmail.test,United States,2022-11-20,Standard,4012.07
6821,Anika Khan,anika.khan.6821@retail.dev,United Kingdom,2022-06-04,Standard,10298.30
6822,Amelia Brown,amelia.brown.6822@example.com,Canada,2024-04-13,Standard,8789.19
6823,Aarav Chen,aarav.chen.6823@shopmail.test,France,2021-10-14,Basic,2210.57
6824,Grace Novak,grace.novak.6824@shopmail.test,Australia,2021-05-02,Standard,5406.33
6825,Aisha Ali,aisha.ali.6825@example.com,United Kingdom,2023-02-14,Standard,2032.86
6826,Hiro Ali,hiro.ali.6826@retail.dev,United Kingdom,2024-07-30,Standard,5643.47
6827,Tara Muller,tara.muller.6827@example.com,Australia,2021-04-28,Basic,9960.40
6828,Anika Williams,anika.williams.6828@retail.dev,United States,2020-11-01,Basic,4589.96
6829,Aarav Sato,aarav.sato.6829@retail.dev,Canada,2024-12-07,Standard,3663.77
6830,Grace Novak,grace.novak.6830@retail.dev,United Kingdom,2022-12-08,Premium,4181.72
6831,Hassan Kim,hassan.kim.6831@shopmail.test,Japan,2022-07-01,Standard,10895.73
6832,Maya Garcia,maya.garcia.6832@shopmail.test,Japan,2020-10-24,Standard,8236.06
6833,Noah Patel,noah.patel.6833@shopmail.test,United States,2020-03-27,Standard,10130.59
6834,Omar Ivanov,omar.ivanov.6834@shopmail.test,Canada,2025-11-10,Premium,11537.26
6835,Viktor Garcia,viktor.garcia.6835@retail.dev,France,2024-10-22,Basic,5134.03
6836,Anika Kim,anika.kim.6836@retail.dev,Canada,2025-05-07,Basic,8225.91
6837,Chen Anderson,chen.anderson.6837@retail.dev,United States,2024-08-03,Basic,5638.76
6838,Hassan Williams,hassan.williams.6838@retail.dev,United States,2023-11-12,Standard,3379.56
6839,Fatima Novak,fatima.novak.6839@retail.dev,Australia,2025-05-18,Standard,8217.88
6840,Quinn Okafor,quinn.okafor.6840@example.com,United States,2021-12-24,Standard,105.98
6841,Diego Garcia,diego.garcia.6841@shopmail.test,United Kingdom,2024-02-06,Premium,9441.86
6842,Jia Singh,jia.singh.6842@example.com,Canada,2026-08-11,Standard,5236.57
6843,Noah Costa,noah.costa.6843@example.com,Singapore,2025-04-01,Standard,7752.08
6844,Fatima Ali,fatima.ali.6844@example.com,Australia,2023-11-19,Basic,11188.14
6845,Amelia Novak,amelia.novak.6845@shopmail.test,Germany,2026-06-03,Premium,145.02
6846,Diego Sato,diego.sato.6846@shopmail.test,Brazil,2021-07-02,Basic,5330.72
6847,Aisha Chen,aisha.chen.6847@example.com,France,2023-09-02,Standard,10207.75
6848,Liam Nguyen,liam.nguyen.6848@retail.dev,Australia,2022-08-19,Standard,8928.86
6849,Fatima Khan,fatima.khan.6849@example.com,Germany,2023-02-13,Standard,9459.38
6850,Liam Anderson,liam.anderson.6850@shopmail.test,Brazil,2021-04-25,Premium,7784.25
6851,Imani Novak,imani.novak.6851@shopmail.test,United Kingdom,2023-02-06,Basic,8074.60
6852,Diego Novak,diego.novak.6852@shopmail.test,Germany,2026-02-13,Basic,4365.97
6853,Chen Khan,chen.khan.6853@example.com,Singapore,2025-04-11,Standard,6063.28
6854,Keiko Muller,keiko.muller.6854@shopmail.test,India,2021-04-25,Standard,10769.31
6855,Priya Muller,priya.muller.6855@example.com,United Kingdom,2021-08-25,Standard,3032.11
6856,Rosa Khan,rosa.khan.6856@retail.dev,France,2026-05-19,Standard,8912.42
6857,Hassan Ivanov,hassan.ivanov.6857@example.com,Australia,2021-11-10,Standard,5902.71
6858,Aarav Anderson,aarav.anderson.6858@shopmail.test,Australia,2024-09-17,Basic,10283.81
6859,Rosa Williams,rosa.williams.6859@retail.dev,India,2020-06-30,Basic,3675.22
6860,Noah Costa,noah.costa.6860@example.com,Japan,2020-06-19,Standard,8152.90
6861,Imani Nguyen,imani.nguyen.6861@retail.dev,India,2024-02-05,Basic,6270.77
6862,Maya Khan,maya.khan.6862@example.com,Australia,2025-01-24,Premium,5147.59
6863,Viktor Williams,viktor.williams.6863@retail.dev,United States,2025-03-11,Basic,4581.84
6864,Hiro Singh,hiro.singh.6864@shopmail.test,India,2026-01-14,Premium,8125.35
6865,Sofia Khan,sofia.khan.6865@shopmail.test,United States,2020-12-04,Basic,11923.56
6866,Amelia Garcia,amelia.garcia.6866@shopmail.test,United States,2024-02-24,Standard,1649.75
6867,Sofia Khan,sofia.khan.6867@shopmail.test,Brazil,2023-05-16,Basic,9957.44
6868,Keiko Brown,keiko.brown.6868@retail.dev,France,2024-04-04,Basic,6549.22
6869,Diego Okafor,diego.okafor.6869@retail.dev,Singapore,2021-01-02,Standard,5288.98
6870,Lucia Okafor,lucia.okafor.6870@retail.dev,Australia,2020-02-02,Standard,10344.16
6871,Elena Williams,elena.williams.6871@retail.dev,United Kingdom,2022-01-24,Standard,7010.31
6872,Tara Nguyen,tara.nguyen.6872@retail.dev,Singapore,2021-09-06,Standard,9324.88
6873,Imani Brown,imani.brown.6873@example.com,Brazil,2025-01-29,Standard,4381.11
6874,Tara Lopez,tara.lopez.6874@example.com,Australia,2023-01-10,Basic,4002.80
6875,Yara Lopez,yara.lopez.6875@retail.dev,Germany,2021-09-25,Basic,1859.47
6876,Tara Sato,tara.sato.6876@example.com,Singapore,2024-07-28,Basic,8127.37
6877,Maya Lopez,maya.lopez.6877@example.com,Japan,2021-05-14,Standard,706.15
6878,Priya Lopez,priya.lopez.6878@retail.dev,Germany,2020-06-30,Basic,5204.46
6879,Noah Novak,noah.novak.6879@shopmail.test,Japan,2022-12-13,Standard,467.34
6880,Diego Williams,diego.williams.6880@example.com,Singapore,2021-09-14,Standard,870.47
6881,Liam Lopez,liam.lopez.6881@retail.dev,Australia,2020-03-01,Standard,2246.85
6882,Quinn Okafor,quinn.okafor.6882@retail.dev,Germany,2021-03-09,Basic,2964.46
6883,Omar Anderson,omar.anderson.6883@retail.dev,France,2024-01-15,Standard,4013.33
6884,Yara Nguyen,yara.nguyen.6884@shopmail.test,Singapore,2023-07-18,Standard,8246.80
6885,Grace Garcia,grace.garcia.6885@retail.dev,Japan,2021-07-28,Standard,2038.13
6886,Noah Ali,noah.ali.6886@retail.dev,Japan,2020-01-07,Standard,11320.35
6887,Yara Lopez,yara.lopez.6887@example.com,Brazil,2020-05-07,Standard,1123.85
6888,Anika Costa,anika.costa.6888@example.com,France,2026-09-06,Basic,10971.19
6889,Aarav Muller,aarav.muller.6889@shopmail.test,Japan,2024-08-22,Standard,6103.43
6890,Priya Williams,priya.williams.6890@example.com,Brazil,2023-03-18,Standard,9244.23
6891,Arjun Kim,arjun.kim.6891@retail.dev,Brazil,2022-03-23,Standard,10310.13
6892,Keiko Ivanov,keiko.ivanov.6892@example.com,United Kingdom,2022-05-20,Basic,9381.53
6893,Quinn Ali,quinn.ali.6893@shopmail.test,Germany,2020-11-06,Standard,6064.02
6894,Liam Costa,liam.costa.6894@shopmail.test,Singapore,2022-09-12,Premium,7105.49
6895,Zane Okafor,zane.okafor.6895@retail.dev,Canada,2023-09-11,Basic,4525.21
6896,Chen Kim,chen.kim.6896@example.com,United Kingdom,2026-03-24,Premium,9116.93
6897,Tara Williams,tara.williams.6897@example.com,Germany,2025-04-19,Standard,2014.43
6898,Anika Kim,anika.kim.6898@retail.dev,Brazil,2021-10-15,Basic,4297.74
6899,Grace Lopez,grace.lopez.6899@example.com,United Kingdom,2020-01-31,Standard,1595.46
6900,Arjun Garcia,arjun.garcia.6900@example.com,Canada,2025-06-27,Standard,5387.05
6901,Chen Muller,chen.muller.6901@retail.dev,Japan,2021-07-29,Standard,3793.71
6902,Amelia Garcia,amelia.garcia.6902@example.com,France,2025-12-23,Standard,9747.62
6903,Diego Anderson,diego.anderson.6903@shopmail.test,India,2022-12-07,Premium,4145.23
6904,Wei Lopez,wei.lopez.6904@example.com,Singapore,2021-01-01,Standard,6807.98
6905,Hiro Muller,hiro.muller.6905@example.com,Brazil,2021-01-31,Basic,247.77
6906,Noah Nguyen,noah.nguyen.6906@retail.dev,India,2023-08-19,Premium,4778.56
6907,Arjun Khan,arjun.khan.6907@retail.dev,Brazil,2026-02-03,Standard,925.06
6908,Zane Patel,zane.patel.6908@retail.dev,United Kingdom,2021-12-24,Premium,6799.08
6909,Uma Novak,uma.novak.6909@shopmail.test,France,2023-06-30,Premium,10390.30
6910,Noah Lopez,noah.lopez.6910@shopmail.test,United States,2020-12-03,Basic,2853.74
6911,Yara Mensah,yara.mensah.6911@example.com,Canada,2025-07-21,Premium,5903.86
6912,Hiro Patel,hiro.patel.6912@retail.dev,Germany,2026-05-29,Basic,111.23
6913,Quinn Singh,quinn.singh.6913@example.com,United Kingdom,2022-07-25,Standard,2501.54
6914,Zane Lopez,zane.lopez.6914@example.com,United States,2022-02-06,Standard,3922.37
6915,Grace Ali,grace.ali.6915@example.com,United States,2023-01-19,Standard,1456.22
6916,Wei Singh,wei.singh.6916@example.com,Germany,2020-11-01,Basic,11372.63
6917,Elena Silva,elena.silva.6917@example.com,Singapore,2020-04-30,Standard,5331.48
6918,Uma Silva,uma.silva.6918@example.com,Germany,2023-04-16,Basic,5746.16
6919,Hassan Ali,hassan.ali.6919@retail.dev,United States,2024-09-14,Standard,2885.34
6920,Elena Lopez,elena.lopez.6920@shopmail.test,Brazil,2022-07-11,Standard,6221.80
6921,Fatima Khan,fatima.khan.6921@retail.dev,United States,2022-06-25,Standard,7066.83
6922,Quinn Anderson,quinn.anderson.6922@shopmail.test,India,2020-04-23,Basic,3598.87
6923,Priya Lopez,priya.lopez.6923@shopmail.test,France,2025-06-22,Standard,1132.96
6924,Liam Muller,liam.muller.6924@example.com,Germany,2021-05-11,Standard,4368.61
6925,Maya Sato,maya.sato.6925@retail.dev,Canada,2024-02-25,Basic,4345.03
6926,Imani Costa,imani.costa.6926@retail.dev,Singapore,2021-10-22,Premium,6036.50
6927,Aarav Silva,aarav.silva.6927@shopmail.test,United Kingdom,2022-05-24,Standard,1161.69
6928,Noah Williams,noah.williams.6928@retail.dev,United States,2026-02-20,Basic,108.42
6929,Uma Novak,uma.novak.6929@example.com,Brazil,2021-04-04,Basic,9193.50
6930,Hassan Kim,hassan.kim.6930@shopmail.test,Brazil,2026-06-27,Basic,4693.85
6931,Omar Singh,omar.singh.6931@shopmail.test,India,2020-03-26,Standard,1152.37
6932,Priya Silva,priya.silva.6932@example.com,Singapore,2025-10-11,Standard,3423.20
6933,Priya Ivanov,priya.ivanov.6933@retail.dev,Japan,2023-11-17,Standard,10560.14
6934,Uma Okafor,uma.okafor.6934@shopmail.test,Japan,2021-11-05,Premium,10661.95
6935,Keiko Garcia,keiko.garcia.6935@retail.dev,Australia,2020-05-02,Basic,4616.86
6936,Elena Costa,elena.costa.6936@shopmail.test,Canada,2025-06-21,Standard,3561.87
6937,Tara Silva,tara.silva.6937@shopmail.test,Canada,2025-04-05,Premium,10884.88
6938,Hassan Khan,hassan.khan.6938@shopmail.test,Australia,2020-09-20,Basic,4375.85
6939,Aarav Chen,aarav.chen.6939@example.com,France,2020-07-27,Premium,7546.85
6940,Rosa Ali,rosa.ali.6940@shopmail.test,France,2023-12-04,Standard,2369.70
6941,Yara Sato,yara.sato.6941@retail.dev,Canada,2021-07-07,Basic,8262.93
6942,Diego Ivanov,diego.ivanov.6942@example.com,Singapore,2021-01-15,Premium,9405.32
6943,Liam Nguyen,liam.nguyen.6943@example.com,Canada,2022-12-05,Standard,7748.60
6944,Quinn Ivanov,quinn.ivanov.6944@example.com,France,2023-05-02,Standard,1831.65
6945,Aarav Mensah,aarav.mensah.6945@shopmail.test,United States,2023-04-25,Premium,734.50
6946,Chen Nguyen,chen.nguyen.6946@example.com,United Kingdom,2024-01-26,Standard,3892.93
6947,Diego Sato,diego.sato.6947@example.com,Japan,2021-01-17,Standard,2258.04
6948,Aarav Ali,aarav.ali.6948@shopmail.test,Canada,2023-11-19,Standard,854.43
6949,Priya Patel,priya.patel.6949@shopmail.test,Singapore,2021-01-29,Standard,11730.14
6950,Aisha Singh,aisha.singh.6950@example.com,Brazil,2026-02-28,Standard,1997.56
6951,Diego Novak,diego.novak.6951@retail.dev,France,2022-04-16,Standard,10177.69
6952,Noah Kim,noah.kim.6952@retail.dev,India,2020-04-17,Basic,11515.84
6953,Tara Ali,tara.ali.6953@shopmail.test,United Kingdom,2024-09-29,Standard,11707.82
6954,Arjun Patel,arjun.patel.6954@shopmail.test,Brazil,2024-04-16,Standard,3351.37
6955,Imani Sato,imani.sato.6955@example.com,Australia,2025-03-13,Standard,4283.34
6956,Wei Patel,wei.patel.6956@retail.dev,United Kingdom,2026-03-23,Standard,4252.07
6957,Omar Costa,omar.costa.6957@retail.dev,Singapore,2022-10-12,Basic,9942.39
6958,Maya Silva,maya.silva.6958@retail.dev,Singapore,2023-12-29,Standard,211.97
6959,Wei Nguyen,wei.nguyen.6959@retail.dev,Australia,2025-10-08,Standard,124.21
6960,Omar Brown,omar.brown.6960@example.com,Australia,2021-03-14,Standard,6356.33
6961,Priya Brown,priya.brown.6961@retail.dev,Japan,2021-07-31,Premium,2248.25
6962,Sofia Ivanov,sofia.ivanov.6962@example.com,Singapore,2023-10-13,Basic,1435.90
6963,Tara Williams,tara.williams.6963@example.com,Singapore,2020-05-24,Basic,2248.47
6964,Sofia Patel,sofia.patel.6964@shopmail.test,Germany,2023-10-19,Standard,11649.83
6965,Wei Anderson,wei.anderson.6965@retail.dev,Japan,2026-01-26,Standard,660.66
6966,Grace Anderson,grace.anderson.6966@shopmail.test,France,2021-03-04,Basic,7657.23
6967,Maya Silva,maya.silva.6967@retail.dev,United States,2020-09-23,Standard,7769.12
6968,Hassan Anderson,hassan.anderson.6968@example.com,Singapore,2025-06-28,Basic,6954.21
6969,Hiro Okafor,hiro.okafor.6969@shopmail.test,Canada,2023-04-16,Basic,9120.20
6970,Aarav Ivanov,aarav.ivanov.6970@shopmail.test,Germany,2026-08-18,Basic,11932.59
6971,Liam Mensah,liam.mensah.6971@shopmail.test,Germany,2024-11-12,Standard,6638.85
6972,Anika Brown,anika.brown.6972@shopmail.test,Singapore,2024-03-06,Standard,5109.71
6973,Yara Mensah,yara.mensah.6973@shopmail.test,Germany,2021-10-31,Standard,2181.18
6974,Chen Okafor,chen.okafor.6974@example.com,Brazil,2022-06-13,Standard,3192.04
6975,Sofia Patel,sofia.patel.6975@example.com,Singapore,2022-02-19,Standard,7625.54
6976,Priya Patel,priya.patel.6976@retail.dev,United Kingdom,2023-08-30,Standard,9183.35
6977,Yara Sato,yara.sato.6977@example.com,Brazil,2020-09-14,Standard,3715.59
6978,Imani Williams,imani.williams.6978@retail.dev,Brazil,2022-08-02,Standard,6938.16
6979,Imani Chen,imani.chen.6979@example.com,Australia,2020-12-17,Standard,8988.74
6980,Tara Garcia,tara.garcia.6980@example.com,Canada,2026-07-16,Premium,9514.47
6981,Chen Muller,chen.muller.6981@retail.dev,Germany,2024-10-18,Basic,5311.20
6982,Jia Muller,jia.muller.6982@example.com,Japan,2025-12-27,Premium,2633.81
6983,Fatima Khan,fatima.khan.6983@retail.dev,Brazil,2023-03-22,Premium,4149.89
6984,Quinn Kim,quinn.kim.6984@example.com,United Kingdom,2024-11-26,Basic,1736.10
6985,Anika Costa,anika.costa.6985@example.com,Brazil,2025-03-04,Standard,10764.33
6986,Diego Sato,diego.sato.6986@example.com,Australia,2025-03-04,Standard,10632.77
6987,Grace Kim,grace.kim.6987@shopmail.test,France,2023-02-23,Basic,3900.38
6988,Viktor Costa,viktor.costa.6988@example.com,United Kingdom,2025-01-25,Basic,11878.10
6989,Sofia Lopez,sofia.lopez.6989@shopmail.test,France,2025-09-27,Standard,7119.63
6990,Elena Okafor,elena.okafor.6990@retail.dev,Singapore,2020-03-18,Premium,10421.42
6991,Fatima Muller,fatima.muller.6991@retail.dev,Australia,2026-02-25,Standard,1516.79
6992,Keiko Williams,keiko.williams.6992@example.com,Japan,2021-03-02,Standard,10826.13
6993,Liam Patel,liam.patel.6993@retail.dev,United States,2022-12-19,Basic,6111.36
6994,Sofia Silva,sofia.silva.6994@retail.dev,India,2023-02-26,Standard,4840.71
6995,Lucia Williams,lucia.williams.6995@shopmail.test,France,2021-11-29,Standard,5620.78
6996,Aisha Chen,aisha.chen.6996@example.com,United Kingdom,2025-02-16,Standard,9705.11
6997,Fatima Ali,fatima.ali.6997@example.com,Brazil,2022-03-10,Standard,6207.45
6998,Yara Silva,yara.silva.6998@retail.dev,United States,2021-09-13,Standard,2437.04
6999,Grace Brown,grace.brown.6999@retail.dev,Japan,2020-01-28,Standard,64.34
7000,Tara Muller,tara.muller.7000@shopmail.test,Canada,2023-02-09,Standard,7863.02
7001,Keiko Ivanov,keiko.ivanov.7001@example.com,Japan,2022-11-10,Standard,8711.12
7002,Quinn Ivanov,quinn.ivanov.7002@example.com,Brazil,2026-03-23,Basic,2461.49
7003,Omar Silva,omar.silva.7003@retail.dev,United Kingdom,2021-10-22,Standard,9722.73
7004,Lucia Garcia,lucia.garcia.7004@retail.dev,India,2024-01-30,Standard,2510.32
7005,Hiro Williams,hiro.williams.7005@example.com,Germany,2025-12-31,Standard,11191.97
7006,Imani Okafor,imani.okafor.7006@example.com,Japan,2020-09-16,Standard,7828.67
7007,Grace Garcia,grace.garcia.7007@example.com,India,2025-04-23,Basic,5474.54
7008,Liam Okafor,liam.okafor.7008@example.com,France,2023-06-22,Standard,197.10
7009,Yara Sato,yara.sato.7009@retail.dev,United States,2025-12-13,Standard,70.51
7010,Elena Ali,elena.ali.7010@example.com,Japan,2020-12-26,Standard,6455.90
7011,Liam Muller,liam.muller.7011@retail.dev,Japan,2024-12-24,Standard,2676.19
7012,Hassan Ali,hassan.ali.7012@retail.dev,India,2022-07-03,Basic,11946.60
7013,Zane Nguyen,zane.nguyen.7013@shopmail.test,France,2025-01-09,Standard,6214.79
7014,Maya Singh,maya.singh.7014@shopmail.test,Singapore,2022-10-20,Standard,2959.91
7015,Liam Silva,liam.silva.7015@example.com,Brazil,2022-09-22,Basic,9320.98
7016,Chen Costa,chen.costa.7016@example.com,Australia,2025-09-26,Standard,10321.26
7017,James Nguyen,james.nguyen.7017@shopmail.test,Brazil,2022-08-04,Basic,9815.74
7018,Lucia Anderson,lucia.anderson.7018@shopmail.test,United States,2020-09-21,Standard,3371.27
7019,Amelia Sato,amelia.sato.7019@example.com,Canada,2020-11-13,Basic,6747.28
7020,Grace Mensah,grace.mensah.7020@example.com,United States,2021-03-06,Basic,10646.48
7021,Lucia Khan,lucia.khan.7021@shopmail.test,Japan,2024-09-15,Premium,6593.28
7022,Hassan Lopez,hassan.lopez.7022@retail.dev,Japan,2022-01-31,Standard,5397.87
7023,James Garcia,james.garcia.7023@example.com,Brazil,2025-05-18,Basic,9640.74
7024,Jia Ivanov,jia.ivanov.7024@example.com,Singapore,2020-04-13,Basic,11691.38
7025,Wei Brown,wei.brown.7025@retail.dev,Singapore,2020-09-28,Basic,4906.48
7026,Aisha Ivanov,aisha.ivanov.7026@retail.dev,France,2024-01-13,Basic,3519.04
7027,Maya Chen,maya.chen.7027@shopmail.test,France,2022-10-25,Standard,11497.56
7028,Yara Muller,yara.muller.7028@shopmail.test,France,2022-10-07,Standard,10015.76
7029,Sofia Garcia,sofia.garcia.7029@shopmail.test,Brazil,2025-09-08,Standard,2676.61
7030,Keiko Okafor,keiko.okafor.7030@retail.dev,Canada,2025-11-18,Standard,1678.70
7031,Zane Brown,zane.brown.7031@retail.dev,Japan,2025-08-30,Standard,907.68
7032,Yara Khan,yara.khan.7032@retail.dev,India,2024-12-06,Standard,6507.39
7033,Diego Novak,diego.novak.7033@shopmail.test,Australia,2024-03-25,Premium,1588.06
7034,Aarav Nguyen,aarav.nguyen.7034@retail.dev,United States,2023-12-10,Basic,4694.51
7035,Arjun Kim,arjun.kim.7035@shopmail.test,Singapore,2025-05-17,Basic,2097.37
7036,Lucia Chen,lucia.chen.7036@retail.dev,United States,2020-10-20,Basic,9114.31
7037,Zane Muller,zane.muller.7037@example.com,Singapore,2024-11-29,Basic,2519.67
7038,Grace Anderson,grace.anderson.7038@retail.dev,United States,2022-07-01,Basic,6107.44
7039,Grace Khan,grace.khan.7039@shopmail.test,Singapore,2025-07-03,Standard,7511.01
7040,Wei Chen,wei.chen.7040@shopmail.test,United Kingdom,2020-02-09,Standard,4519.49
7041,Aarav Williams,aarav.williams.7041@retail.dev,Brazil,2024-08-19,Basic,1242.54
7042,Yara Anderson,yara.anderson.7042@example.com,Singapore,2025-07-24,Basic,8961.85
7043,Tara Khan,tara.khan.7043@example.com,India,2020-11-23,Standard,7479.22
7044,Priya Okafor,priya.okafor.7044@example.com,United Kingdom,2024-02-12,Standard,2199.79
7045,Wei Lopez,wei.lopez.7045@shopmail.test,Canada,2024-03-09,Standard,4394.53
7046,Liam Lopez,liam.lopez.7046@example.com,Brazil,2022-05-19,Standard,6674.05
7047,Priya Anderson,priya.anderson.7047@shopmail.test,Australia,2023-10-28,Standard,10460.60
7048,Keiko Khan,keiko.khan.7048@shopmail.test,United Kingdom,2025-11-13,Basic,9163.30
7049,Aisha Ali,aisha.ali.7049@shopmail.test,France,2024-07-15,Premium,368.46
7050,Uma Kim,uma.kim.7050@example.com,Australia,2024-07-29,Basic,9653.91
7051,Diego Garcia,diego.garcia.7051@retail.dev,India,2024-12-09,Standard,274.64
7052,Grace Costa,grace.costa.7052@retail.dev,United Kingdom,2024-03-14,Standard,5569.70
7053,Liam Garcia,liam.garcia.7053@shopmail.test,Singapore,2023-04-16,Standard,9115.79
7054,Jia Brown,jia.brown.7054@shopmail.test,France,2025-02-19,Standard,9510.24
7055,Tara Anderson,tara.anderson.7055@example.com,France,2024-04-23,Standard,3238.15
7056,Aarav Singh,aarav.singh.7056@example.com,Canada,2022-03-07,Standard,6310.57
7057,Noah Ali,noah.ali.7057@example.com,Japan,2024-11-17,Standard,4541.57
7058,Quinn Kim,quinn.kim.7058@retail.dev,United States,2025-10-05,Standard,3859.66
7059,Grace Kim,grace.kim.7059@example.com,Canada,2023-03-30,Standard,2335.73
7060,Liam Mensah,liam.mensah.7060@retail.dev,France,2022-12-01,Standard,1678.91
7061,Anika Ali,anika.ali.7061@example.com,India,2022-09-14,Basic,7359.27
7062,Omar Novak,omar.novak.7062@retail.dev,Canada,2022-05-03,Basic,7217.91
7063,Grace Khan,grace.khan.7063@example.com,Canada,2020-10-14,Standard,1040.08
7064,Viktor Brown,viktor.brown.7064@retail.dev,United States,2023-09-15,Basic,7289.74
7065,Yara Patel,yara.patel.7065@retail.dev,Brazil,2025-05-01,Standard,4827.88
7066,Arjun Muller,arjun.muller.7066@shopmail.test,Australia,2020-08-23,Standard,2536.64
7067,Jia Williams,jia.williams.7067@retail.dev,Australia,2022-03-22,Standard,907.57
7068,Anika Patel,anika.patel.7068@shopmail.test,Brazil,2023-03-12,Premium,4802.25
7069,Zane Lopez,zane.lopez.7069@retail.dev,Germany,2025-06-16,Standard,9659.40
7070,Rosa Silva,rosa.silva.7070@shopmail.test,Germany,2021-06-27,Standard,7227.69
7071,Jia Garcia,jia.garcia.7071@shopmail.test,Singapore,2026-08-10,Standard,3780.45
7072,Anika Silva,anika.silva.7072@shopmail.test,United States,2020-05-03,Basic,3686.22
7073,Yara Nguyen,yara.nguyen.7073@shopmail.test,Canada,2026-01-13,Basic,10603.73
7074,Diego Chen,diego.chen.7074@shopmail.test,France,2025-12-04,Premium,10089.45
7075,Maya Sato,maya.sato.7075@shopmail.test,Canada,2021-05-10,Standard,4679.12
7076,Sofia Chen,sofia.chen.7076@retail.dev,France,2025-11-03,Standard,6086.84
7077,Noah Anderson,noah.anderson.7077@example.com,Singapore,2025-10-28,Basic,6230.65
7078,Yara Garcia,yara.garcia.7078@shopmail.test,Singapore,2023-05-01,Premium,8320.10
7079,Aisha Novak,aisha.novak.7079@shopmail.test,Canada,2023-03-14,Standard,8251.81
7080,Jia Sato,jia.sato.7080@shopmail.test,Canada,2022-02-01,Standard,5446.46
7081,Fatima Brown,fatima.brown.7081@example.com,Singapore,2021-09-08,Standard,4958.28
7082,Hassan Sato,hassan.sato.7082@shopmail.test,Canada,2025-02-27,Basic,1978.24
7083,Wei Patel,wei.patel.7083@retail.dev,Germany,2025-02-12,Standard,1107.15
7084,Noah Kim,noah.kim.7084@shopmail.test,Japan,2022-10-31,Standard,112.31
7085,Chen Chen,chen.chen.7085@retail.dev,Singapore,2020-05-06,Standard,4981.51
7086,Quinn Kim,quinn.kim.7086@retail.dev,Brazil,2020-03-17,Standard,7769.58
7087,Keiko Mensah,keiko.mensah.7087@example.com,United Kingdom,2020-01-02,Basic,5649.56
7088,Diego Ali,diego.ali.7088@example.com,Australia,2022-06-01,Basic,7217.55
7089,Imani Mensah,imani.mensah.7089@retail.dev,France,2025-05-12,Standard,3671.16
7090,Uma Muller,uma.muller.7090@shopmail.test,United Kingdom,2021-01-11,Basic,5763.44
7091,Liam Lopez,liam.lopez.7091@retail.dev,Japan,2022-01-12,Standard,8780.14
7092,James Garcia,james.garcia.7092@retail.dev,France,2024-07-11,Basic,9551.48
7093,Diego Chen,diego.chen.7093@example.com,France,2021-05-03,Standard,11262.98
7094,Arjun Costa,arjun.costa.7094@shopmail.test,France,2025-10-13,Standard,351.03
7095,Imani Singh,imani.singh.7095@shopmail.test,Germany,2023-02-07,Standard,5443.79
7096,Imani Costa,imani.costa.7096@shopmail.test,Singapore,2023-01-06,Basic,9639.26
7097,Omar Brown,omar.brown.7097@shopmail.test,France,2023-03-22,Premium,1329.52
7098,Chen Patel,chen.patel.7098@retail.dev,India,2026-01-24,Standard,10177.93
7099,Viktor Williams,viktor.williams.7099@example.com,Japan,2022-10-19,Basic,11016.71
7100,Aarav Anderson,aarav.anderson.7100@example.com,France,2026-08-10,Standard,249.88
7101,Hassan Anderson,hassan.anderson.7101@shopmail.test,Singapore,2023-03-29,Standard,4807.66
7102,James Novak,james.novak.7102@example.com,Germany,2020-06-10,Premium,978.58
7103,Diego Garcia,diego.garcia.7103@shopmail.test,United Kingdom,2023-07-18,Premium,3623.09
7104,Yara Brown,yara.brown.7104@retail.dev,India,2025-02-11,Standard,8281.89
7105,Jia Ivanov,jia.ivanov.7105@retail.dev,India,2025-10-19,Standard,10151.13
7106,Keiko Mensah,keiko.mensah.7106@example.com,Germany,2026-05-26,Basic,2388.24
7107,Elena Brown,elena.brown.7107@example.com,United States,2024-11-20,Basic,7396.24
7108,Amelia Chen,amelia.chen.7108@shopmail.test,France,2023-01-01,Standard,3862.78
7109,Amelia Ivanov,amelia.ivanov.7109@retail.dev,Australia,2021-12-18,Basic,10098.76
7110,Aisha Ivanov,aisha.ivanov.7110@retail.dev,Canada,2023-02-26,Premium,2585.32
7111,Amelia Okafor,amelia.okafor.7111@shopmail.test,India,2022-10-03,Standard,7670.33
7112,Diego Sato,diego.sato.7112@shopmail.test,Canada,2024-10-19,Standard,10721.21
7113,James Garcia,james.garcia.7113@example.com,Japan,2021-06-06,Basic,9607.50
7114,Fatima Ivanov,fatima.ivanov.7114@shopmail.test,United States,2025-02-06,Standard,5241.23
7115,Amelia Novak,amelia.novak.7115@retail.dev,Singapore,2025-10-02,Standard,8471.70
7116,Anika Costa,anika.costa.7116@shopmail.test,Canada,2022-05-10,Basic,11785.41
7117,Uma Nguyen,uma.nguyen.7117@shopmail.test,India,2023-11-05,Standard,11568.91
7118,Uma Chen,uma.chen.7118@shopmail.test,Japan,2024-09-27,Basic,7767.07
7119,Amelia Muller,amelia.muller.7119@shopmail.test,United Kingdom,2025-09-06,Standard,8546.47
7120,Elena Sato,elena.sato.7120@example.com,Japan,2020-06-26,Standard,3296.68
7121,Viktor Brown,viktor.brown.7121@example.com,Canada,2020-03-16,Standard,10526.33
7122,Aisha Singh,aisha.singh.7122@shopmail.test,United Kingdom,2023-07-15,Basic,5026.57
7123,Arjun Patel,arjun.patel.7123@retail.dev,France,2024-07-02,Standard,7950.92
7124,Anika Kim,anika.kim.7124@retail.dev,Brazil,2023-11-29,Basic,5465.64
7125,Arjun Brown,arjun.brown.7125@shopmail.test,Japan,2022-09-03,Basic,2803.62
7126,Fatima Lopez,fatima.lopez.7126@shopmail.test,Canada,2023-06-21,Standard,9171.77
7127,Wei Silva,wei.silva.7127@retail.dev,United States,2026-02-18,Premium,3861.99
7128,Aisha Ali,aisha.ali.7128@example.com,United Kingdom,2021-11-06,Basic,8782.85
7129,Maya Singh,maya.singh.7129@example.com,United States,2020-07-14,Basic,6733.41
7130,Wei Brown,wei.brown.7130@example.com,Canada,2022-02-12,Standard,10193.36
7131,Omar Khan,omar.khan.7131@shopmail.test,India,2022-02-01,Basic,1929.73
7132,Aarav Brown,aarav.brown.7132@shopmail.test,France,2024-02-01,Basic,4428.10
7133,Uma Silva,uma.silva.7133@shopmail.test,Australia,2025-08-30,Standard,5986.46
7134,Rosa Mensah,rosa.mensah.7134@example.com,Singapore,2026-02-15,Standard,10015.76
7135,Elena Novak,elena.novak.7135@example.com,Singapore,2026-07-05,Basic,2510.06
7136,Priya Singh,priya.singh.7136@shopmail.test,Brazil,2020-11-21,Basic,6067.39
7137,Lucia Mensah,lucia.mensah.7137@retail.dev,United States,2025-12-13,Basic,9427.92
7138,Priya Ali,priya.ali.7138@retail.dev,Germany,2023-10-25,Standard,8719.35
7139,Noah Mensah,noah.mensah.7139@example.com,Japan,2025-10-24,Standard,8193.37
7140,Noah Chen,noah.chen.7140@retail.dev,Japan,2024-11-05,Basic,7583.17
7141,Grace Lopez,grace.lopez.7141@shopmail.test,France,2020-03-13,Basic,9050.38
7142,Chen Brown,chen.brown.7142@example.com,India,2024-03-24,Standard,67.44
7143,Jia Kim,jia.kim.7143@shopmail.test,Japan,2025-12-28,Basic,6103.20
7144,Jia Brown,jia.brown.7144@example.com,India,2020-08-06,Basic,6637.19
7145,Aisha Okafor,aisha.okafor.7145@example.com,United States,2023-10-30,Basic,7964.56
7146,Fatima Lopez,fatima.lopez.7146@shopmail.test,Germany,2026-07-25,Basic,10642.86
7147,Maya Anderson,maya.anderson.7147@shopmail.test,Brazil,2024-06-21,Basic,11037.14
7148,Keiko Khan,keiko.khan.7148@shopmail.test,Canada,2021-11-18,Premium,3592.02
7149,Aarav Okafor,aarav.okafor.7149@example.com,Japan,2022-08-22,Standard,6900.53
7150,Omar Novak,omar.novak.7150@example.com,France,2020-01-02,Premium,2190.97
7151,Keiko Nguyen,keiko.nguyen.7151@retail.dev,Canada,2020-10-21,Basic,7430.16
7152,Yara Silva,yara.silva.7152@shopmail.test,France,2024-11-10,Premium,7672.49
7153,Priya Ivanov,priya.ivanov.7153@shopmail.test,Singapore,2023-01-29,Standard,11892.36
7154,Elena Singh,elena.singh.7154@example.com,United States,2022-01-19,Standard,5058.09
7155,Lucia Muller,lucia.muller.7155@example.com,United States,2021-03-11,Basic,10815.55
7156,Omar Anderson,omar.anderson.7156@retail.dev,Germany,2020-11-04,Basic,983.65
7157,Chen Garcia,chen.garcia.7157@example.com,United States,2023-09-15,Standard,6835.66
7158,Uma Okafor,uma.okafor.7158@shopmail.test,Canada,2023-04-24,Premium,8866.69
7159,Diego Patel,diego.patel.7159@example.com,Japan,2026-03-02,Standard,9639.11
7160,Viktor Muller,viktor.muller.7160@example.com,Canada,2021-01-29,Standard,1705.03
7161,Imani Sato,imani.sato.7161@example.com,France,2023-02-24,Standard,481.69
7162,Aisha Ivanov,aisha.ivanov.7162@shopmail.test,Japan,2025-02-03,Basic,2861.85
7163,Lucia Novak,lucia.novak.7163@example.com,United States,2021-11-04,Premium,1488.93
7164,Aisha Mensah,aisha.mensah.7164@retail.dev,Canada,2021-10-21,Basic,329.46
7165,Keiko Novak,keiko.novak.7165@retail.dev,United Kingdom,2025-12-23,Basic,8723.82
7166,Jia Patel,jia.patel.7166@retail.dev,France,2023-11-13,Basic,3275.30
7167,Rosa Brown,rosa.brown.7167@shopmail.test,Brazil,2026-01-18,Standard,5468.15
7168,Maya Anderson,maya.anderson.7168@retail.dev,Brazil,2022-07-11,Basic,2718.40
7169,Viktor Brown,viktor.brown.7169@shopmail.test,Singapore,2026-08-09,Basic,11058.14
7170,Amelia Anderson,amelia.anderson.7170@retail.dev,Germany,2026-07-16,Basic,8600.64
7171,Rosa Okafor,rosa.okafor.7171@shopmail.test,Australia,2025-12-07,Standard,8601.87
7172,Chen Khan,chen.khan.7172@example.com,Germany,2020-06-25,Standard,3485.92
7173,Fatima Khan,fatima.khan.7173@example.com,United States,2020-04-11,Standard,9818.48
7174,Tara Mensah,tara.mensah.7174@shopmail.test,Australia,2020-05-12,Premium,1868.13
7175,Hassan Sato,hassan.sato.7175@retail.dev,France,2025-01-03,Standard,9753.96
7176,Tara Costa,tara.costa.7176@example.com,Australia,2021-01-01,Basic,2549.56
7177,Amelia Kim,amelia.kim.7177@retail.dev,Germany,2025-04-13,Basic,1714.24
7178,Aisha Khan,aisha.khan.7178@example.com,France,2023-11-30,Standard,1099.53
7179,Zane Muller,zane.muller.7179@example.com,Canada,2022-10-13,Basic,6540.39
7180,Lucia Anderson,lucia.anderson.7180@shopmail.test,United Kingdom,2026-01-01,Basic,6198.39
7181,Anika Nguyen,anika.nguyen.7181@retail.dev,Germany,2024-02-13,Standard,3648.46
7182,Aisha Lopez,aisha.lopez.7182@shopmail.test,India,2023-07-28,Standard,9351.64
7183,Amelia Kim,amelia.kim.7183@retail.dev,United Kingdom,2021-06-30,Standard,8435.86
7184,Aarav Ali,aarav.ali.7184@retail.dev,Brazil,2025-12-14,Basic,11575.54
7185,James Ivanov,james.ivanov.7185@shopmail.test,India,2022-08-12,Basic,1566.13
7186,Yara Ivanov,yara.ivanov.7186@example.com,United Kingdom,2025-06-05,Standard,7850.11
7187,Aarav Mensah,aarav.mensah.7187@retail.dev,France,2020-01-27,Basic,6421.23
7188,Fatima Ivanov,fatima.ivanov.7188@example.com,Australia,2023-06-12,Premium,5685.09
7189,Viktor Novak,viktor.novak.7189@example.com,Brazil,2023-06-27,Standard,6842.03
7190,Grace Nguyen,grace.nguyen.7190@shopmail.test,Japan,2023-11-05,Standard,5525.91
7191,Maya Ali,maya.ali.7191@example.com,Singapore,2025-07-05,Basic,9739.62
7192,Hiro Garcia,hiro.garcia.7192@example.com,India,2024-05-08,Standard,4644.31
7193,Priya Muller,priya.muller.7193@shopmail.test,United States,2025-05-21,Basic,385.84
7194,Wei Novak,wei.novak.7194@retail.dev,Brazil,2023-12-16,Basic,11595.82
7195,Tara Garcia,tara.garcia.7195@retail.dev,Singapore,2023-12-09,Standard,9217.42
7196,Zane Lopez,zane.lopez.7196@shopmail.test,Brazil,2022-06-30,Premium,719.01
7197,Yara Okafor,yara.okafor.7197@example.com,United Kingdom,2021-09-10,Standard,7102.36
7198,Hiro Novak,hiro.novak.7198@example.com,Germany,2023-11-12,Standard,7556.59
7199,Tara Williams,tara.williams.7199@retail.dev,Singapore,2023-04-07,Premium,1530.32
7200,Priya Anderson,priya.anderson.7200@retail.dev,United Kingdom,2024-11-14,Standard,8827.95
7201,Hassan Ivanov,hassan.ivanov.7201@example.com,United States,2024-06-16,Premium,9944.36
7202,Yara Ali,yara.ali.7202@retail.dev,Japan,2025-12-31,Premium,11301.22
7203,Diego Sato,diego.sato.7203@shopmail.test,Germany,2022-03-30,Standard,6819.93
7204,Hassan Ivanov,hassan.ivanov.7204@retail.dev,Brazil,2025-11-30,Premium,11955.07
7205,Jia Novak,jia.novak.7205@retail.dev,Canada,2022-10-16,Standard,1761.05
7206,Anika Ivanov,anika.ivanov.7206@retail.dev,Brazil,2025-03-14,Standard,1154.70
7207,Rosa Costa,rosa.costa.7207@shopmail.test,Canada,2022-09-15,Premium,4899.74
7208,Arjun Novak,arjun.novak.7208@retail.dev,Canada,2022-04-03,Premium,6351.00
7209,Liam Okafor,liam.okafor.7209@example.com,Singapore,2020-04-09,Standard,11399.70
7210,Viktor Brown,viktor.brown.7210@retail.dev,Singapore,2021-03-02,Standard,2046.27
7211,Aisha Chen,aisha.chen.7211@example.com,France,2023-07-02,Standard,6326.41
7212,Arjun Mensah,arjun.mensah.7212@example.com,Australia,2025-05-06,Basic,2698.36
7213,Liam Kim,liam.kim.7213@retail.dev,Brazil,2021-06-19,Standard,11413.15
7214,Imani Lopez,imani.lopez.7214@example.com,Singapore,2022-07-02,Standard,3091.86
7215,Jia Sato,jia.sato.7215@shopmail.test,India,2022-12-06,Basic,5624.65
7216,Viktor Silva,viktor.silva.7216@retail.dev,Australia,2023-05-27,Standard,7340.01
7217,Zane Kim,zane.kim.7217@shopmail.test,United Kingdom,2024-08-15,Standard,821.71
7218,Jia Kim,jia.kim.7218@retail.dev,Japan,2022-10-10,Standard,7893.18
7219,Grace Brown,grace.brown.7219@retail.dev,Australia,2022-12-03,Standard,374.25
7220,Aarav Anderson,aarav.anderson.7220@retail.dev,Australia,2023-12-22,Basic,5289.46
7221,Quinn Williams,quinn.williams.7221@retail.dev,Brazil,2020-06-27,Standard,5048.60
7222,Liam Costa,liam.costa.7222@example.com,India,2021-04-16,Standard,8006.22
7223,Jia Ivanov,jia.ivanov.7223@example.com,Australia,2020-07-09,Standard,9281.97
7224,Noah Costa,noah.costa.7224@example.com,Canada,2026-01-23,Standard,11009.79
7225,Hiro Silva,hiro.silva.7225@retail.dev,Japan,2023-03-21,Basic,9646.60
7226,Anika Lopez,anika.lopez.7226@example.com,Canada,2020-03-04,Standard,10562.50
7227,Anika Okafor,anika.okafor.7227@shopmail.test,United Kingdom,2024-10-02,Basic,4250.33
7228,Tara Sato,tara.sato.7228@retail.dev,United Kingdom,2021-02-08,Premium,9193.46
7229,Aisha Kim,aisha.kim.7229@example.com,Singapore,2023-04-14,Standard,5563.15
7230,Omar Garcia,omar.garcia.7230@retail.dev,Germany,2021-11-24,Basic,6089.68
7231,Zane Brown,zane.brown.7231@retail.dev,United States,2025-10-30,Standard,6731.64
7232,Priya Kim,priya.kim.7232@shopmail.test,Brazil,2021-07-05,Standard,904.99
7233,Quinn Kim,quinn.kim.7233@shopmail.test,Germany,2023-08-10,Standard,6035.27
7234,Uma Novak,uma.novak.7234@shopmail.test,Canada,2020-01-19,Basic,1175.93
7235,Fatima Okafor,fatima.okafor.7235@retail.dev,United States,2026-05-23,Basic,3047.58
7236,Priya Khan,priya.khan.7236@retail.dev,Singapore,2020-04-27,Basic,11650.50
7237,Rosa Nguyen,rosa.nguyen.7237@shopmail.test,Canada,2021-11-13,Standard,560.57
7238,Uma Kim,uma.kim.7238@example.com,India,2024-05-12,Standard,8992.48
7239,Quinn Ali,quinn.ali.7239@example.com,France,2022-09-30,Standard,3040.67
7240,Omar Brown,omar.brown.7240@example.com,India,2026-03-23,Standard,1575.71
7241,Elena Chen,elena.chen.7241@shopmail.test,United States,2024-04-25,Standard,2161.57
7242,Aarav Chen,aarav.chen.7242@retail.dev,United Kingdom,2020-02-03,Standard,6536.40
7243,Viktor Williams,viktor.williams.7243@example.com,United States,2026-03-09,Standard,107.95
7244,Aarav Brown,aarav.brown.7244@shopmail.test,Japan,2022-03-10,Standard,1866.47
7245,Rosa Okafor,rosa.okafor.7245@retail.dev,India,2021-10-18,Basic,7876.37
7246,Aisha Khan,aisha.khan.7246@retail.dev,United Kingdom,2020-02-11,Standard,760.43
7247,Wei Ivanov,wei.ivanov.7247@example.com,Singapore,2026-05-28,Basic,11275.97
7248,Jia Lopez,jia.lopez.7248@example.com,Australia,2024-05-22,Standard,4411.18
7249,Viktor Garcia,viktor.garcia.7249@example.com,India,2026-06-27,Basic,737.62
7250,Jia Silva,jia.silva.7250@shopmail.test,India,2021-11-13,Basic,8342.06
7251,Priya Chen,priya.chen.7251@example.com,Canada,2024-08-01,Standard,6466.80
7252,Maya Nguyen,maya.nguyen.7252@retail.dev,Japan,2024-05-18,Standard,7001.95
7253,Keiko Sato,keiko.sato.7253@retail.dev,India,2023-08-19,Standard,1084.15
7254,Sofia Muller,sofia.muller.7254@retail.dev,Australia,2022-09-09,Standard,10193.94
7255,Jia Silva,jia.silva.7255@retail.dev,Germany,2025-10-12,Standard,3168.97
7256,Omar Williams,omar.williams.7256@retail.dev,United States,2021-02-03,Basic,1002.69
7257,Hiro Brown,hiro.brown.7257@retail.dev,India,2026-03-23,Standard,2515.28
7258,Maya Ivanov,maya.ivanov.7258@retail.dev,United States,2020-12-19,Standard,7032.61
7259,Tara Novak,tara.novak.7259@shopmail.test,India,2023-05-04,Premium,5629.49
7260,Omar Patel,omar.patel.7260@retail.dev,Singapore,2022-02-05,Standard,9374.47
7261,Priya Kim,priya.kim.7261@retail.dev,United Kingdom,2023-01-30,Standard,3177.53
7262,Tara Garcia,tara.garcia.7262@shopmail.test,India,2026-04-22,Basic,11501.84
7263,Liam Sato,liam.sato.7263@retail.dev,Brazil,2023-10-13,Basic,3627.70
7264,Fatima Ali,fatima.ali.7264@example.com,France,2022-11-20,Premium,553.23
7265,Chen Chen,chen.chen.7265@retail.dev,United States,2025-10-17,Basic,4175.47
7266,Wei Okafor,wei.okafor.7266@retail.dev,United States,2022-01-29,Basic,9943.09
7267,Hiro Mensah,hiro.mensah.7267@shopmail.test,Germany,2020-03-25,Premium,10843.72
7268,Zane Brown,zane.brown.7268@retail.dev,India,2025-01-02,Standard,1783.64
7269,Hassan Singh,hassan.singh.7269@example.com,Japan,2024-03-10,Basic,5074.48
7270,Fatima Ivanov,fatima.ivanov.7270@retail.dev,Japan,2020-02-24,Premium,4090.04
7271,Anika Silva,anika.silva.7271@retail.dev,India,2022-05-14,Standard,1849.33
7272,Grace Novak,grace.novak.7272@example.com,India,2023-03-15,Basic,8148.65
7273,Yara Singh,yara.singh.7273@retail.dev,Brazil,2021-04-20,Standard,501.44
7274,Wei Silva,wei.silva.7274@example.com,Singapore,2023-06-16,Standard,9378.69
7275,Zane Singh,zane.singh.7275@shopmail.test,Japan,2025-04-21,Standard,10773.04
7276,Keiko Okafor,keiko.okafor.7276@example.com,Japan,2023-03-29,Standard,2932.72
7277,Diego Brown,diego.brown.7277@example.com,Singapore,2024-12-05,Premium,6450.75
7278,Anika Patel,anika.patel.7278@example.com,Canada,2020-05-31,Basic,9958.54
7279,Omar Mensah,omar.mensah.7279@retail.dev,United States,2023-06-13,Standard,8106.27
7280,Uma Sato,uma.sato.7280@example.com,United States,2021-07-05,Premium,1868.93
7281,Hassan Ali,hassan.ali.7281@example.com,France,2025-05-06,Basic,5493.83
7282,Lucia Nguyen,lucia.nguyen.7282@shopmail.test,Australia,2025-08-15,Basic,4553.30
7283,Rosa Singh,rosa.singh.7283@retail.dev,Australia,2023-11-22,Premium,6119.35
7284,Zane Lopez,zane.lopez.7284@shopmail.test,France,2026-01-23,Standard,8703.50
7285,Fatima Williams,fatima.williams.7285@shopmail.test,Japan,2025-05-07,Standard,7902.66
7286,Keiko Kim,keiko.kim.7286@shopmail.test,Australia,2022-07-07,Premium,668.67
7287,Fatima Lopez,fatima.lopez.7287@shopmail.test,Brazil,2022-12-21,Standard,3010.68
7288,Noah Williams,noah.williams.7288@retail.dev,Japan,2023-12-01,Premium,3204.43
7289,Grace Costa,grace.costa.7289@retail.dev,Canada,2025-02-07,Premium,9823.66
7290,Hiro Patel,hiro.patel.7290@example.com,Brazil,2023-09-09,Standard,4643.00
7291,Aisha Ivanov,aisha.ivanov.7291@retail.dev,United Kingdom,2023-10-03,Standard,10236.68
7292,Maya Lopez,maya.lopez.7292@shopmail.test,Singapore,2021-05-09,Standard,7748.13
7293,Hiro Brown,hiro.brown.7293@retail.dev,United Kingdom,2026-04-28,Standard,2158.52
7294,Priya Khan,priya.khan.7294@shopmail.test,United Kingdom,2022-10-05,Basic,7781.05
7295,Noah Novak,noah.novak.7295@retail.dev,United Kingdom,2025-02-28,Basic,10687.70
7296,Amelia Williams,amelia.williams.7296@shopmail.test,Brazil,2020-01-24,Basic,8573.09
7297,Quinn Mensah,quinn.mensah.7297@example.com,Canada,2023-04-21,Basic,2344.28
7298,Lucia Novak,lucia.novak.7298@retail.dev,India,2020-01-11,Basic,6249.22
7299,Jia Kim,jia.kim.7299@shopmail.test,Brazil,2022-11-23,Standard,5002.12
7300,Fatima Novak,fatima.novak.7300@shopmail.test,France,2022-04-21,Basic,3686.55
7301,Quinn Williams,quinn.williams.7301@shopmail.test,United Kingdom,2025-12-24,Standard,8591.07
7302,Imani Garcia,imani.garcia.7302@shopmail.test,Canada,2025-11-26,Standard,9666.95
7303,Zane Brown,zane.brown.7303@example.com,United Kingdom,2025-11-14,Standard,6487.51
7304,Tara Novak,tara.novak.7304@example.com,Brazil,2024-08-23,Standard,1971.70
7305,Uma Ali,uma.ali.7305@shopmail.test,Germany,2020-05-28,Standard,356.68
7306,Priya Garcia,priya.garcia.7306@shopmail.test,Brazil,2021-07-03,Basic,262.56
7307,Grace Patel,grace.patel.7307@retail.dev,Canada,2021-07-27,Basic,11939.92
7308,Yara Brown,yara.brown.7308@shopmail.test,France,2024-02-13,Standard,11623.10
7309,Maya Brown,maya.brown.7309@retail.dev,India,2024-03-13,Standard,10083.70
7310,James Williams,james.williams.7310@example.com,Brazil,2021-01-05,Standard,5964.57
7311,Viktor Khan,viktor.khan.7311@example.com,Australia,2021-03-23,Basic,8346.71
7312,Maya Costa,maya.costa.7312@retail.dev,Canada,2021-03-22,Standard,2850.41
7313,Hassan Ali,hassan.ali.7313@retail.dev,Japan,2021-12-07,Standard,9735.61
7314,Aisha Nguyen,aisha.nguyen.7314@example.com,United Kingdom,2023-03-29,Standard,10044.42
7315,Sofia Lopez,sofia.lopez.7315@example.com,Australia,2022-01-03,Basic,5596.12
7316,Anika Costa,anika.costa.7316@example.com,India,2026-09-11,Premium,9863.87
7317,Keiko Patel,keiko.patel.7317@retail.dev,United States,2021-09-22,Standard,5589.45
7318,Arjun Williams,arjun.williams.7318@retail.dev,Brazil,2020-10-31,Premium,4579.56
7319,Imani Muller,imani.muller.7319@retail.dev,France,2023-04-30,Standard,2511.34
7320,Aarav Nguyen,aarav.nguyen.7320@retail.dev,Australia,2024-03-17,Basic,2516.52
7321,Imani Sato,imani.sato.7321@retail.dev,Japan,2020-10-29,Basic,7668.85
7322,Priya Okafor,priya.okafor.7322@example.com,Australia,2020-06-03,Basic,3986.02
7323,Rosa Garcia,rosa.garcia.7323@example.com,Australia,2023-01-06,Standard,11479.98
7324,Viktor Kim,viktor.kim.7324@shopmail.test,Japan,2025-04-28,Premium,2395.94
7325,Hiro Patel,hiro.patel.7325@shopmail.test,Japan,2022-12-14,Basic,9536.55
7326,Hiro Nguyen,hiro.nguyen.7326@example.com,Germany,2024-05-10,Premium,10606.39
7327,Hassan Costa,hassan.costa.7327@example.com,Australia,2025-04-11,Standard,2042.28
7328,Yara Singh,yara.singh.7328@example.com,United Kingdom,2022-08-29,Premium,4882.14
7329,Elena Novak,elena.novak.7329@retail.dev,Singapore,2020-03-10,Premium,4402.71
7330,Arjun Okafor,arjun.okafor.7330@shopmail.test,United States,2024-01-30,Basic,2002.44
7331,Liam Okafor,liam.okafor.7331@retail.dev,Germany,2020-05-26,Basic,5040.49
7332,Elena Brown,elena.brown.7332@retail.dev,Australia,2024-02-08,Basic,4837.10
7333,Maya Chen,maya.chen.7333@shopmail.test,Germany,2020-09-16,Standard,1867.24
7334,Noah Ali,noah.ali.7334@retail.dev,Japan,2024-12-02,Standard,9487.74
7335,Aisha Patel,aisha.patel.7335@example.com,Germany,2023-11-15,Basic,5872.76
7336,Yara Williams,yara.williams.7336@example.com,France,2020-01-14,Standard,11683.78
7337,Omar Lopez,omar.lopez.7337@shopmail.test,Canada,2020-01-04,Standard,3485.06
7338,Jia Singh,jia.singh.7338@example.com,Australia,2020-04-17,Premium,9692.48
7339,James Lopez,james.lopez.7339@retail.dev,United States,2023-11-22,Basic,6201.99
7340,Omar Lopez,omar.lopez.7340@retail.dev,Brazil,2023-08-16,Standard,4777.93
7341,Viktor Silva,viktor.silva.7341@example.com,Canada,2021-11-01,Standard,3491.44
7342,Elena Anderson,elena.anderson.7342@retail.dev,United Kingdom,2020-09-07,Standard,8290.15
7343,Viktor Patel,viktor.patel.7343@example.com,Germany,2024-10-25,Basic,5645.25
7344,Imani Muller,imani.muller.7344@example.com,Canada,2023-10-24,Standard,9147.25
7345,Quinn Silva,quinn.silva.7345@shopmail.test,United Kingdom,2020-07-21,Basic,1868.99
7346,Arjun Silva,arjun.silva.7346@example.com,Canada,2022-06-04,Standard,4948.61
7347,Aarav Silva,aarav.silva.7347@example.com,Canada,2023-03-23,Basic,3592.91
7348,Rosa Novak,rosa.novak.7348@example.com,Germany,2021-10-01,Standard,2897.30
7349,Quinn Silva,quinn.silva.7349@example.com,Brazil,2020-08-16,Premium,1180.70
7350,Liam Novak,liam.novak.7350@shopmail.test,Germany,2021-12-02,Standard,8073.14
7351,Hassan Patel,hassan.patel.7351@retail.dev,Germany,2026-07-28,Basic,6816.91
7352,Hassan Muller,hassan.muller.7352@example.com,Brazil,2021-10-24,Standard,11678.80
7353,James Nguyen,james.nguyen.7353@retail.dev,Canada,2026-08-07,Standard,8844.76
7354,James Okafor,james.okafor.7354@retail.dev,Singapore,2024-03-19,Standard,10797.86
7355,Viktor Mensah,viktor.mensah.7355@shopmail.test,United Kingdom,2025-02-20,Standard,4370.74
7356,Wei Sato,wei.sato.7356@shopmail.test,United States,2020-01-15,Standard,28.20
7357,Noah Patel,noah.patel.7357@shopmail.test,United States,2024-05-25,Standard,11160.43
7358,Arjun Okafor,arjun.okafor.7358@shopmail.test,France,2022-02-07,Basic,8662.82
7359,Keiko Nguyen,keiko.nguyen.7359@example.com,France,2024-09-22,Premium,8956.99
7360,Chen Ali,chen.ali.7360@retail.dev,Japan,2021-08-19,Standard,9744.53
7361,Maya Okafor,maya.okafor.7361@retail.dev,India,2025-01-19,Basic,2365.90
7362,Quinn Costa,quinn.costa.7362@shopmail.test,France,2022-03-06,Basic,1895.49
7363,Chen Novak,chen.novak.7363@retail.dev,Germany,2021-10-17,Standard,11899.54
7364,Diego Williams,diego.williams.7364@shopmail.test,India,2020-12-04,Standard,11267.26
7365,Rosa Nguyen,rosa.nguyen.7365@shopmail.test,India,2022-06-09,Standard,11932.84
7366,Keiko Anderson,keiko.anderson.7366@example.com,United Kingdom,2026-07-07,Basic,3512.94
7367,Fatima Costa,fatima.costa.7367@example.com,India,2020-10-31,Standard,4077.27
7368,Maya Silva,maya.silva.7368@retail.dev,United States,2022-10-27,Basic,4669.75
7369,Liam Ali,liam.ali.7369@retail.dev,Australia,2022-06-22,Standard,2739.67
7370,Aisha Sato,aisha.sato.7370@retail.dev,Germany,2024-08-26,Basic,8337.30
7371,Diego Mensah,diego.mensah.7371@shopmail.test,Japan,2023-02-14,Premium,11079.66
7372,Uma Muller,uma.muller.7372@retail.dev,Singapore,2022-04-28,Basic,5375.19
7373,Hiro Novak,hiro.novak.7373@retail.dev,United States,2020-11-22,Basic,9684.39
7374,Hassan Muller,hassan.muller.7374@shopmail.test,Japan,2020-05-12,Standard,8941.36
7375,Keiko Singh,keiko.singh.7375@example.com,Australia,2026-05-25,Standard,6117.48
7376,Tara Okafor,tara.okafor.7376@retail.dev,Germany,2021-06-12,Standard,8899.17
7377,Aarav Anderson,aarav.anderson.7377@example.com,Japan,2025-05-28,Premium,5070.91
7378,James Novak,james.novak.7378@retail.dev,Brazil,2023-05-28,Standard,3593.27
7379,Grace Mensah,grace.mensah.7379@shopmail.test,Japan,2023-12-04,Standard,7446.76
7380,Elena Singh,elena.singh.7380@retail.dev,France,2024-04-08,Basic,520.04
7381,Maya Silva,maya.silva.7381@retail.dev,United States,2021-07-24,Standard,11266.11
7382,Rosa Nguyen,rosa.nguyen.7382@shopmail.test,Canada,2023-09-25,Basic,8137.91
7383,Wei Kim,wei.kim.7383@shopmail.test,Australia,2021-03-28,Basic,768.65
7384,Rosa Ivanov,rosa.ivanov.7384@example.com,France,2021-12-29,Standard,11742.02
7385,Priya Ivanov,priya.ivanov.7385@example.com,Singapore,2024-12-30,Standard,7747.11
7386,Uma Sato,uma.sato.7386@shopmail.test,Brazil,2020-07-21,Basic,6831.88
7387,Aisha Muller,aisha.muller.7387@shopmail.test,Australia,2022-03-31,Standard,3217.97
7388,Sofia Khan,sofia.khan.7388@retail.dev,Germany,2021-09-30,Premium,3859.01
7389,Arjun Ivanov,arjun.ivanov.7389@example.com,Germany,2020-10-02,Standard,2667.35
7390,Keiko Garcia,keiko.garcia.7390@shopmail.test,Germany,2023-11-15,Premium,10106.51
7391,Tara Kim,tara.kim.7391@shopmail.test,Japan,2020-06-25,Standard,4038.41
7392,Elena Anderson,elena.anderson.7392@example.com,India,2024-02-04,Standard,11617.59
7393,Chen Singh,chen.singh.7393@shopmail.test,Singapore,2021-10-31,Basic,9261.71
7394,Jia Costa,jia.costa.7394@shopmail.test,France,2024-11-29,Standard,764.32
7395,Grace Costa,grace.costa.7395@example.com,United States,2021-10-30,Standard,7536.38
7396,Jia Anderson,jia.anderson.7396@retail.dev,United Kingdom,2025-02-27,Standard,8821.13
7397,Rosa Patel,rosa.patel.7397@shopmail.test,Japan,2021-03-23,Premium,11994.52
7398,Sofia Anderson,sofia.anderson.7398@example.com,United Kingdom,2024-03-03,Standard,7691.03
7399,Anika Williams,anika.williams.7399@example.com,United States,2025-05-29,Standard,7047.28
7400,Fatima Sato,fatima.sato.7400@retail.dev,United States,2026-07-20,Premium,679.37
7401,Jia Nguyen,jia.nguyen.7401@shopmail.test,Singapore,2022-02-26,Standard,8790.29
7402,Chen Anderson,chen.anderson.7402@retail.dev,France,2023-03-06,Standard,2515.81
7403,Grace Patel,grace.patel.7403@shopmail.test,United States,2022-12-21,Premium,903.78
7404,Priya Sato,priya.sato.7404@shopmail.test,United States,2022-04-27,Premium,9613.56
7405,Diego Garcia,diego.garcia.7405@retail.dev,Australia,2024-02-01,Basic,6174.93
7406,Aisha Lopez,aisha.lopez.7406@shopmail.test,United Kingdom,2024-08-27,Premium,5182.07
7407,Fatima Kim,fatima.kim.7407@example.com,Australia,2022-12-20,Standard,4163.12
7408,Imani Anderson,imani.anderson.7408@example.com,Brazil,2026-05-10,Standard,3208.37
7409,Keiko Patel,keiko.patel.7409@retail.dev,France,2021-10-01,Premium,9346.78
7410,Anika Kim,anika.kim.7410@retail.dev,France,2023-10-03,Premium,974.29
7411,Chen Okafor,chen.okafor.7411@retail.dev,Germany,2021-01-29,Standard,9023.07
7412,Fatima Kim,fatima.kim.7412@shopmail.test,Australia,2020-05-26,Standard,7774.70
7413,Aarav Sato,aarav.sato.7413@example.com,United Kingdom,2025-08-05,Standard,3828.22
7414,Viktor Patel,viktor.patel.7414@example.com,India,2025-07-27,Standard,10762.85
7415,Aarav Mensah,aarav.mensah.7415@retail.dev,Canada,2021-08-17,Standard,406.30
7416,Hassan Nguyen,hassan.nguyen.7416@shopmail.test,United States,2023-05-16,Basic,6596.80
7417,Rosa Novak,rosa.novak.7417@example.com,Germany,2024-10-21,Standard,1561.74
7418,James Patel,james.patel.7418@retail.dev,Singapore,2021-02-10,Standard,11075.00
7419,Maya Muller,maya.muller.7419@example.com,Canada,2020-10-31,Basic,7099.60
7420,Sofia Patel,sofia.patel.7420@retail.dev,United Kingdom,2020-04-15,Basic,7343.61
7421,Chen Novak,chen.novak.7421@retail.dev,India,2025-01-24,Basic,1349.39
7422,Priya Nguyen,priya.nguyen.7422@shopmail.test,United Kingdom,2025-10-15,Standard,10295.00
7423,Hassan Ali,hassan.ali.7423@shopmail.test,Germany,2022-11-18,Standard,9611.25
7424,Grace Brown,grace.brown.7424@retail.dev,India,2020-06-29,Premium,5130.81
7425,Keiko Muller,keiko.muller.7425@retail.dev,France,2025-12-21,Basic,5216.08
7426,Uma Ivanov,uma.ivanov.7426@example.com,Australia,2023-02-14,Standard,10547.75
7427,Amelia Nguyen,amelia.nguyen.7427@shopmail.test,India,2026-05-05,Standard,1649.65
7428,Uma Sato,uma.sato.7428@shopmail.test,Brazil,2022-02-13,Premium,5127.15
7429,Noah Williams,noah.williams.7429@retail.dev,United Kingdom,2022-08-14,Standard,5479.81
7430,Aarav Okafor,aarav.okafor.7430@shopmail.test,United States,2020-01-13,Standard,10691.94
7431,Liam Novak,liam.novak.7431@retail.dev,Germany,2022-07-02,Standard,1021.85
7432,Diego Kim,diego.kim.7432@retail.dev,India,2023-12-26,Standard,2161.52
7433,Priya Muller,priya.muller.7433@shopmail.test,India,2024-11-05,Standard,9947.83
7434,Aarav Garcia,aarav.garcia.7434@retail.dev,Australia,2025-01-01,Basic,11006.67
7435,Rosa Kim,rosa.kim.7435@shopmail.test,United States,2021-07-29,Standard,10115.80
7436,Wei Chen,wei.chen.7436@example.com,United Kingdom,2024-09-10,Basic,5093.66
7437,Viktor Anderson,viktor.anderson.7437@retail.dev,United States,2026-03-21,Standard,8089.06
7438,Rosa Ali,rosa.ali.7438@shopmail.test,France,2022-01-09,Standard,8067.52
7439,Wei Okafor,wei.okafor.7439@retail.dev,France,2022-06-05,Basic,272.15
7440,Elena Khan,elena.khan.7440@shopmail.test,United States,2022-06-14,Basic,7156.44
7441,Imani Lopez,imani.lopez.7441@example.com,Australia,2024-07-14,Standard,5931.39
7442,Hiro Anderson,hiro.anderson.7442@shopmail.test,United States,2025-11-25,Standard,7792.05
7443,Priya Novak,priya.novak.7443@retail.dev,Singapore,2020-08-06,Standard,540.54
7444,Chen Singh,chen.singh.7444@retail.dev,United States,2020-07-15,Standard,7096.71
7445,Hiro Singh,hiro.singh.7445@example.com,Singapore,2024-10-31,Basic,3756.76
7446,Maya Costa,maya.costa.7446@shopmail.test,United Kingdom,2020-10-03,Basic,3153.46
7447,Imani Patel,imani.patel.7447@retail.dev,Singapore,2024-03-02,Premium,2181.20
7448,Noah Patel,noah.patel.7448@retail.dev,Japan,2024-12-08,Standard,6985.60
7449,Anika Costa,anika.costa.7449@shopmail.test,Singapore,2026-01-06,Standard,5932.46
7450,Aarav Muller,aarav.muller.7450@shopmail.test,Canada,2021-07-02,Basic,1146.75
7451,Maya Garcia,maya.garcia.7451@shopmail.test,Australia,2021-05-02,Basic,5239.56
7452,Aarav Patel,aarav.patel.7452@retail.dev,Germany,2023-02-17,Standard,5937.14
7453,Rosa Kim,rosa.kim.7453@retail.dev,India,2023-09-23,Basic,4269.13
7454,Wei Nguyen,wei.nguyen.7454@retail.dev,France,2023-08-12,Premium,6472.10
7455,Aisha Khan,aisha.khan.7455@shopmail.test,Japan,2026-07-16,Premium,5108.39
7456,James Mensah,james.mensah.7456@shopmail.test,Germany,2024-01-14,Basic,5676.98
7457,Sofia Brown,sofia.brown.7457@retail.dev,Brazil,2020-11-03,Basic,2998.79
7458,Grace Khan,grace.khan.7458@example.com,United States,2021-07-13,Standard,6229.49
7459,Jia Chen,jia.chen.7459@example.com,Brazil,2020-07-02,Basic,8589.60
7460,Lucia Garcia,lucia.garcia.7460@example.com,United States,2020-01-09,Premium,3007.71
7461,Liam Silva,liam.silva.7461@shopmail.test,United States,2022-09-07,Standard,1184.62
7462,Noah Novak,noah.novak.7462@retail.dev,Japan,2020-04-10,Standard,4186.27
7463,Lucia Singh,lucia.singh.7463@retail.dev,United States,2021-04-11,Basic,4798.07
7464,Keiko Lopez,keiko.lopez.7464@example.com,Canada,2022-12-03,Standard,10752.15
7465,Elena Ali,elena.ali.7465@shopmail.test,United Kingdom,2023-03-29,Basic,8480.45
7466,James Silva,james.silva.7466@retail.dev,Brazil,2021-05-27,Standard,11822.66
7467,Arjun Ivanov,arjun.ivanov.7467@retail.dev,United States,2021-03-04,Premium,3241.09
7468,Chen Lopez,chen.lopez.7468@retail.dev,Canada,2020-03-20,Basic,2181.46
7469,Viktor Ivanov,viktor.ivanov.7469@example.com,Japan,2023-12-27,Basic,7027.08
7470,Maya Brown,maya.brown.7470@shopmail.test,Singapore,2024-04-18,Standard,9704.41
7471,Maya Khan,maya.khan.7471@shopmail.test,Australia,2022-02-25,Standard,5411.22
7472,Diego Novak,diego.novak.7472@retail.dev,Canada,2020-09-16,Standard,2135.30
7473,Lucia Mensah,lucia.mensah.7473@shopmail.test,Canada,2024-08-08,Premium,7677.01
7474,Elena Muller,elena.muller.7474@retail.dev,United States,2024-12-12,Basic,4548.47
7475,Noah Patel,noah.patel.7475@retail.dev,Brazil,2025-09-28,Standard,4089.92
7476,Noah Costa,noah.costa.7476@retail.dev,Germany,2024-12-18,Standard,2612.48
7477,Omar Sato,omar.sato.7477@example.com,Canada,2022-01-06,Basic,217.05
7478,Yara Ali,yara.ali.7478@shopmail.test,India,2021-11-10,Standard,6458.21
7479,Viktor Khan,viktor.khan.7479@example.com,Australia,2023-04-24,Standard,11407.32
7480,Amelia Nguyen,amelia.nguyen.7480@shopmail.test,United States,2021-04-01,Basic,5132.32
7481,Uma Williams,uma.williams.7481@shopmail.test,Australia,2024-08-01,Premium,261.29
7482,Liam Novak,liam.novak.7482@shopmail.test,India,2024-12-30,Standard,1941.78
7483,Rosa Singh,rosa.singh.7483@retail.dev,Germany,2024-09-22,Standard,1591.28
7484,Lucia Brown,lucia.brown.7484@retail.dev,Canada,2022-10-23,Basic,11000.70
7485,Rosa Costa,rosa.costa.7485@retail.dev,Japan,2023-10-11,Premium,2809.93
7486,Imani Khan,imani.khan.7486@shopmail.test,France,2025-11-28,Basic,2401.90
7487,Zane Lopez,zane.lopez.7487@shopmail.test,Singapore,2020-04-02,Standard,11987.47
7488,Liam Lopez,liam.lopez.7488@shopmail.test,Germany,2020-06-27,Premium,8540.88
7489,Chen Chen,chen.chen.7489@example.com,United States,2022-07-02,Basic,4151.03
7490,Keiko Anderson,keiko.anderson.7490@example.com,Singapore,2025-03-24,Basic,9579.95
7491,Aisha Costa,aisha.costa.7491@example.com,United Kingdom,2025-11-28,Standard,6208.72
7492,Hiro Patel,hiro.patel.7492@example.com,Germany,2025-10-12,Basic,7656.38
7493,Yara Sato,yara.sato.7493@example.com,Singapore,2023-07-29,Premium,7283.99
7494,Omar Sato,omar.sato.7494@example.com,Germany,2023-11-22,Standard,1066.37
7495,Sofia Okafor,sofia.okafor.7495@shopmail.test,Canada,2026-04-13,Standard,3669.23
7496,Arjun Singh,arjun.singh.7496@example.com,Japan,2020-04-06,Standard,10980.68
7497,Viktor Silva,viktor.silva.7497@retail.dev,United States,2020-07-06,Basic,7148.12
7498,Omar Patel,omar.patel.7498@shopmail.test,Australia,2024-12-20,Standard,5380.67
7499,Aarav Patel,aarav.patel.7499@shopmail.test,France,2023-08-07,Standard,9005.09
7500,Quinn Patel,quinn.patel.7500@example.com,France,2022-06-19,Standard,5441.78
7501,Amelia Sato,amelia.sato.7501@example.com,Australia,2022-01-10,Basic,5674.36
7502,Sofia Garcia,sofia.garcia.7502@shopmail.test,France,2024-11-14,Basic,1819.23
7503,James Garcia,james.garcia.7503@retail.dev,India,2023-02-01,Standard,9237.89
7504,Zane Sato,zane.sato.7504@example.com,Brazil,2022-09-18,Standard,6559.48
7505,Liam Nguyen,liam.nguyen.7505@shopmail.test,Germany,2025-01-15,Standard,8941.35
7506,Aisha Lopez,aisha.lopez.7506@example.com,United Kingdom,2020-10-06,Standard,10951.14
7507,Keiko Sato,keiko.sato.7507@retail.dev,United States,2020-12-18,Standard,3696.22
7508,Aisha Ali,aisha.ali.7508@example.com,Australia,2021-09-27,Standard,8127.32
7509,Yara Novak,yara.novak.7509@example.com,Japan,2024-10-13,Basic,5367.16
7510,Keiko Okafor,keiko.okafor.7510@example.com,Germany,2025-05-14,Standard,3146.98
7511,Grace Okafor,grace.okafor.7511@example.com,Brazil,2021-05-12,Standard,1395.89
7512,Fatima Anderson,fatima.anderson.7512@shopmail.test,Australia,2021-06-07,Standard,9387.48
7513,Tara Ivanov,tara.ivanov.7513@retail.dev,France,2023-11-01,Standard,2692.45
7514,Keiko Singh,keiko.singh.7514@shopmail.test,Australia,2024-05-10,Standard,4453.77
7515,Priya Sato,priya.sato.7515@retail.dev,Japan,2020-02-26,Standard,3676.79
7516,Sofia Ali,sofia.ali.7516@shopmail.test,Australia,2022-10-07,Standard,4350.95
7517,Elena Lopez,elena.lopez.7517@retail.dev,United States,2023-05-07,Standard,2054.89
7518,Viktor Ali,viktor.ali.7518@shopmail.test,Brazil,2022-12-09,Standard,3997.03
7519,Viktor Lopez,viktor.lopez.7519@example.com,Singapore,2024-01-06,Standard,8511.73
7520,Priya Anderson,priya.anderson.7520@shopmail.test,France,2020-10-05,Basic,8749.45
7521,Sofia Novak,sofia.novak.7521@example.com,Japan,2021-11-04,Basic,772.68
7522,Lucia Brown,lucia.brown.7522@example.com,Australia,2021-08-24,Basic,6245.62
7523,Sofia Williams,sofia.williams.7523@shopmail.test,Germany,2022-08-13,Standard,11669.53
7524,Aarav Silva,aarav.silva.7524@retail.dev,Germany,2026-07-15,Standard,7955.48
7525,Lucia Brown,lucia.brown.7525@shopmail.test,United States,2023-06-26,Standard,10170.82
7526,Arjun Novak,arjun.novak.7526@example.com,Canada,2022-11-29,Basic,6439.02
7527,Quinn Ivanov,quinn.ivanov.7527@retail.dev,Singapore,2025-10-12,Standard,8438.72
7528,Quinn Chen,quinn.chen.7528@example.com,Canada,2020-07-10,Standard,5430.27
7529,Zane Nguyen,zane.nguyen.7529@shopmail.test,United Kingdom,2025-06-20,Standard,5284.38
7530,Anika Singh,anika.singh.7530@retail.dev,United Kingdom,2024-12-29,Standard,2342.51
7531,Hassan Ivanov,hassan.ivanov.7531@example.com,Brazil,2021-05-17,Basic,4858.79
7532,Diego Lopez,diego.lopez.7532@retail.dev,Brazil,2025-04-24,Basic,2833.70
7533,Diego Garcia,diego.garcia.7533@example.com,United Kingdom,2023-04-10,Premium,7686.70
7534,Maya Kim,maya.kim.7534@retail.dev,United Kingdom,2024-06-17,Standard,10408.92
7535,James Nguyen,james.nguyen.7535@retail.dev,Japan,2023-06-26,Basic,7940.49
7536,Liam Ali,liam.ali.7536@example.com,United Kingdom,2024-11-02,Standard,11072.34
7537,Liam Silva,liam.silva.7537@retail.dev,India,2022-01-07,Standard,6844.74
7538,Arjun Sato,arjun.sato.7538@retail.dev,France,2025-07-16,Standard,11702.28
7539,Jia Patel,jia.patel.7539@example.com,Canada,2025-02-10,Premium,10109.18
7540,Liam Ali,liam.ali.7540@shopmail.test,Japan,2024-01-11,Standard,1712.79
7541,Hiro Nguyen,hiro.nguyen.7541@retail.dev,Japan,2022-02-26,Basic,11959.14
7542,Aisha Anderson,aisha.anderson.7542@shopmail.test,Germany,2022-02-13,Standard,865.43
7543,Fatima Brown,fatima.brown.7543@example.com,United Kingdom,2023-01-08,Premium,3449.27
7544,Hiro Brown,hiro.brown.7544@example.com,Japan,2025-10-22,Basic,10293.50
7545,Anika Ali,anika.ali.7545@retail.dev,United States,2023-09-26,Premium,1127.65
7546,Jia Anderson,jia.anderson.7546@retail.dev,Singapore,2024-11-15,Standard,7846.58
7547,Diego Kim,diego.kim.7547@shopmail.test,Australia,2022-05-08,Premium,10177.32
7548,Elena Chen,elena.chen.7548@example.com,Australia,2022-03-15,Standard,10679.27
7549,Hassan Anderson,hassan.anderson.7549@retail.dev,India,2022-07-02,Basic,2956.81
7550,Uma Garcia,uma.garcia.7550@shopmail.test,France,2020-05-15,Premium,4064.15
7551,Jia Brown,jia.brown.7551@retail.dev,Singapore,2026-09-06,Premium,6962.40
7552,Hiro Ali,hiro.ali.7552@retail.dev,Brazil,2025-01-13,Standard,2808.86
7553,Aarav Singh,aarav.singh.7553@shopmail.test,Japan,2024-10-21,Standard,8713.48
7554,Diego Nguyen,diego.nguyen.7554@example.com,Australia,2020-06-17,Premium,3207.40
7555,Grace Singh,grace.singh.7555@shopmail.test,Brazil,2024-05-09,Basic,10374.18
7556,Noah Williams,noah.williams.7556@example.com,France,2025-10-12,Standard,11799.72
7557,Liam Ivanov,liam.ivanov.7557@shopmail.test,Canada,2022-08-21,Standard,10224.35
7558,Rosa Costa,rosa.costa.7558@retail.dev,France,2026-07-01,Standard,1426.93
7559,Yara Khan,yara.khan.7559@example.com,Singapore,2021-06-25,Basic,10316.74
7560,Arjun Anderson,arjun.anderson.7560@shopmail.test,India,2024-03-24,Basic,9417.08
7561,Viktor Ali,viktor.ali.7561@example.com,United Kingdom,2023-04-21,Premium,7327.68
7562,Amelia Novak,amelia.novak.7562@example.com,Australia,2021-12-17,Standard,3170.17
7563,Aisha Ivanov,aisha.ivanov.7563@retail.dev,Singapore,2025-06-02,Standard,2054.57
7564,Rosa Khan,rosa.khan.7564@example.com,India,2025-08-20,Standard,10501.36
7565,Yara Anderson,yara.anderson.7565@retail.dev,Japan,2022-06-01,Standard,8686.46
7566,Diego Ali,diego.ali.7566@example.com,Australia,2026-09-06,Basic,11003.24
7567,Wei Anderson,wei.anderson.7567@shopmail.test,France,2024-02-14,Standard,11284.29
7568,Amelia Ivanov,amelia.ivanov.7568@retail.dev,France,2026-04-07,Basic,754.41
7569,Liam Patel,liam.patel.7569@example.com,United States,2022-08-30,Premium,8735.54
7570,Viktor Brown,viktor.brown.7570@example.com,Germany,2023-01-11,Basic,6261.70
7571,Anika Sato,anika.sato.7571@shopmail.test,Brazil,2022-05-15,Basic,5010.04
7572,Fatima Khan,fatima.khan.7572@example.com,Australia,2022-01-30,Premium,10591.27
7573,Fatima Ali,fatima.ali.7573@retail.dev,Singapore,2023-09-23,Standard,8876.22
7574,Arjun Ali,arjun.ali.7574@retail.dev,United Kingdom,2020-12-01,Basic,5700.86
7575,Noah Lopez,noah.lopez.7575@shopmail.test,Canada,2020-07-12,Standard,820.86
7576,Amelia Okafor,amelia.okafor.7576@example.com,United States,2024-09-01,Standard,8399.83
7577,Yara Singh,yara.singh.7577@shopmail.test,United States,2026-06-08,Standard,7622.88
7578,Wei Ali,wei.ali.7578@shopmail.test,Japan,2020-04-21,Basic,11844.93
7579,Aarav Kim,aarav.kim.7579@retail.dev,Germany,2020-12-02,Standard,11786.20
7580,Rosa Ivanov,rosa.ivanov.7580@retail.dev,Canada,2020-03-14,Standard,3521.57
7581,Hiro Khan,hiro.khan.7581@example.com,United States,2022-12-28,Basic,5927.49
7582,Aarav Ali,aarav.ali.7582@example.com,Australia,2024-08-22,Premium,1420.55
7583,Diego Anderson,diego.anderson.7583@shopmail.test,France,2024-01-09,Standard,9537.79
7584,Rosa Nguyen,rosa.nguyen.7584@retail.dev,Japan,2023-06-16,Standard,11970.73
7585,Omar Chen,omar.chen.7585@retail.dev,Brazil,2020-03-12,Basic,3622.67
7586,Aisha Sato,aisha.sato.7586@shopmail.test,Australia,2024-08-13,Standard,10604.58
7587,Hiro Kim,hiro.kim.7587@retail.dev,Canada,2024-07-14,Standard,2543.56
7588,Aisha Brown,aisha.brown.7588@shopmail.test,United Kingdom,2025-01-19,Basic,8074.80
7589,Amelia Ali,amelia.ali.7589@retail.dev,United States,2022-04-19,Standard,6812.51
7590,Elena Williams,elena.williams.7590@shopmail.test,Brazil,2026-06-30,Premium,4772.49
7591,Jia Anderson,jia.anderson.7591@shopmail.test,Japan,2024-01-15,Standard,11787.90
7592,Viktor Lopez,viktor.lopez.7592@retail.dev,Germany,2025-12-13,Basic,538.04
7593,Noah Sato,noah.sato.7593@retail.dev,Japan,2021-08-14,Standard,416.70
7594,Maya Silva,maya.silva.7594@retail.dev,Australia,2023-08-30,Basic,9458.02
7595,Keiko Williams,keiko.williams.7595@retail.dev,United States,2022-03-29,Standard,9831.24
7596,Diego Okafor,diego.okafor.7596@example.com,India,2020-04-07,Standard,5671.12
7597,Aisha Singh,aisha.singh.7597@retail.dev,Canada,2026-03-10,Basic,4928.93
7598,Liam Singh,liam.singh.7598@retail.dev,Brazil,2022-04-20,Standard,5496.53
7599,Zane Chen,zane.chen.7599@example.com,Singapore,2020-11-14,Basic,3094.73
7600,Hiro Kim,hiro.kim.7600@example.com,Japan,2023-01-26,Premium,711.09
7601,Anika Muller,anika.muller.7601@example.com,United States,2024-05-01,Premium,10546.73
7602,Zane Sato,zane.sato.7602@retail.dev,United Kingdom,2025-10-09,Basic,3670.43
7603,Rosa Silva,rosa.silva.7603@example.com,United States,2022-02-26,Standard,6088.38
7604,Viktor Ali,viktor.ali.7604@shopmail.test,Germany,2023-03-10,Standard,2005.83
7605,Quinn Ali,quinn.ali.7605@shopmail.test,United Kingdom,2024-04-26,Premium,10106.37
7606,Fatima Sato,fatima.sato.7606@retail.dev,Singapore,2021-02-18,Basic,7966.37
7607,Lucia Mensah,lucia.mensah.7607@retail.dev,Germany,2020-09-07,Premium,10088.15
7608,Priya Silva,priya.silva.7608@example.com,Brazil,2021-05-11,Standard,7076.04
7609,Tara Ivanov,tara.ivanov.7609@shopmail.test,Japan,2021-03-24,Premium,10620.74
7610,Elena Nguyen,elena.nguyen.7610@shopmail.test,Australia,2022-10-23,Basic,477.46
7611,Yara Silva,yara.silva.7611@shopmail.test,France,2024-08-11,Basic,1602.28
7612,Quinn Ali,quinn.ali.7612@retail.dev,United States,2023-05-07,Standard,11004.50
7613,Aarav Garcia,aarav.garcia.7613@retail.dev,United States,2020-09-20,Standard,2504.20
7614,Anika Ivanov,anika.ivanov.7614@shopmail.test,France,2025-02-05,Standard,4593.99
7615,Omar Mensah,omar.mensah.7615@retail.dev,Germany,2022-10-03,Standard,6591.52
7616,Imani Williams,imani.williams.7616@shopmail.test,France,2023-06-13,Premium,2909.12
7617,Wei Nguyen,wei.nguyen.7617@shopmail.test,Canada,2021-12-18,Basic,295.94
7618,Priya Novak,priya.novak.7618@retail.dev,Singapore,2020-08-16,Standard,2416.57
7619,Sofia Anderson,sofia.anderson.7619@retail.dev,Canada,2023-11-04,Basic,4422.39
7620,Chen Williams,chen.williams.7620@example.com,Australia,2020-10-08,Standard,2796.41
7621,Zane Mensah,zane.mensah.7621@retail.dev,Brazil,2025-07-07,Standard,339.69
7622,Chen Mensah,chen.mensah.7622@example.com,Australia,2023-03-20,Basic,1489.69
7623,Maya Garcia,maya.garcia.7623@retail.dev,Japan,2023-12-03,Basic,10864.45
7624,Rosa Garcia,rosa.garcia.7624@shopmail.test,Singapore,2024-03-08,Standard,1115.63
7625,Hiro Singh,hiro.singh.7625@retail.dev,Australia,2021-11-16,Standard,3090.43
7626,Arjun Silva,arjun.silva.7626@shopmail.test,India,2021-01-28,Standard,1560.37
7627,Fatima Williams,fatima.williams.7627@retail.dev,Japan,2025-05-18,Basic,8048.22
7628,Aisha Nguyen,aisha.nguyen.7628@retail.dev,Brazil,2020-04-02,Basic,7416.19
7629,Chen Lopez,chen.lopez.7629@example.com,Canada,2023-07-11,Basic,7853.91
7630,Arjun Patel,arjun.patel.7630@retail.dev,United Kingdom,2023-07-03,Standard,10096.08
7631,Elena Kim,elena.kim.7631@shopmail.test,India,2023-04-06,Standard,9150.44
7632,Rosa Singh,rosa.singh.7632@example.com,Canada,2022-07-19,Premium,749.04
7633,Viktor Garcia,viktor.garcia.7633@example.com,United Kingdom,2022-06-18,Premium,1408.93
7634,Grace Ivanov,grace.ivanov.7634@shopmail.test,Germany,2023-05-23,Basic,2239.34
7635,Jia Okafor,jia.okafor.7635@shopmail.test,Australia,2025-08-18,Standard,8131.63
7636,Priya Novak,priya.novak.7636@shopmail.test,United States,2021-07-19,Basic,10701.48
7637,Zane Silva,zane.silva.7637@shopmail.test,France,2024-10-16,Premium,3686.66
7638,Noah Okafor,noah.okafor.7638@shopmail.test,India,2026-07-18,Basic,6229.77
7639,Hiro Lopez,hiro.lopez.7639@example.com,United Kingdom,2026-08-20,Standard,9362.81
7640,Diego Singh,diego.singh.7640@shopmail.test,Singapore,2020-03-04,Basic,8299.66
7641,Noah Lopez,noah.lopez.7641@shopmail.test,Germany,2025-01-24,Standard,5380.55
7642,Diego Ali,diego.ali.7642@shopmail.test,United Kingdom,2024-08-09,Standard,11348.21
7643,Yara Kim,yara.kim.7643@shopmail.test,India,2023-03-03,Standard,596.49
7644,Arjun Patel,arjun.patel.7644@shopmail.test,United States,2021-01-24,Premium,10615.20
7645,Rosa Costa,rosa.costa.7645@retail.dev,Germany,2021-08-06,Premium,8403.81
7646,Elena Silva,elena.silva.7646@shopmail.test,Germany,2022-05-11,Basic,1051.41
7647,Diego Kim,diego.kim.7647@shopmail.test,France,2024-07-22,Basic,11401.18
7648,Rosa Novak,rosa.novak.7648@shopmail.test,Singapore,2025-04-15,Standard,3706.07
7649,Keiko Patel,keiko.patel.7649@retail.dev,Singapore,2025-06-20,Premium,7253.46
7650,Hassan Garcia,hassan.garcia.7650@shopmail.test,India,2021-03-26,Premium,5941.70
7651,Elena Ali,elena.ali.7651@shopmail.test,Australia,2020-09-02,Basic,5949.26
7652,Yara Williams,yara.williams.7652@example.com,Germany,2024-06-29,Premium,4843.06
7653,Imani Nguyen,imani.nguyen.7653@retail.dev,Canada,2023-05-23,Standard,6126.05
7654,Quinn Lopez,quinn.lopez.7654@shopmail.test,Brazil,2026-07-06,Basic,5365.61
7655,Omar Chen,omar.chen.7655@retail.dev,United States,2025-07-28,Standard,334.04
7656,Hiro Mensah,hiro.mensah.7656@shopmail.test,Japan,2020-09-25,Premium,11699.49
7657,Fatima Costa,fatima.costa.7657@shopmail.test,Canada,2023-02-17,Premium,1894.88
7658,Sofia Williams,sofia.williams.7658@example.com,Brazil,2022-11-12,Standard,3699.41
7659,Noah Khan,noah.khan.7659@shopmail.test,Canada,2024-07-21,Standard,11483.69
7660,Lucia Lopez,lucia.lopez.7660@example.com,France,2025-02-21,Premium,6474.33
7661,Amelia Williams,amelia.williams.7661@retail.dev,Germany,2021-11-22,Basic,8609.25
7662,Grace Mensah,grace.mensah.7662@retail.dev,Canada,2025-03-14,Standard,5026.01
7663,Hiro Silva,hiro.silva.7663@example.com,United Kingdom,2025-03-10,Basic,8307.06
7664,Omar Williams,omar.williams.7664@shopmail.test,Canada,2025-10-30,Premium,4999.35
7665,Anika Khan,anika.khan.7665@retail.dev,Australia,2023-10-04,Standard,9215.58
7666,Hassan Mensah,hassan.mensah.7666@retail.dev,Brazil,2026-09-12,Standard,9690.70
7667,Noah Patel,noah.patel.7667@shopmail.test,Australia,2025-05-04,Basic,7712.18
7668,Hassan Khan,hassan.khan.7668@example.com,United Kingdom,2020-04-19,Basic,878.05
7669,Sofia Sato,sofia.sato.7669@shopmail.test,Singapore,2021-03-03,Standard,2085.76
7670,Chen Kim,chen.kim.7670@shopmail.test,Brazil,2022-01-21,Standard,6661.80
7671,Quinn Silva,quinn.silva.7671@retail.dev,India,2022-11-24,Premium,4408.18
7672,Hassan Kim,hassan.kim.7672@shopmail.test,France,2025-08-02,Standard,7624.99
7673,Hassan Silva,hassan.silva.7673@retail.dev,Canada,2024-07-10,Standard,1889.49
7674,Diego Mensah,diego.mensah.7674@example.com,United States,2023-06-14,Standard,8939.32
7675,Chen Silva,chen.silva.7675@shopmail.test,Singapore,2020-07-29,Standard,67.25
7676,Imani Patel,imani.patel.7676@retail.dev,United States,2025-02-17,Standard,4101.95
7677,Zane Kim,zane.kim.7677@retail.dev,France,2023-02-15,Standard,5046.99
7678,Jia Muller,jia.muller.7678@retail.dev,Germany,2024-12-03,Standard,426.76
7679,Chen Kim,chen.kim.7679@retail.dev,Germany,2026-06-04,Standard,8655.05
7680,Tara Nguyen,tara.nguyen.7680@retail.dev,Australia,2020-08-30,Standard,37.81
7681,Aisha Lopez,aisha.lopez.7681@retail.dev,Australia,2026-05-16,Standard,7549.69
7682,Yara Chen,yara.chen.7682@example.com,Germany,2025-10-30,Standard,8041.57
7683,Imani Sato,imani.sato.7683@retail.dev,United States,2026-07-05,Basic,889.48
7684,Tara Patel,tara.patel.7684@shopmail.test,France,2021-11-29,Premium,6847.48
7685,Rosa Patel,rosa.patel.7685@example.com,Germany,2023-05-03,Premium,9478.98
7686,Zane Nguyen,zane.nguyen.7686@shopmail.test,Australia,2021-01-30,Basic,1459.84
7687,Anika Novak,anika.novak.7687@retail.dev,France,2024-03-21,Standard,9517.39
7688,Aarav Brown,aarav.brown.7688@shopmail.test,Germany,2025-11-12,Standard,2831.41
7689,Fatima Nguyen,fatima.nguyen.7689@shopmail.test,Germany,2022-01-05,Premium,9926.03
7690,Amelia Patel,amelia.patel.7690@retail.dev,Brazil,2025-02-08,Standard,2012.48
7691,Fatima Novak,fatima.novak.7691@retail.dev,France,2023-09-23,Basic,6807.77
7692,Keiko Costa,keiko.costa.7692@example.com,Brazil,2021-11-04,Standard,4785.13
7693,Sofia Lopez,sofia.lopez.7693@example.com,Japan,2025-04-13,Standard,6369.22
7694,Sofia Williams,sofia.williams.7694@example.com,United States,2020-08-22,Premium,788.29
7695,Omar Singh,omar.singh.7695@example.com,Japan,2021-12-06,Standard,6976.90
7696,Elena Singh,elena.singh.7696@shopmail.test,United States,2021-11-04,Premium,5598.85
7697,Fatima Costa,fatima.costa.7697@example.com,India,2025-11-17,Basic,4785.46
7698,Fatima Sato,fatima.sato.7698@shopmail.test,France,2026-03-03,Standard,4804.49
7699,Aisha Sato,aisha.sato.7699@shopmail.test,United Kingdom,2021-03-25,Basic,8562.08
7700,Imani Singh,imani.singh.7700@retail.dev,Germany,2023-08-23,Standard,1579.32
7701,Diego Ali,diego.ali.7701@shopmail.test,France,2026-05-27,Standard,1608.99
7702,Amelia Lopez,amelia.lopez.7702@example.com,United States,2020-05-22,Standard,8040.98
7703,Arjun Novak,arjun.novak.7703@shopmail.test,Canada,2024-10-16,Standard,7790.68
7704,Grace Garcia,grace.garcia.7704@shopmail.test,Germany,2026-08-01,Basic,9097.05
7705,Keiko Mensah,keiko.mensah.7705@shopmail.test,United States,2020-05-15,Standard,7931.31
7706,Hassan Anderson,hassan.anderson.7706@example.com,Germany,2022-04-22,Standard,9347.73
7707,Zane Mensah,zane.mensah.7707@retail.dev,Canada,2022-02-04,Basic,3308.91
7708,Sofia Brown,sofia.brown.7708@shopmail.test,United Kingdom,2024-06-15,Premium,6459.08
7709,Amelia Ali,amelia.ali.7709@shopmail.test,Germany,2026-08-26,Premium,4870.08
7710,Chen Nguyen,chen.nguyen.7710@example.com,United Kingdom,2024-07-13,Standard,878.61
7711,Uma Okafor,uma.okafor.7711@retail.dev,India,2025-09-14,Standard,2176.98
7712,Priya Mensah,priya.mensah.7712@shopmail.test,Singapore,2022-01-01,Basic,6991.10
7713,Grace Silva,grace.silva.7713@example.com,Australia,2021-08-20,Premium,10180.84
7714,Elena Chen,elena.chen.7714@shopmail.test,France,2022-11-19,Premium,5330.88
7715,Amelia Okafor,amelia.okafor.7715@example.com,Canada,2024-07-17,Standard,5827.64
7716,Viktor Singh,viktor.singh.7716@example.com,France,2025-11-03,Basic,6257.53
7717,James Anderson,james.anderson.7717@retail.dev,Canada,2025-08-08,Standard,2615.05
7718,Aisha Williams,aisha.williams.7718@shopmail.test,Japan,2022-04-03,Basic,9636.65
7719,Diego Lopez,diego.lopez.7719@example.com,France,2021-04-05,Standard,7623.36
7720,James Williams,james.williams.7720@retail.dev,United States,2024-07-20,Standard,6224.05
7721,Keiko Ali,keiko.ali.7721@example.com,United States,2024-02-21,Standard,2882.01
7722,Chen Silva,chen.silva.7722@example.com,France,2025-06-07,Basic,186.91
7723,Priya Anderson,priya.anderson.7723@example.com,Japan,2023-02-24,Standard,93.58
7724,Aisha Muller,aisha.muller.7724@example.com,United Kingdom,2022-06-28,Standard,1066.77
7725,Diego Okafor,diego.okafor.7725@retail.dev,Germany,2023-03-28,Standard,2139.12
7726,Maya Nguyen,maya.nguyen.7726@retail.dev,Japan,2021-08-12,Standard,11872.60
7727,Noah Sato,noah.sato.7727@shopmail.test,India,2026-05-26,Standard,1914.69
7728,Noah Muller,noah.muller.7728@retail.dev,Germany,2022-10-06,Basic,8778.28
7729,Arjun Costa,arjun.costa.7729@retail.dev,United Kingdom,2020-05-01,Standard,2106.99
7730,Tara Novak,tara.novak.7730@retail.dev,France,2023-11-16,Standard,1280.18
7731,Yara Garcia,yara.garcia.7731@example.com,Singapore,2025-08-14,Premium,9598.14
7732,Lucia Chen,lucia.chen.7732@example.com,France,2020-09-12,Standard,7509.03
7733,Rosa Nguyen,rosa.nguyen.7733@shopmail.test,Australia,2024-11-27,Premium,3242.54
7734,Uma Silva,uma.silva.7734@example.com,France,2022-01-30,Standard,7237.47
7735,Keiko Muller,keiko.muller.7735@shopmail.test,India,2021-07-02,Standard,8537.72
7736,Chen Silva,chen.silva.7736@example.com,India,2021-02-21,Basic,11960.12
7737,Hassan Patel,hassan.patel.7737@example.com,India,2021-01-29,Standard,10384.46
7738,Maya Mensah,maya.mensah.7738@retail.dev,France,2022-11-04,Standard,1047.00
7739,Hassan Garcia,hassan.garcia.7739@shopmail.test,Singapore,2024-09-24,Premium,4802.79
7740,Tara Brown,tara.brown.7740@shopmail.test,United States,2021-03-11,Standard,6983.21
7741,Zane Brown,zane.brown.7741@retail.dev,France,2025-03-16,Standard,1808.57
7742,Imani Costa,imani.costa.7742@retail.dev,United Kingdom,2025-05-15,Premium,8170.36
7743,Diego Silva,diego.silva.7743@retail.dev,United Kingdom,2020-01-16,Standard,2339.87
7744,Maya Garcia,maya.garcia.7744@shopmail.test,United States,2026-01-09,Standard,4810.39
7745,Sofia Ivanov,sofia.ivanov.7745@retail.dev,Australia,2022-06-09,Standard,8348.35
7746,Wei Garcia,wei.garcia.7746@shopmail.test,Australia,2024-03-29,Standard,8855.54
7747,Hiro Novak,hiro.novak.7747@shopmail.test,France,2026-07-05,Premium,11495.73
7748,Maya Mensah,maya.mensah.7748@example.com,France,2024-07-20,Premium,2225.81
7749,Fatima Costa,fatima.costa.7749@shopmail.test,United Kingdom,2026-06-01,Basic,9520.83
7750,Viktor Costa,viktor.costa.7750@shopmail.test,Germany,2022-08-18,Standard,79.25
7751,Wei Sato,wei.sato.7751@shopmail.test,India,2021-09-27,Standard,1265.46
7752,James Khan,james.khan.7752@shopmail.test,Canada,2021-05-05,Standard,5645.77
7753,Arjun Nguyen,arjun.nguyen.7753@shopmail.test,India,2021-08-17,Premium,2251.51
7754,Zane Kim,zane.kim.7754@retail.dev,United Kingdom,2026-08-15,Basic,2321.79
7755,Priya Ali,priya.ali.7755@example.com,United Kingdom,2020-04-25,Basic,3107.05
7756,Jia Brown,jia.brown.7756@shopmail.test,Japan,2021-02-17,Premium,2140.47
7757,Elena Chen,elena.chen.7757@example.com,India,2023-09-01,Premium,8833.11
7758,Keiko Kim,keiko.kim.7758@shopmail.test,United Kingdom,2020-04-09,Standard,2507.06
7759,Zane Khan,zane.khan.7759@retail.dev,Canada,2023-07-25,Standard,8789.08
7760,Elena Garcia,elena.garcia.7760@retail.dev,United Kingdom,2024-12-05,Basic,7275.21
7761,Wei Lopez,wei.lopez.7761@shopmail.test,Canada,2022-08-01,Basic,2367.26
7762,Jia Garcia,jia.garcia.7762@example.com,Germany,2024-01-08,Basic,10387.58
7763,Yara Williams,yara.williams.7763@shopmail.test,Japan,2021-11-12,Standard,1315.33
7764,Maya Silva,maya.silva.7764@example.com,Singapore,2021-08-25,Premium,11078.47
7765,Zane Ali,zane.ali.7765@example.com,India,2022-11-09,Standard,6623.90
7766,Yara Williams,yara.williams.7766@retail.dev,France,2023-05-28,Standard,1443.99
7767,Maya Kim,maya.kim.7767@example.com,France,2026-04-29,Standard,6182.86
7768,Rosa Nguyen,rosa.nguyen.7768@example.com,United Kingdom,2024-02-21,Basic,7173.14
7769,Yara Costa,yara.costa.7769@example.com,Germany,2023-08-12,Standard,5033.30
7770,Diego Williams,diego.williams.7770@shopmail.test,Canada,2024-11-11,Premium,2695.87
7771,Viktor Lopez,viktor.lopez.7771@example.com,Australia,2020-11-30,Standard,5166.42
7772,Fatima Muller,fatima.muller.7772@retail.dev,Germany,2022-07-16,Standard,262.57
7773,Imani Okafor,imani.okafor.7773@shopmail.test,United States,2020-11-16,Premium,8417.02
7774,James Novak,james.novak.7774@example.com,United Kingdom,2024-03-15,Basic,9659.94
7775,Jia Williams,jia.williams.7775@retail.dev,France,2026-09-02,Standard,29.89
7776,Noah Mensah,noah.mensah.7776@example.com,United States,2021-07-29,Basic,5128.55
7777,Fatima Garcia,fatima.garcia.7777@example.com,Singapore,2026-03-21,Standard,7363.96
7778,Sofia Kim,sofia.kim.7778@retail.dev,Brazil,2024-03-24,Basic,6634.65
7779,Hassan Chen,hassan.chen.7779@shopmail.test,United States,2024-04-26,Standard,5909.51
7780,Wei Kim,wei.kim.7780@example.com,Brazil,2021-08-12,Standard,4150.63
7781,Hassan Brown,hassan.brown.7781@shopmail.test,United Kingdom,2020-01-05,Standard,10059.18
7782,Grace Muller,grace.muller.7782@shopmail.test,United States,2026-01-26,Basic,10833.35
7783,Elena Novak,elena.novak.7783@shopmail.test,Canada,2025-03-23,Premium,4559.17
7784,Hiro Mensah,hiro.mensah.7784@retail.dev,Canada,2024-09-08,Basic,7596.26
7785,Amelia Sato,amelia.sato.7785@example.com,Singapore,2021-06-14,Standard,7929.44
7786,Hiro Lopez,hiro.lopez.7786@example.com,Japan,2022-03-16,Standard,8781.63
7787,Hassan Brown,hassan.brown.7787@example.com,United Kingdom,2021-10-19,Standard,6286.13
7788,Zane Khan,zane.khan.7788@shopmail.test,Japan,2021-08-31,Standard,11900.79
7789,Diego Costa,diego.costa.7789@retail.dev,Australia,2022-04-10,Basic,6440.98
7790,Noah Ali,noah.ali.7790@shopmail.test,France,2021-03-18,Basic,5572.32
7791,Elena Williams,elena.williams.7791@retail.dev,Singapore,2024-01-22,Standard,4716.91
7792,Arjun Silva,arjun.silva.7792@shopmail.test,Germany,2023-09-30,Basic,8379.31
7793,Keiko Ivanov,keiko.ivanov.7793@shopmail.test,United Kingdom,2022-03-14,Standard,2140.21
7794,Amelia Mensah,amelia.mensah.7794@example.com,Australia,2021-04-19,Basic,5260.71
7795,Noah Brown,noah.brown.7795@shopmail.test,United States,2023-11-22,Basic,7275.80
7796,James Ali,james.ali.7796@retail.dev,India,2025-11-05,Standard,6043.07
7797,Noah Sato,noah.sato.7797@example.com,Singapore,2026-01-13,Standard,9387.00
7798,Maya Mensah,maya.mensah.7798@retail.dev,Canada,2021-09-08,Standard,3920.12
7799,Anika Mensah,anika.mensah.7799@retail.dev,Canada,2026-07-05,Standard,9997.62
7800,Yara Muller,yara.muller.7800@example.com,Canada,2020-12-14,Standard,6802.52
7801,Chen Garcia,chen.garcia.7801@example.com,Singapore,2023-12-30,Standard,8673.47
7802,Imani Mensah,imani.mensah.7802@retail.dev,Australia,2024-05-13,Premium,10919.61
7803,Keiko Sato,keiko.sato.7803@shopmail.test,India,2020-05-15,Standard,11383.01
7804,Rosa Okafor,rosa.okafor.7804@example.com,Australia,2025-03-20,Basic,9488.50
7805,Fatima Mensah,fatima.mensah.7805@example.com,United States,2024-10-31,Standard,9766.74
7806,Zane Mensah,zane.mensah.7806@shopmail.test,United Kingdom,2024-12-13,Standard,7301.73
7807,Priya Anderson,priya.anderson.7807@shopmail.test,United Kingdom,2026-07-15,Premium,8455.32
7808,Noah Costa,noah.costa.7808@example.com,Canada,2020-04-04,Standard,9923.10
7809,Zane Ivanov,zane.ivanov.7809@example.com,United Kingdom,2021-02-24,Standard,525.02
7810,Keiko Patel,keiko.patel.7810@example.com,Singapore,2025-10-03,Standard,1839.75
7811,Arjun Brown,arjun.brown.7811@example.com,United States,2020-12-26,Basic,2547.03
7812,Chen Ali,chen.ali.7812@example.com,Canada,2023-12-28,Premium,9401.99
7813,Jia Sato,jia.sato.7813@retail.dev,Australia,2024-12-30,Standard,6876.97
7814,Hiro Brown,hiro.brown.7814@retail.dev,Singapore,2021-06-02,Standard,6060.62
7815,Aarav Sato,aarav.sato.7815@shopmail.test,Australia,2025-07-18,Standard,8434.41
7816,Imani Chen,imani.chen.7816@example.com,Germany,2023-03-05,Standard,9900.71
7817,Diego Muller,diego.muller.7817@retail.dev,France,2026-04-04,Standard,3707.78
7818,Hassan Garcia,hassan.garcia.7818@shopmail.test,Japan,2026-05-26,Basic,2505.94
7819,Diego Patel,diego.patel.7819@example.com,United Kingdom,2026-04-09,Premium,1093.12
7820,James Patel,james.patel.7820@retail.dev,Canada,2024-07-19,Standard,9483.65
7821,Tara Ali,tara.ali.7821@retail.dev,Germany,2020-06-17,Standard,7674.91
7822,Viktor Costa,viktor.costa.7822@retail.dev,Germany,2021-05-01,Basic,8202.13
7823,Diego Costa,diego.costa.7823@example.com,Brazil,2022-08-15,Basic,8511.36
7824,Anika Chen,anika.chen.7824@retail.dev,India,2021-09-14,Basic,1220.97
7825,Amelia Lopez,amelia.lopez.7825@retail.dev,India,2020-03-10,Basic,7990.19
7826,Zane Muller,zane.muller.7826@retail.dev,Japan,2020-10-01,Standard,4530.10
7827,Anika Garcia,anika.garcia.7827@example.com,India,2020-04-21,Standard,11379.44
7828,Yara Muller,yara.muller.7828@retail.dev,Brazil,2026-01-27,Standard,10650.69
7829,Yara Anderson,yara.anderson.7829@shopmail.test,Brazil,2021-07-29,Basic,8049.78
7830,Noah Brown,noah.brown.7830@shopmail.test,United Kingdom,2022-09-09,Basic,5091.44
7831,Wei Garcia,wei.garcia.7831@shopmail.test,India,2022-02-14,Standard,10921.16
7832,Liam Lopez,liam.lopez.7832@shopmail.test,India,2022-10-16,Standard,6797.63
7833,Grace Anderson,grace.anderson.7833@retail.dev,India,2021-10-04,Standard,8436.12
7834,Aisha Muller,aisha.muller.7834@example.com,Canada,2020-10-15,Standard,4156.42
7835,Hassan Anderson,hassan.anderson.7835@example.com,Singapore,2020-06-30,Standard,307.24
7836,Priya Singh,priya.singh.7836@retail.dev,Germany,2025-05-17,Premium,10742.41
7837,Noah Brown,noah.brown.7837@example.com,United States,2022-08-22,Standard,7678.99
7838,Imani Okafor,imani.okafor.7838@example.com,Brazil,2022-07-16,Standard,11038.14
7839,Imani Brown,imani.brown.7839@retail.dev,United States,2022-06-05,Basic,3563.46
7840,Viktor Nguyen,viktor.nguyen.7840@retail.dev,Singapore,2023-05-13,Standard,4709.74
7841,Quinn Nguyen,quinn.nguyen.7841@shopmail.test,Australia,2022-08-22,Basic,4362.26
7842,Rosa Nguyen,rosa.nguyen.7842@example.com,Australia,2020-04-21,Premium,8169.15
7843,Priya Costa,priya.costa.7843@shopmail.test,Brazil,2023-05-25,Basic,6618.06
7844,Noah Silva,noah.silva.7844@example.com,Japan,2020-01-17,Standard,706.89
7845,Viktor Mensah,viktor.mensah.7845@example.com,United Kingdom,2020-02-27,Basic,8150.31
7846,Rosa Mensah,rosa.mensah.7846@example.com,Australia,2025-02-11,Standard,7357.24
7847,Sofia Sato,sofia.sato.7847@retail.dev,United Kingdom,2026-09-11,Basic,6367.17
7848,Aarav Khan,aarav.khan.7848@retail.dev,United States,2021-12-21,Premium,3309.82
7849,Elena Okafor,elena.okafor.7849@example.com,Singapore,2021-06-21,Standard,834.14
7850,Jia Nguyen,jia.nguyen.7850@shopmail.test,Australia,2026-09-04,Standard,9995.50
7851,Wei Kim,wei.kim.7851@retail.dev,United States,2021-09-29,Standard,5573.11
7852,Keiko Novak,keiko.novak.7852@retail.dev,Germany,2024-10-12,Basic,11184.37
7853,Diego Anderson,diego.anderson.7853@shopmail.test,France,2022-01-10,Standard,1264.12
7854,James Chen,james.chen.7854@shopmail.test,France,2021-12-14,Premium,1991.68
7855,Chen Kim,chen.kim.7855@retail.dev,Australia,2022-05-01,Standard,4388.95
7856,Lucia Nguyen,lucia.nguyen.7856@shopmail.test,India,2024-02-14,Basic,11242.41
7857,Amelia Ali,amelia.ali.7857@retail.dev,United States,2021-12-01,Standard,8711.35
7858,Maya Ali,maya.ali.7858@shopmail.test,Brazil,2023-05-29,Basic,924.15
7859,Hiro Khan,hiro.khan.7859@shopmail.test,Japan,2024-12-03,Standard,2371.74
7860,Yara Nguyen,yara.nguyen.7860@retail.dev,Australia,2023-11-29,Basic,11223.90
7861,Lucia Ivanov,lucia.ivanov.7861@retail.dev,Australia,2023-06-30,Basic,5257.69
7862,Wei Brown,wei.brown.7862@example.com,Japan,2025-07-27,Standard,78.60
7863,James Singh,james.singh.7863@retail.dev,France,2020-08-02,Standard,7198.94
7864,Yara Sato,yara.sato.7864@retail.dev,United States,2023-10-12,Premium,4504.32
7865,Hassan Novak,hassan.novak.7865@shopmail.test,Japan,2021-07-16,Basic,10123.51
7866,Jia Anderson,jia.anderson.7866@shopmail.test,Singapore,2023-06-25,Basic,5111.40
7867,Keiko Novak,keiko.novak.7867@example.com,Canada,2024-01-02,Premium,8760.53
7868,Quinn Lopez,quinn.lopez.7868@retail.dev,France,2024-07-26,Basic,8319.16
7869,Elena Williams,elena.williams.7869@shopmail.test,United Kingdom,2022-01-21,Standard,404.16
7870,James Silva,james.silva.7870@retail.dev,India,2025-03-18,Standard,10310.62
7871,Aarav Novak,aarav.novak.7871@example.com,Germany,2021-10-08,Standard,2118.01
7872,Lucia Anderson,lucia.anderson.7872@shopmail.test,Canada,2021-12-15,Standard,8071.99
7873,Quinn Lopez,quinn.lopez.7873@shopmail.test,United Kingdom,2021-07-04,Basic,4551.95
7874,Wei Costa,wei.costa.7874@shopmail.test,United Kingdom,2025-09-26,Standard,7091.58
7875,Hassan Kim,hassan.kim.7875@shopmail.test,Australia,2021-06-22,Standard,11375.43
7876,Sofia Chen,sofia.chen.7876@example.com,Germany,2022-09-11,Basic,6565.59
7877,Hassan Williams,hassan.williams.7877@retail.dev,Singapore,2023-04-16,Standard,7537.10
7878,Uma Garcia,uma.garcia.7878@shopmail.test,Singapore,2024-11-09,Standard,2693.52
7879,Quinn Brown,quinn.brown.7879@retail.dev,Australia,2021-08-09,Premium,8593.04
7880,Amelia Silva,amelia.silva.7880@retail.dev,United Kingdom,2020-01-29,Standard,553.84
7881,Keiko Costa,keiko.costa.7881@example.com,United Kingdom,2026-06-13,Standard,9199.60
7882,Grace Novak,grace.novak.7882@example.com,Singapore,2024-09-29,Standard,5097.98
7883,Lucia Novak,lucia.novak.7883@retail.dev,United States,2021-01-29,Basic,669.24
7884,Grace Brown,grace.brown.7884@retail.dev,Brazil,2024-05-14,Standard,1246.34
7885,Wei Sato,wei.sato.7885@retail.dev,Brazil,2020-09-09,Premium,8465.58
7886,Hiro Williams,hiro.williams.7886@shopmail.test,Australia,2022-05-01,Standard,8076.85
7887,Noah Sato,noah.sato.7887@example.com,United States,2021-11-19,Premium,8600.12
7888,Priya Williams,priya.williams.7888@example.com,Japan,2023-04-20,Basic,10520.07
7889,Omar Ivanov,omar.ivanov.7889@shopmail.test,Japan,2023-08-05,Standard,456.58
7890,Jia Nguyen,jia.nguyen.7890@shopmail.test,United Kingdom,2023-08-21,Standard,8480.45
7891,Hassan Kim,hassan.kim.7891@shopmail.test,Brazil,2020-07-16,Standard,5509.64
7892,Aarav Mensah,aarav.mensah.7892@example.com,France,2026-06-30,Basic,7896.99
7893,Amelia Ivanov,amelia.ivanov.7893@shopmail.test,United Kingdom,2026-08-01,Standard,2554.77
7894,Chen Chen,chen.chen.7894@shopmail.test,Singapore,2022-12-11,Basic,6690.32
7895,Hassan Singh,hassan.singh.7895@example.com,Brazil,2026-08-05,Basic,6468.69
7896,Jia Patel,jia.patel.7896@example.com,France,2024-08-03,Standard,10162.31
7897,Noah Kim,noah.kim.7897@shopmail.test,Singapore,2024-03-14,Standard,8082.02
7898,Aarav Ivanov,aarav.ivanov.7898@shopmail.test,France,2020-03-26,Basic,7748.91
7899,Anika Anderson,anika.anderson.7899@example.com,India,2020-02-14,Standard,2723.16
7900,Aarav Novak,aarav.novak.7900@shopmail.test,Singapore,2022-11-26,Standard,7046.62
7901,Anika Brown,anika.brown.7901@shopmail.test,Germany,2025-04-06,Standard,3149.53
7902,Lucia Singh,lucia.singh.7902@retail.dev,Japan,2024-09-29,Standard,5732.95
7903,Quinn Sato,quinn.sato.7903@retail.dev,Brazil,2026-08-22,Standard,2931.84
7904,Wei Williams,wei.williams.7904@retail.dev,United Kingdom,2025-08-01,Basic,1378.15
7905,Omar Garcia,omar.garcia.7905@shopmail.test,Singapore,2021-05-06,Basic,2822.95
7906,Hassan Nguyen,hassan.nguyen.7906@example.com,Canada,2022-05-03,Standard,3209.74
7907,Amelia Mensah,amelia.mensah.7907@example.com,India,2020-02-21,Standard,10542.56
7908,Keiko Williams,keiko.williams.7908@example.com,Japan,2025-06-10,Basic,5009.71
7909,Keiko Novak,keiko.novak.7909@example.com,India,2020-06-16,Basic,8702.74
7910,Chen Patel,chen.patel.7910@example.com,Canada,2025-09-09,Basic,2193.07
7911,Grace Williams,grace.williams.7911@shopmail.test,United Kingdom,2023-04-18,Standard,8602.79
7912,Noah Okafor,noah.okafor.7912@example.com,France,2025-10-10,Basic,9345.18
7913,Wei Sato,wei.sato.7913@example.com,Canada,2026-07-28,Standard,1359.13
7914,Arjun Brown,arjun.brown.7914@retail.dev,India,2026-08-18,Premium,8447.05
7915,Liam Costa,liam.costa.7915@shopmail.test,United States,2021-11-03,Premium,9184.23
7916,Quinn Kim,quinn.kim.7916@example.com,United Kingdom,2026-01-17,Basic,7850.40
7917,Elena Okafor,elena.okafor.7917@example.com,Germany,2025-07-09,Standard,2535.11
7918,Wei Patel,wei.patel.7918@example.com,Australia,2023-10-30,Basic,5689.09
7919,Quinn Garcia,quinn.garcia.7919@shopmail.test,Japan,2025-08-01,Standard,2970.00
7920,Anika Muller,anika.muller.7920@example.com,United Kingdom,2024-07-31,Standard,9126.70
7921,Omar Brown,omar.brown.7921@shopmail.test,Singapore,2021-09-30,Standard,11131.03
7922,James Chen,james.chen.7922@example.com,United Kingdom,2024-02-16,Basic,4863.44
7923,Imani Mensah,imani.mensah.7923@example.com,Japan,2020-02-05,Standard,5019.32
7924,Arjun Kim,arjun.kim.7924@retail.dev,France,2021-06-27,Standard,5498.31
7925,James Costa,james.costa.7925@example.com,Singapore,2023-10-15,Standard,2576.69
7926,Arjun Kim,arjun.kim.7926@retail.dev,United Kingdom,2022-10-01,Basic,4009.03
7927,Anika Muller,anika.muller.7927@retail.dev,Singapore,2023-01-14,Standard,7278.76
7928,Hassan Anderson,hassan.anderson.7928@retail.dev,Canada,2026-08-13,Premium,6771.95
7929,Liam Ali,liam.ali.7929@retail.dev,Singapore,2026-08-27,Standard,3277.12
7930,Fatima Novak,fatima.novak.7930@example.com,United States,2024-12-03,Premium,3554.55
7931,Grace Okafor,grace.okafor.7931@example.com,United Kingdom,2022-10-23,Basic,3696.95
7932,Jia Singh,jia.singh.7932@example.com,Canada,2024-08-14,Standard,3104.14
7933,Uma Lopez,uma.lopez.7933@shopmail.test,Canada,2023-08-26,Premium,3419.93
7934,James Singh,james.singh.7934@shopmail.test,Australia,2025-06-09,Standard,841.94
7935,Chen Brown,chen.brown.7935@retail.dev,Japan,2021-07-05,Basic,6151.63
7936,Priya Lopez,priya.lopez.7936@retail.dev,Singapore,2023-05-05,Standard,10378.46
7937,Elena Anderson,elena.anderson.7937@retail.dev,Canada,2022-10-21,Standard,1009.52
7938,Arjun Garcia,arjun.garcia.7938@shopmail.test,Singapore,2022-08-31,Basic,1197.56
7939,Noah Okafor,noah.okafor.7939@example.com,Brazil,2023-10-25,Standard,2645.00
7940,Keiko Okafor,keiko.okafor.7940@retail.dev,United Kingdom,2021-06-26,Basic,11957.94
7941,Hiro Sato,hiro.sato.7941@shopmail.test,United States,2021-09-12,Standard,1409.14
7942,Quinn Khan,quinn.khan.7942@example.com,India,2025-11-28,Standard,3318.78
7943,Grace Okafor,grace.okafor.7943@shopmail.test,India,2021-07-16,Standard,11696.51
7944,Aisha Mensah,aisha.mensah.7944@shopmail.test,Germany,2023-05-03,Basic,7200.41
7945,Uma Okafor,uma.okafor.7945@shopmail.test,Germany,2020-07-20,Basic,647.19
7946,Chen Muller,chen.muller.7946@retail.dev,Japan,2026-09-06,Basic,7259.47
7947,Wei Okafor,wei.okafor.7947@example.com,United Kingdom,2025-02-10,Standard,11473.61
7948,Aarav Williams,aarav.williams.7948@retail.dev,Brazil,2023-10-30,Basic,2290.55
7949,Hiro Singh,hiro.singh.7949@shopmail.test,Germany,2026-02-14,Basic,9432.30
7950,Chen Garcia,chen.garcia.7950@shopmail.test,United Kingdom,2025-11-30,Standard,9606.17
7951,Rosa Patel,rosa.patel.7951@retail.dev,Singapore,2026-03-30,Standard,9188.52
7952,Liam Garcia,liam.garcia.7952@retail.dev,Singapore,2025-12-01,Premium,1219.04
7953,Fatima Nguyen,fatima.nguyen.7953@retail.dev,Japan,2026-04-18,Premium,9819.39
7954,Elena Costa,elena.costa.7954@shopmail.test,Germany,2021-07-06,Basic,49.79
7955,Diego Ali,diego.ali.7955@example.com,Germany,2023-07-31,Standard,9733.81
7956,Grace Ali,grace.ali.7956@shopmail.test,India,2025-02-01,Basic,9229.62
7957,Omar Anderson,omar.anderson.7957@retail.dev,Germany,2023-01-12,Premium,11108.98
7958,Chen Costa,chen.costa.7958@retail.dev,United States,2021-08-30,Standard,2371.80
7959,Viktor Anderson,viktor.anderson.7959@shopmail.test,Germany,2020-11-27,Standard,11590.33
7960,Anika Lopez,anika.lopez.7960@example.com,United States,2022-02-28,Standard,3538.35
7961,Priya Williams,priya.williams.7961@shopmail.test,Brazil,2025-08-01,Basic,2069.22
7962,Liam Muller,liam.muller.7962@example.com,India,2026-06-04,Basic,11075.43
7963,Amelia Nguyen,amelia.nguyen.7963@retail.dev,France,2024-02-07,Standard,9738.87
7964,Yara Novak,yara.novak.7964@example.com,Singapore,2020-11-15,Premium,3656.88
7965,Liam Nguyen,liam.nguyen.7965@shopmail.test,Singapore,2025-04-12,Basic,11956.80
7966,Hiro Nguyen,hiro.nguyen.7966@retail.dev,United Kingdom,2020-06-01,Standard,6857.22
7967,Hiro Silva,hiro.silva.7967@retail.dev,Brazil,2026-01-22,Standard,1103.04
7968,Keiko Williams,keiko.williams.7968@shopmail.test,United States,2026-06-18,Standard,5129.08
7969,Yara Kim,yara.kim.7969@shopmail.test,United States,2025-12-30,Premium,4484.90
7970,Sofia Silva,sofia.silva.7970@retail.dev,India,2025-03-26,Standard,732.67
7971,Elena Kim,elena.kim.7971@shopmail.test,United Kingdom,2024-05-12,Premium,10127.23
7972,Aarav Patel,aarav.patel.7972@retail.dev,Australia,2020-03-20,Standard,10326.75
7973,Keiko Costa,keiko.costa.7973@shopmail.test,Germany,2022-09-06,Standard,11177.02
7974,Lucia Sato,lucia.sato.7974@example.com,Japan,2025-01-21,Basic,9809.08
7975,Fatima Singh,fatima.singh.7975@example.com,India,2025-08-21,Premium,4676.17
7976,Anika Nguyen,anika.nguyen.7976@example.com,France,2026-08-22,Basic,6443.05
7977,Diego Okafor,diego.okafor.7977@example.com,Singapore,2021-07-03,Standard,1380.71
7978,Priya Williams,priya.williams.7978@retail.dev,United Kingdom,2020-05-08,Basic,2486.81
7979,Aisha Silva,aisha.silva.7979@shopmail.test,United States,2024-04-08,Standard,5301.92
7980,Imani Mensah,imani.mensah.7980@retail.dev,Australia,2023-04-22,Standard,11193.87
7981,Chen Silva,chen.silva.7981@shopmail.test,Australia,2026-06-16,Standard,3394.18
7982,Zane Sato,zane.sato.7982@shopmail.test,Singapore,2025-07-17,Standard,9745.65
7983,Amelia Costa,amelia.costa.7983@example.com,Germany,2024-02-26,Standard,7152.13
7984,Imani Brown,imani.brown.7984@shopmail.test,India,2022-07-11,Standard,8980.79
7985,Uma Khan,uma.khan.7985@shopmail.test,France,2024-12-11,Standard,11730.64
7986,Jia Lopez,jia.lopez.7986@shopmail.test,France,2021-05-29,Standard,10940.35
7987,Amelia Okafor,amelia.okafor.7987@shopmail.test,Australia,2023-05-30,Standard,7066.78
7988,Sofia Brown,sofia.brown.7988@example.com,United States,2021-11-11,Basic,3548.59
7989,Hiro Novak,hiro.novak.7989@shopmail.test,Canada,2024-10-14,Standard,11851.18
7990,Noah Mensah,noah.mensah.7990@shopmail.test,United Kingdom,2025-12-20,Premium,3279.97
7991,Noah Lopez,noah.lopez.7991@retail.dev,Singapore,2020-06-12,Standard,2288.81
7992,Keiko Muller,keiko.muller.7992@shopmail.test,France,2020-10-10,Premium,580.49
7993,Viktor Brown,viktor.brown.7993@shopmail.test,India,2022-08-18,Basic,6804.68
7994,Yara Garcia,yara.garcia.7994@retail.dev,Australia,2021-01-27,Basic,7679.20
7995,Fatima Nguyen,fatima.nguyen.7995@retail.dev,Canada,2022-11-10,Premium,4183.82
7996,Diego Mensah,diego.mensah.7996@retail.dev,United States,2020-09-06,Basic,5005.31
7997,Liam Williams,liam.williams.7997@shopmail.test,Australia,2022-09-13,Standard,8626.32
7998,Liam Muller,liam.muller.7998@retail.dev,Brazil,2024-10-15,Standard,3173.36
7999,Hiro Novak,hiro.novak.7999@retail.dev,Brazil,2025-01-12,Standard,9269.06
8000,Fatima Silva,fatima.silva.8000@retail.dev,Singapore,2023-12-02,Basic,11065.66
8001,Omar Patel,omar.patel.8001@shopmail.test,Australia,2023-05-27,Standard,6374.11
8002,Imani Williams,imani.williams.8002@retail.dev,Japan,2022-11-13,Standard,5949.58
8003,Hassan Patel,hassan.patel.8003@shopmail.test,Brazil,2025-01-29,Standard,7699.48
8004,Yara Nguyen,yara.nguyen.8004@example.com,Australia,2023-07-24,Standard,9118.48
8005,Liam Anderson,liam.anderson.8005@retail.dev,Singapore,2026-02-03,Basic,11561.90
8006,Fatima Singh,fatima.singh.8006@retail.dev,Germany,2021-03-19,Premium,11451.42
8007,Priya Nguyen,priya.nguyen.8007@retail.dev,Singapore,2023-03-06,Standard,875.56
8008,Noah Ali,noah.ali.8008@shopmail.test,United Kingdom,2021-09-24,Standard,2073.66
8009,Aarav Anderson,aarav.anderson.8009@shopmail.test,Singapore,2021-08-24,Basic,7481.71
8010,Omar Lopez,omar.lopez.8010@retail.dev,Brazil,2022-02-19,Standard,9624.24
8011,Hiro Mensah,hiro.mensah.8011@example.com,Singapore,2020-08-15,Standard,9780.42
8012,Quinn Muller,quinn.muller.8012@example.com,United Kingdom,2024-03-21,Premium,8215.95
8013,Grace Costa,grace.costa.8013@retail.dev,Brazil,2024-07-26,Standard,11582.52
8014,Chen Ali,chen.ali.8014@shopmail.test,Brazil,2023-03-29,Premium,711.68
8015,Hassan Williams,hassan.williams.8015@example.com,India,2020-02-28,Standard,9373.30
8016,Quinn Williams,quinn.williams.8016@example.com,Brazil,2026-08-19,Standard,873.38
8017,Amelia Khan,amelia.khan.8017@shopmail.test,United States,2020-05-18,Basic,11396.55
8018,Noah Mensah,noah.mensah.8018@shopmail.test,Singapore,2021-02-19,Standard,4960.00
8019,Aisha Chen,aisha.chen.8019@shopmail.test,Germany,2025-03-20,Standard,8383.99
8020,Omar Kim,omar.kim.8020@shopmail.test,Australia,2024-08-31,Basic,9540.99
8021,Noah Nguyen,noah.nguyen.8021@example.com,United States,2025-07-01,Standard,11119.56
8022,Aarav Lopez,aarav.lopez.8022@retail.dev,Brazil,2024-12-17,Standard,642.15
8023,Aisha Garcia,aisha.garcia.8023@retail.dev,France,2025-10-04,Standard,4460.46
8024,Imani Garcia,imani.garcia.8024@retail.dev,Australia,2026-02-06,Premium,1147.67
8025,Tara Muller,tara.muller.8025@example.com,United Kingdom,2025-02-01,Premium,6008.04
8026,Aarav Silva,aarav.silva.8026@retail.dev,France,2021-07-29,Premium,1422.71
8027,Lucia Khan,lucia.khan.8027@example.com,United Kingdom,2020-06-20,Standard,10142.30
8028,Yara Garcia,yara.garcia.8028@retail.dev,Germany,2026-02-14,Basic,8813.91
8029,Tara Sato,tara.sato.8029@shopmail.test,France,2026-08-05,Premium,9400.21
8030,Noah Williams,noah.williams.8030@example.com,Canada,2025-05-07,Basic,500.00
8031,Noah Costa,noah.costa.8031@shopmail.test,Germany,2020-11-21,Premium,9644.29
8032,Uma Nguyen,uma.nguyen.8032@example.com,Singapore,2026-04-07,Premium,1842.91
8033,Imani Sato,imani.sato.8033@shopmail.test,Japan,2021-07-07,Basic,11007.11
8034,Omar Lopez,omar.lopez.8034@example.com,Brazil,2021-05-12,Standard,1771.60
8035,Aarav Silva,aarav.silva.8035@retail.dev,France,2023-08-31,Standard,3634.54
8036,Hassan Brown,hassan.brown.8036@retail.dev,India,2020-05-27,Basic,8480.66
8037,Wei Garcia,wei.garcia.8037@shopmail.test,Canada,2025-10-23,Standard,9518.38
8038,Omar Williams,omar.williams.8038@shopmail.test,Singapore,2020-07-25,Standard,5612.60
8039,Uma Brown,uma.brown.8039@example.com,Canada,2020-01-09,Basic,2068.29
8040,Omar Silva,omar.silva.8040@example.com,Germany,2024-09-11,Standard,11579.12
8041,Anika Mensah,anika.mensah.8041@example.com,Germany,2023-08-05,Standard,5325.52
8042,Arjun Anderson,arjun.anderson.8042@example.com,Singapore,2021-09-25,Premium,1103.92
8043,Tara Silva,tara.silva.8043@shopmail.test,Brazil,2020-02-28,Standard,9343.31
8044,James Mensah,james.mensah.8044@example.com,Japan,2023-02-21,Standard,10615.89
8045,Rosa Okafor,rosa.okafor.8045@retail.dev,United States,2026-03-21,Premium,10946.44
8046,Aisha Costa,aisha.costa.8046@shopmail.test,France,2024-11-06,Standard,8383.18
8047,Imani Mensah,imani.mensah.8047@retail.dev,India,2024-11-24,Standard,4555.65
8048,Zane Novak,zane.novak.8048@retail.dev,Singapore,2024-11-13,Basic,3759.84
8049,Amelia Patel,amelia.patel.8049@shopmail.test,Canada,2022-11-18,Basic,5925.75
8050,Uma Novak,uma.novak.8050@shopmail.test,Japan,2023-09-04,Basic,11849.45
8051,Viktor Sato,viktor.sato.8051@shopmail.test,United Kingdom,2023-06-01,Basic,4146.46
8052,Elena Mensah,elena.mensah.8052@shopmail.test,Japan,2021-03-31,Standard,3074.63
8053,Rosa Ali,rosa.ali.8053@shopmail.test,Germany,2022-05-17,Standard,2114.79
8054,Arjun Nguyen,arjun.nguyen.8054@shopmail.test,Canada,2025-04-02,Basic,5129.34
8055,Sofia Chen,sofia.chen.8055@retail.dev,Canada,2023-03-31,Premium,10338.39
8056,James Costa,james.costa.8056@example.com,United States,2023-11-04,Standard,7780.49
8057,Rosa Anderson,rosa.anderson.8057@example.com,France,2021-09-28,Standard,10201.23
8058,James Brown,james.brown.8058@example.com,Japan,2026-04-26,Standard,10791.97
8059,Lucia Nguyen,lucia.nguyen.8059@shopmail.test,Germany,2022-05-30,Premium,3004.83
8060,Diego Singh,diego.singh.8060@example.com,Japan,2024-05-06,Standard,9713.46
8061,Noah Ivanov,noah.ivanov.8061@shopmail.test,Singapore,2024-02-03,Basic,8058.37
8062,Wei Silva,wei.silva.8062@retail.dev,Singapore,2020-01-22,Basic,11733.85
8063,Lucia Anderson,lucia.anderson.8063@shopmail.test,France,2021-04-08,Standard,9718.47
8064,Amelia Novak,amelia.novak.8064@shopmail.test,United States,2020-11-15,Basic,8072.09
8065,Anika Costa,anika.costa.8065@retail.dev,Japan,2020-12-31,Premium,970.85
8066,Anika Lopez,anika.lopez.8066@retail.dev,Canada,2021-09-21,Standard,4260.04
8067,Chen Chen,chen.chen.8067@retail.dev,France,2020-10-27,Premium,6555.66
8068,Hassan Patel,hassan.patel.8068@retail.dev,Brazil,2026-06-20,Basic,4532.07
8069,Wei Singh,wei.singh.8069@retail.dev,Singapore,2020-04-02,Standard,5284.08
8070,Sofia Silva,sofia.silva.8070@example.com,Singapore,2021-05-09,Basic,4463.45
8071,Lucia Garcia,lucia.garcia.8071@shopmail.test,Canada,2020-09-11,Premium,6949.52
8072,Elena Anderson,elena.anderson.8072@example.com,United States,2020-05-25,Premium,5870.26
8073,Priya Lopez,priya.lopez.8073@shopmail.test,France,2023-10-07,Standard,3486.98
8074,Omar Khan,omar.khan.8074@example.com,France,2026-03-17,Premium,7604.01
8075,Viktor Khan,viktor.khan.8075@shopmail.test,Germany,2021-11-06,Basic,9722.98
8076,Quinn Kim,quinn.kim.8076@example.com,Brazil,2020-12-25,Standard,972.95
8077,Hassan Muller,hassan.muller.8077@shopmail.test,United Kingdom,2026-09-10,Standard,10242.51
8078,Fatima Kim,fatima.kim.8078@shopmail.test,Canada,2022-12-26,Basic,11578.30
8079,Arjun Ali,arjun.ali.8079@shopmail.test,France,2022-06-23,Premium,4532.35
8080,Wei Kim,wei.kim.8080@example.com,Japan,2023-02-26,Basic,6086.89
8081,Viktor Garcia,viktor.garcia.8081@example.com,Japan,2024-08-18,Standard,8511.41
8082,Rosa Novak,rosa.novak.8082@shopmail.test,Japan,2023-07-05,Basic,10468.07
8083,Grace Okafor,grace.okafor.8083@shopmail.test,Brazil,2022-11-29,Standard,9491.16
8084,Wei Brown,wei.brown.8084@shopmail.test,India,2021-07-01,Basic,11385.02
8085,Omar Costa,omar.costa.8085@retail.dev,Japan,2023-09-28,Basic,5512.53
8086,Zane Ali,zane.ali.8086@shopmail.test,Australia,2026-02-02,Standard,11111.07
8087,Hiro Costa,hiro.costa.8087@example.com,United Kingdom,2020-04-18,Basic,11254.64
8088,Aarav Anderson,aarav.anderson.8088@shopmail.test,United Kingdom,2021-04-06,Standard,7108.83
8089,Anika Okafor,anika.okafor.8089@shopmail.test,Germany,2024-12-29,Standard,9607.51
8090,Maya Patel,maya.patel.8090@shopmail.test,France,2023-11-19,Standard,7448.85
8091,Yara Silva,yara.silva.8091@example.com,Germany,2024-10-31,Standard,10198.81
8092,Maya Brown,maya.brown.8092@example.com,United States,2022-09-15,Basic,8778.51
8093,Rosa Silva,rosa.silva.8093@retail.dev,Australia,2023-11-19,Basic,11309.37
8094,Viktor Nguyen,viktor.nguyen.8094@shopmail.test,Germany,2024-02-21,Standard,2493.59
8095,Anika Nguyen,anika.nguyen.8095@retail.dev,Brazil,2024-01-09,Standard,4361.75
8096,Tara Patel,tara.patel.8096@example.com,United Kingdom,2021-05-18,Standard,1162.28
8097,Jia Singh,jia.singh.8097@shopmail.test,Japan,2021-05-14,Standard,8012.75
8098,Diego Ivanov,diego.ivanov.8098@retail.dev,India,2021-08-04,Basic,9991.88
8099,Anika Brown,anika.brown.8099@shopmail.test,Germany,2020-12-20,Standard,6960.24
8100,Lucia Okafor,lucia.okafor.8100@example.com,Germany,2026-02-21,Standard,5504.88
8101,Hassan Novak,hassan.novak.8101@retail.dev,Singapore,2022-06-02,Standard,8363.33
8102,Amelia Patel,amelia.patel.8102@example.com,Australia,2023-12-03,Basic,3361.30
8103,James Nguyen,james.nguyen.8103@shopmail.test,Germany,2025-06-05,Standard,5108.75
8104,Priya Khan,priya.khan.8104@example.com,Singapore,2021-05-25,Standard,9212.76
8105,Noah Silva,noah.silva.8105@retail.dev,Brazil,2026-02-28,Standard,6414.06
8106,Lucia Costa,lucia.costa.8106@shopmail.test,United Kingdom,2021-09-19,Standard,5678.59
8107,Hassan Muller,hassan.muller.8107@example.com,Singapore,2024-06-14,Standard,9487.46
8108,Jia Singh,jia.singh.8108@retail.dev,United Kingdom,2020-05-27,Basic,4521.62
8109,Priya Silva,priya.silva.8109@shopmail.test,Japan,2026-02-16,Standard,10266.77
8110,Hassan Ali,hassan.ali.8110@retail.dev,Germany,2023-02-01,Standard,5058.95
8111,Diego Kim,diego.kim.8111@retail.dev,Japan,2020-12-09,Premium,4593.71
8112,Hassan Costa,hassan.costa.8112@example.com,United Kingdom,2020-04-26,Standard,8988.50
8113,Liam Patel,liam.patel.8113@example.com,Germany,2024-05-29,Basic,7884.53
8114,Sofia Ivanov,sofia.ivanov.8114@retail.dev,United Kingdom,2022-10-20,Standard,8224.78
8115,Lucia Brown,lucia.brown.8115@shopmail.test,Australia,2021-12-04,Premium,7918.62
8116,Imani Garcia,imani.garcia.8116@shopmail.test,Germany,2022-03-27,Standard,765.45
8117,Tara Novak,tara.novak.8117@retail.dev,Canada,2025-10-12,Basic,965.45
8118,Liam Costa,liam.costa.8118@example.com,United States,2023-08-09,Basic,3712.35
8119,Aarav Mensah,aarav.mensah.8119@shopmail.test,Brazil,2023-04-12,Basic,9783.12
8120,Keiko Costa,keiko.costa.8120@shopmail.test,Australia,2021-05-11,Standard,3539.68
8121,Viktor Kim,viktor.kim.8121@example.com,India,2025-08-15,Standard,4831.47
8122,Wei Singh,wei.singh.8122@example.com,France,2022-06-27,Basic,11420.40
8123,Diego Patel,diego.patel.8123@retail.dev,Japan,2023-09-23,Standard,4254.42
8124,Uma Lopez,uma.lopez.8124@example.com,India,2024-07-12,Basic,5452.24
8125,Uma Brown,uma.brown.8125@shopmail.test,France,2020-04-05,Standard,11862.37
8126,Aisha Lopez,aisha.lopez.8126@retail.dev,Australia,2026-06-15,Standard,4301.56
8127,Quinn Silva,quinn.silva.8127@retail.dev,Singapore,2024-10-13,Premium,590.85
8128,James Singh,james.singh.8128@example.com,France,2023-11-18,Basic,8829.60
8129,Sofia Sato,sofia.sato.8129@retail.dev,Canada,2025-07-26,Standard,1309.86
8130,Amelia Nguyen,amelia.nguyen.8130@shopmail.test,Germany,2023-01-19,Premium,9036.89
8131,Maya Ivanov,maya.ivanov.8131@shopmail.test,Singapore,2025-11-01,Standard,10129.36
8132,Tara Lopez,tara.lopez.8132@retail.dev,India,2020-07-24,Premium,10585.35
8133,Aarav Williams,aarav.williams.8133@retail.dev,Japan,2025-06-22,Premium,7595.35
8134,Anika Ali,anika.ali.8134@retail.dev,India,2022-06-01,Basic,6991.16
8135,Keiko Garcia,keiko.garcia.8135@example.com,Japan,2026-05-08,Premium,7119.15
8136,Uma Kim,uma.kim.8136@example.com,France,2025-12-28,Standard,7257.09
8137,Hassan Anderson,hassan.anderson.8137@shopmail.test,Australia,2021-02-02,Basic,11462.30
8138,Jia Ivanov,jia.ivanov.8138@retail.dev,France,2020-02-02,Premium,408.02
8139,Quinn Mensah,quinn.mensah.8139@example.com,Canada,2023-08-01,Basic,1535.53
8140,Noah Garcia,noah.garcia.8140@example.com,India,2023-09-29,Premium,6232.01
8141,Liam Kim,liam.kim.8141@retail.dev,United Kingdom,2024-07-11,Basic,4060.52
8142,Keiko Okafor,keiko.okafor.8142@retail.dev,Brazil,2022-04-02,Premium,1024.27
8143,Wei Costa,wei.costa.8143@example.com,Brazil,2026-05-21,Standard,2890.49
8144,Priya Ivanov,priya.ivanov.8144@retail.dev,Germany,2022-01-16,Basic,4151.95
8145,Zane Okafor,zane.okafor.8145@retail.dev,India,2024-09-28,Standard,774.75
8146,Hassan Ivanov,hassan.ivanov.8146@shopmail.test,Germany,2024-10-02,Standard,4067.30
8147,Noah Kim,noah.kim.8147@shopmail.test,Canada,2025-02-09,Standard,1170.28
8148,Lucia Khan,lucia.khan.8148@retail.dev,Germany,2024-08-20,Standard,1138.70
8149,Grace Kim,grace.kim.8149@example.com,Canada,2022-08-17,Basic,306.32
8150,Imani Anderson,imani.anderson.8150@retail.dev,Japan,2025-04-23,Standard,7123.25
8151,Jia Brown,jia.brown.8151@shopmail.test,Australia,2024-12-31,Standard,8945.19
8152,Grace Sato,grace.sato.8152@shopmail.test,Germany,2026-01-16,Premium,6195.50
8153,Noah Chen,noah.chen.8153@shopmail.test,Australia,2021-12-25,Premium,1546.97
8154,Liam Chen,liam.chen.8154@example.com,Australia,2025-06-28,Basic,3371.96
8155,Aisha Khan,aisha.khan.8155@retail.dev,France,2020-09-23,Standard,2515.77
8156,Hiro Patel,hiro.patel.8156@retail.dev,France,2026-02-12,Basic,5004.07
8157,Noah Ali,noah.ali.8157@shopmail.test,Canada,2024-10-22,Standard,2649.23
8158,Grace Okafor,grace.okafor.8158@example.com,Australia,2025-07-08,Premium,3712.38
8159,Rosa Muller,rosa.muller.8159@retail.dev,Germany,2025-10-25,Basic,11067.65
8160,Fatima Garcia,fatima.garcia.8160@example.com,Singapore,2020-04-14,Standard,9324.01
8161,Rosa Novak,rosa.novak.8161@shopmail.test,India,2024-12-29,Standard,4604.76
8162,Zane Patel,zane.patel.8162@example.com,Singapore,2024-09-20,Basic,7590.48
8163,Elena Khan,elena.khan.8163@shopmail.test,Canada,2024-03-19,Standard,8169.20
8164,Grace Kim,grace.kim.8164@retail.dev,Japan,2020-05-17,Basic,10754.52
8165,Fatima Khan,fatima.khan.8165@example.com,Japan,2026-07-25,Standard,1485.99
8166,Chen Patel,chen.patel.8166@shopmail.test,United States,2020-02-20,Standard,11007.44
8167,Noah Muller,noah.muller.8167@shopmail.test,United Kingdom,2023-10-05,Basic,6145.93
8168,Yara Okafor,yara.okafor.8168@example.com,Germany,2022-03-22,Standard,11053.14
8169,Amelia Anderson,amelia.anderson.8169@shopmail.test,Australia,2024-11-25,Standard,3395.22
8170,Anika Williams,anika.williams.8170@shopmail.test,Singapore,2022-12-28,Standard,9493.41
8171,Jia Williams,jia.williams.8171@retail.dev,Brazil,2026-02-27,Standard,3672.12
8172,Noah Singh,noah.singh.8172@example.com,Canada,2025-03-20,Basic,5738.15
8173,Viktor Novak,viktor.novak.8173@shopmail.test,France,2020-12-20,Standard,11544.15
8174,Amelia Novak,amelia.novak.8174@example.com,Germany,2020-08-09,Basic,7077.15
8175,Omar Ali,omar.ali.8175@retail.dev,Germany,2023-12-22,Premium,6478.44
8176,Zane Silva,zane.silva.8176@shopmail.test,Japan,2025-07-13,Standard,11546.86
8177,Viktor Ivanov,viktor.ivanov.8177@retail.dev,Japan,2026-01-29,Basic,11790.62
8178,Grace Silva,grace.silva.8178@shopmail.test,Australia,2020-03-13,Premium,2267.73
8179,Aisha Muller,aisha.muller.8179@shopmail.test,United Kingdom,2020-07-22,Basic,10992.46
8180,Anika Sato,anika.sato.8180@shopmail.test,Australia,2021-11-20,Premium,5329.69
8181,Viktor Kim,viktor.kim.8181@retail.dev,Canada,2022-07-02,Standard,2153.93
8182,Noah Singh,noah.singh.8182@retail.dev,Singapore,2025-05-05,Standard,3003.28
8183,James Garcia,james.garcia.8183@retail.dev,Singapore,2020-05-04,Standard,9444.03
8184,Chen Ali,chen.ali.8184@example.com,Japan,2025-05-11,Premium,9278.95
8185,Zane Ivanov,zane.ivanov.8185@retail.dev,Singapore,2026-02-01,Standard,861.57
8186,Jia Ivanov,jia.ivanov.8186@retail.dev,Germany,2025-07-03,Standard,1384.57
8187,Hassan Costa,hassan.costa.8187@shopmail.test,Germany,2023-08-07,Standard,842.24
8188,Viktor Kim,viktor.kim.8188@retail.dev,Germany,2023-11-11,Basic,11215.68
8189,Priya Costa,priya.costa.8189@retail.dev,Australia,2026-04-06,Basic,7698.12
8190,Elena Garcia,elena.garcia.8190@example.com,Japan,2021-12-31,Basic,10949.21
8191,Sofia Brown,sofia.brown.8191@example.com,India,2026-06-21,Basic,3758.95
8192,Fatima Kim,fatima.kim.8192@shopmail.test,India,2025-01-21,Premium,4868.33
8193,Wei Muller,wei.muller.8193@example.com,Canada,2025-07-03,Basic,2632.31
8194,Uma Silva,uma.silva.8194@shopmail.test,United Kingdom,2023-06-29,Premium,10616.15
8195,Tara Williams,tara.williams.8195@shopmail.test,India,2026-06-02,Basic,10456.67
8196,Viktor Garcia,viktor.garcia.8196@retail.dev,Canada,2025-05-21,Basic,5641.89
8197,Rosa Silva,rosa.silva.8197@shopmail.test,India,2021-12-28,Premium,9792.37
8198,Keiko Sato,keiko.sato.8198@shopmail.test,United Kingdom,2026-01-28,Basic,993.86
8199,Wei Okafor,wei.okafor.8199@shopmail.test,Singapore,2023-10-12,Basic,8791.18
8200,James Muller,james.muller.8200@example.com,Canada,2020-11-24,Standard,3304.46
8201,Maya Lopez,maya.lopez.8201@retail.dev,Australia,2020-11-24,Standard,5051.46
8202,Amelia Novak,amelia.novak.8202@shopmail.test,Australia,2024-06-11,Standard,5790.05
8203,Keiko Patel,keiko.patel.8203@retail.dev,France,2024-10-03,Standard,8289.17
8204,Sofia Williams,sofia.williams.8204@example.com,Brazil,2024-11-20,Standard,9247.61
8205,Liam Singh,liam.singh.8205@shopmail.test,United Kingdom,2025-01-11,Standard,8121.23
8206,Chen Garcia,chen.garcia.8206@retail.dev,Singapore,2026-06-14,Standard,11609.76
8207,Tara Garcia,tara.garcia.8207@example.com,Brazil,2025-07-10,Standard,8920.96
8208,Omar Anderson,omar.anderson.8208@retail.dev,France,2020-01-06,Premium,7769.03
8209,Sofia Nguyen,sofia.nguyen.8209@retail.dev,Canada,2023-02-07,Standard,2216.89
8210,Zane Khan,zane.khan.8210@retail.dev,Japan,2020-01-01,Standard,152.27
8211,Keiko Williams,keiko.williams.8211@shopmail.test,France,2020-06-12,Standard,9402.54
8212,Wei Brown,wei.brown.8212@retail.dev,Japan,2026-04-29,Standard,7171.71
8213,James Chen,james.chen.8213@retail.dev,Canada,2023-05-30,Standard,6146.65
8214,Noah Khan,noah.khan.8214@example.com,India,2021-12-31,Premium,8667.34
8215,Imani Chen,imani.chen.8215@retail.dev,Germany,2024-07-07,Standard,331.96
8216,Keiko Singh,keiko.singh.8216@shopmail.test,Japan,2024-03-04,Basic,8861.22
8217,Hiro Costa,hiro.costa.8217@shopmail.test,Australia,2023-09-04,Standard,8331.48
8218,Diego Anderson,diego.anderson.8218@shopmail.test,Canada,2026-07-03,Premium,8973.23
8219,Diego Anderson,diego.anderson.8219@example.com,Australia,2025-08-31,Premium,1569.37
8220,Jia Singh,jia.singh.8220@shopmail.test,France,2020-03-19,Standard,1679.03
8221,Grace Muller,grace.muller.8221@shopmail.test,Australia,2024-03-09,Basic,61.21
8222,Hiro Mensah,hiro.mensah.8222@example.com,France,2022-08-09,Premium,9246.89
8223,James Nguyen,james.nguyen.8223@shopmail.test,France,2021-08-18,Basic,3057.51
8224,Aarav Khan,aarav.khan.8224@retail.dev,United States,2026-03-25,Standard,8172.29
8225,Keiko Garcia,keiko.garcia.8225@retail.dev,Japan,2020-09-06,Premium,3079.44
8226,Priya Ivanov,priya.ivanov.8226@retail.dev,Germany,2023-01-22,Premium,5531.40
8227,Noah Novak,noah.novak.8227@retail.dev,Germany,2024-05-12,Standard,7246.47
8228,Sofia Novak,sofia.novak.8228@example.com,Japan,2022-04-11,Standard,2368.41
8229,Jia Ivanov,jia.ivanov.8229@shopmail.test,Japan,2026-03-18,Standard,6631.61
8230,Maya Williams,maya.williams.8230@shopmail.test,Germany,2021-09-04,Standard,1495.05
8231,Lucia Ivanov,lucia.ivanov.8231@shopmail.test,India,2026-01-14,Premium,11974.44
8232,Rosa Silva,rosa.silva.8232@retail.dev,Singapore,2022-10-18,Standard,5906.58
8233,Uma Novak,uma.novak.8233@example.com,Australia,2022-08-23,Standard,11699.65
8234,Arjun Kim,arjun.kim.8234@retail.dev,Canada,2026-07-02,Standard,325.16
8235,Yara Novak,yara.novak.8235@example.com,Canada,2024-07-12,Premium,2383.72
8236,Chen Novak,chen.novak.8236@example.com,India,2023-12-08,Premium,4750.46
8237,James Ivanov,james.ivanov.8237@shopmail.test,France,2022-01-28,Standard,10781.68
8238,Jia Mensah,jia.mensah.8238@shopmail.test,Brazil,2024-12-24,Basic,6471.10
8239,Priya Muller,priya.muller.8239@retail.dev,United States,2025-05-28,Premium,11950.56
8240,Hiro Ali,hiro.ali.8240@retail.dev,Singapore,2024-11-28,Standard,5176.70
8241,Elena Khan,elena.khan.8241@shopmail.test,United States,2020-05-15,Standard,8313.50
8242,Priya Ivanov,priya.ivanov.8242@example.com,United States,2021-10-08,Basic,1704.92
8243,Quinn Muller,quinn.muller.8243@retail.dev,Brazil,2022-09-16,Standard,11807.46
8244,Keiko Khan,keiko.khan.8244@shopmail.test,Singapore,2024-05-14,Standard,6349.61
8245,Anika Novak,anika.novak.8245@example.com,Germany,2026-01-06,Basic,9057.66
8246,Arjun Ali,arjun.ali.8246@shopmail.test,Brazil,2023-05-18,Premium,2877.66
8247,Chen Sato,chen.sato.8247@retail.dev,Australia,2025-03-28,Standard,2466.62
8248,Keiko Silva,keiko.silva.8248@example.com,United States,2024-06-13,Standard,6292.68
8249,Jia Silva,jia.silva.8249@example.com,Japan,2026-03-14,Basic,8490.28
8250,Omar Singh,omar.singh.8250@example.com,Singapore,2025-11-19,Basic,9510.16
8251,Noah Ali,noah.ali.8251@retail.dev,Singapore,2025-09-23,Standard,10795.06
8252,Chen Sato,chen.sato.8252@example.com,Canada,2023-07-06,Standard,11159.07
8253,Noah Anderson,noah.anderson.8253@example.com,Australia,2023-06-25,Standard,5619.31
8254,Rosa Novak,rosa.novak.8254@shopmail.test,Australia,2025-06-20,Standard,2727.52
8255,Elena Lopez,elena.lopez.8255@retail.dev,United States,2023-04-17,Standard,4716.22
8256,Keiko Okafor,keiko.okafor.8256@example.com,India,2026-06-08,Standard,5349.44
8257,Chen Silva,chen.silva.8257@retail.dev,United Kingdom,2024-10-24,Standard,10891.72
8258,Sofia Brown,sofia.brown.8258@example.com,Brazil,2022-09-18,Standard,433.84
8259,Aarav Silva,aarav.silva.8259@shopmail.test,France,2025-02-28,Basic,8912.26
8260,Tara Novak,tara.novak.8260@retail.dev,Singapore,2025-04-10,Basic,8322.14
8261,Elena Chen,elena.chen.8261@shopmail.test,Germany,2020-06-07,Basic,1321.54
8262,Viktor Chen,viktor.chen.8262@example.com,France,2024-03-25,Standard,8137.97
8263,Liam Garcia,liam.garcia.8263@shopmail.test,Australia,2021-09-26,Basic,10632.41
8264,Viktor Anderson,viktor.anderson.8264@retail.dev,United Kingdom,2020-08-11,Premium,7352.08
8265,Zane Singh,zane.singh.8265@retail.dev,Germany,2024-02-07,Standard,11129.81
8266,Viktor Ali,viktor.ali.8266@shopmail.test,Australia,2021-10-04,Basic,10402.89
8267,Hiro Ivanov,hiro.ivanov.8267@example.com,Canada,2023-10-19,Standard,2198.43
8268,Rosa Chen,rosa.chen.8268@retail.dev,Singapore,2023-06-20,Standard,1029.96
8269,Maya Singh,maya.singh.8269@retail.dev,Germany,2020-12-15,Basic,4839.27
8270,Diego Patel,diego.patel.8270@retail.dev,Australia,2022-09-03,Standard,3819.06
8271,Maya Patel,maya.patel.8271@retail.dev,France,2025-05-26,Premium,8862.65
8272,Noah Singh,noah.singh.8272@example.com,France,2020-09-23,Premium,5190.80
8273,Wei Kim,wei.kim.8273@shopmail.test,Canada,2020-09-17,Basic,6238.78
8274,Aisha Williams,aisha.williams.8274@example.com,France,2021-04-08,Premium,9933.62
8275,Maya Novak,maya.novak.8275@shopmail.test,Australia,2022-07-27,Basic,1764.55
8276,Arjun Chen,arjun.chen.8276@retail.dev,Singapore,2024-12-10,Basic,9669.07
8277,Sofia Ali,sofia.ali.8277@example.com,United States,2026-05-03,Standard,6076.13
8278,Sofia Nguyen,sofia.nguyen.8278@example.com,Japan,2026-03-13,Standard,4343.41
8279,Hiro Patel,hiro.patel.8279@example.com,United Kingdom,2023-08-05,Standard,649.94
8280,Maya Kim,maya.kim.8280@retail.dev,Japan,2021-09-05,Standard,664.18
8281,Hiro Williams,hiro.williams.8281@retail.dev,United Kingdom,2026-05-12,Standard,3179.75
8282,Lucia Sato,lucia.sato.8282@example.com,Japan,2023-01-20,Basic,7140.98
8283,Zane Ivanov,zane.ivanov.8283@retail.dev,India,2023-12-17,Basic,5522.19
8284,Wei Okafor,wei.okafor.8284@retail.dev,Brazil,2020-07-29,Standard,4488.78
8285,Grace Williams,grace.williams.8285@example.com,Germany,2025-04-17,Premium,4804.35
8286,Aarav Patel,aarav.patel.8286@retail.dev,Canada,2024-03-01,Standard,106.18
8287,Fatima Lopez,fatima.lopez.8287@example.com,Germany,2021-03-18,Standard,10312.27
8288,Yara Brown,yara.brown.8288@shopmail.test,France,2020-08-03,Standard,7549.80
8289,Uma Patel,uma.patel.8289@example.com,Japan,2024-01-14,Premium,4203.16
8290,Viktor Singh,viktor.singh.8290@shopmail.test,Japan,2024-03-06,Standard,5152.68
8291,Wei Ali,wei.ali.8291@retail.dev,Germany,2022-05-21,Basic,5728.65
8292,Maya Kim,maya.kim.8292@example.com,Singapore,2023-06-17,Standard,2728.38
8293,Uma Ali,uma.ali.8293@example.com,United Kingdom,2020-06-19,Basic,3924.14
8294,Quinn Ali,quinn.ali.8294@example.com,United States,2024-05-06,Basic,243.89
8295,Arjun Mensah,arjun.mensah.8295@example.com,Canada,2024-09-26,Basic,3282.08
8296,Chen Sato,chen.sato.8296@retail.dev,Singapore,2022-07-22,Standard,1231.01
8297,Aisha Silva,aisha.silva.8297@example.com,Germany,2024-11-24,Standard,9148.92
8298,Keiko Mensah,keiko.mensah.8298@example.com,Germany,2022-02-26,Basic,11183.36
8299,Zane Muller,zane.muller.8299@example.com,United Kingdom,2020-01-31,Standard,11794.38
8300,Fatima Singh,fatima.singh.8300@example.com,Germany,2021-10-27,Standard,6419.78
8301,Grace Lopez,grace.lopez.8301@example.com,Japan,2022-06-07,Basic,8860.23
8302,Jia Sato,jia.sato.8302@shopmail.test,Japan,2021-09-20,Basic,5016.73
8303,Imani Ivanov,imani.ivanov.8303@shopmail.test,Japan,2025-12-16,Premium,7909.31
8304,Aisha Patel,aisha.patel.8304@retail.dev,Australia,2020-07-22,Basic,10891.35
8305,Yara Khan,yara.khan.8305@shopmail.test,United States,2026-02-08,Premium,5642.71
8306,Yara Garcia,yara.garcia.8306@retail.dev,Australia,2023-07-10,Standard,8223.06
8307,Jia Chen,jia.chen.8307@shopmail.test,Brazil,2021-03-12,Standard,615.65
8308,Noah Sato,noah.sato.8308@retail.dev,United Kingdom,2021-03-12,Basic,10561.96
8309,Hiro Kim,hiro.kim.8309@retail.dev,Singapore,2023-04-23,Standard,4890.96
8310,Hassan Sato,hassan.sato.8310@shopmail.test,Australia,2021-03-28,Standard,450.51
8311,James Silva,james.silva.8311@shopmail.test,Canada,2024-06-08,Standard,6447.54
8312,Viktor Brown,viktor.brown.8312@retail.dev,France,2023-09-24,Standard,10488.44
8313,Elena Okafor,elena.okafor.8313@retail.dev,Australia,2025-07-25,Standard,4342.91
8314,Noah Novak,noah.novak.8314@shopmail.test,India,2020-07-05,Standard,2762.88
8315,Elena Chen,elena.chen.8315@shopmail.test,France,2021-02-22,Basic,2192.54
8316,Fatima Williams,fatima.williams.8316@retail.dev,France,2023-06-22,Standard,1314.92
8317,Anika Costa,anika.costa.8317@example.com,France,2024-04-25,Basic,6595.29
8318,Diego Brown,diego.brown.8318@example.com,Germany,2026-01-10,Basic,7919.00
8319,Amelia Singh,amelia.singh.8319@example.com,Australia,2020-12-02,Standard,949.86
8320,James Kim,james.kim.8320@example.com,Brazil,2021-03-23,Basic,10762.93
8321,Liam Costa,liam.costa.8321@retail.dev,Germany,2025-04-28,Standard,3697.94
8322,Jia Nguyen,jia.nguyen.8322@retail.dev,United Kingdom,2021-12-20,Standard,7456.61
8323,Keiko Lopez,keiko.lopez.8323@shopmail.test,Japan,2020-11-07,Standard,11665.21
8324,Chen Nguyen,chen.nguyen.8324@retail.dev,Canada,2023-11-19,Standard,4109.97
8325,Priya Khan,priya.khan.8325@shopmail.test,Brazil,2021-05-07,Standard,8469.36
8326,Grace Anderson,grace.anderson.8326@example.com,Brazil,2025-12-01,Standard,5377.65
8327,Diego Novak,diego.novak.8327@example.com,Brazil,2025-05-06,Standard,7550.82
8328,Hiro Ivanov,hiro.ivanov.8328@example.com,France,2023-10-30,Standard,7087.50
8329,Anika Williams,anika.williams.8329@shopmail.test,United Kingdom,2022-09-21,Basic,3168.94
8330,Amelia Williams,amelia.williams.8330@shopmail.test,United Kingdom,2020-06-02,Standard,3146.89
8331,Maya Silva,maya.silva.8331@retail.dev,France,2023-03-31,Premium,11064.62
8332,Elena Costa,elena.costa.8332@shopmail.test,United Kingdom,2026-02-19,Standard,823.41
8333,Priya Mensah,priya.mensah.8333@shopmail.test,Canada,2020-07-15,Basic,7809.75
8334,Noah Kim,noah.kim.8334@example.com,Brazil,2023-05-31,Standard,2567.83
8335,Quinn Singh,quinn.singh.8335@shopmail.test,Singapore,2022-01-04,Premium,9832.50
8336,Anika Sato,anika.sato.8336@retail.dev,Canada,2024-11-18,Basic,1332.38
8337,Amelia Singh,amelia.singh.8337@retail.dev,Canada,2025-04-25,Standard,5715.16
8338,Aarav Novak,aarav.novak.8338@shopmail.test,Japan,2020-12-29,Standard,883.64
8339,Amelia Anderson,amelia.anderson.8339@shopmail.test,United Kingdom,2020-01-24,Standard,6896.80
8340,Priya Costa,priya.costa.8340@example.com,Canada,2023-11-13,Premium,7004.93
8341,Maya Singh,maya.singh.8341@shopmail.test,Germany,2023-08-31,Standard,2293.36
8342,Imani Chen,imani.chen.8342@retail.dev,France,2020-05-28,Basic,5617.32
8343,James Garcia,james.garcia.8343@retail.dev,Japan,2025-10-20,Premium,3105.47
8344,Wei Garcia,wei.garcia.8344@example.com,Brazil,2024-04-16,Basic,3748.43
8345,Quinn Nguyen,quinn.nguyen.8345@retail.dev,Singapore,2022-03-11,Standard,302.78
8346,Aisha Mensah,aisha.mensah.8346@shopmail.test,Canada,2020-03-12,Basic,8688.47
8347,Fatima Brown,fatima.brown.8347@shopmail.test,United States,2020-01-14,Standard,7964.39
8348,Fatima Singh,fatima.singh.8348@retail.dev,United Kingdom,2021-05-24,Standard,7385.72
8349,Uma Williams,uma.williams.8349@example.com,Brazil,2025-05-17,Standard,656.79
8350,Omar Lopez,omar.lopez.8350@shopmail.test,India,2022-09-06,Basic,1686.05
8351,Chen Khan,chen.khan.8351@shopmail.test,United States,2025-07-25,Standard,5134.97
8352,Fatima Khan,fatima.khan.8352@example.com,Australia,2021-08-21,Basic,4645.42
8353,Maya Patel,maya.patel.8353@shopmail.test,India,2022-12-02,Standard,4295.74
8354,Chen Ivanov,chen.ivanov.8354@shopmail.test,Germany,2024-02-08,Standard,2492.22
8355,Zane Ali,zane.ali.8355@shopmail.test,United Kingdom,2025-04-01,Basic,9232.19
8356,Diego Singh,diego.singh.8356@example.com,France,2026-08-03,Standard,1762.17
8357,Uma Patel,uma.patel.8357@shopmail.test,India,2020-04-14,Standard,7475.28
8358,Jia Sato,jia.sato.8358@retail.dev,Germany,2020-02-15,Basic,1099.33
8359,Anika Lopez,anika.lopez.8359@retail.dev,United Kingdom,2023-04-06,Premium,849.62
8360,Quinn Khan,quinn.khan.8360@example.com,India,2024-11-13,Standard,3742.89
8361,Quinn Singh,quinn.singh.8361@example.com,United States,2023-03-27,Basic,2100.68
8362,James Silva,james.silva.8362@example.com,India,2026-01-20,Basic,6912.72
8363,Diego Williams,diego.williams.8363@retail.dev,Singapore,2022-11-29,Standard,10214.97
8364,Diego Chen,diego.chen.8364@shopmail.test,Japan,2026-09-10,Standard,6888.17
8365,Maya Nguyen,maya.nguyen.8365@shopmail.test,Brazil,2021-09-29,Standard,7700.59
8366,Hassan Nguyen,hassan.nguyen.8366@shopmail.test,France,2026-09-09,Standard,5356.27
8367,Hiro Brown,hiro.brown.8367@retail.dev,Singapore,2021-02-22,Standard,10155.86
8368,Priya Brown,priya.brown.8368@shopmail.test,France,2024-11-19,Standard,2277.94
8369,James Singh,james.singh.8369@example.com,United Kingdom,2025-02-02,Premium,986.41
8370,Chen Silva,chen.silva.8370@retail.dev,Japan,2020-10-19,Standard,7737.01
8371,Keiko Singh,keiko.singh.8371@shopmail.test,India,2022-05-11,Standard,8171.39
8372,Amelia Costa,amelia.costa.8372@shopmail.test,Canada,2023-03-22,Basic,2593.42
8373,Priya Brown,priya.brown.8373@retail.dev,Germany,2025-02-02,Standard,6090.10
8374,Noah Ivanov,noah.ivanov.8374@example.com,Australia,2025-11-01,Basic,6754.08
8375,Arjun Singh,arjun.singh.8375@example.com,Australia,2023-03-18,Standard,7488.50
8376,Quinn Muller,quinn.muller.8376@example.com,Brazil,2023-10-23,Standard,792.19
8377,Diego Costa,diego.costa.8377@shopmail.test,Japan,2024-04-04,Standard,10201.80
8378,Rosa Ali,rosa.ali.8378@example.com,Canada,2026-05-03,Basic,8825.02
8379,Keiko Kim,keiko.kim.8379@example.com,United States,2024-01-06,Standard,3867.66
8380,Lucia Patel,lucia.patel.8380@example.com,India,2020-11-10,Premium,2579.72
8381,Chen Kim,chen.kim.8381@shopmail.test,United Kingdom,2021-07-26,Standard,4075.56
8382,Chen Kim,chen.kim.8382@example.com,India,2024-09-06,Standard,2712.90
8383,Lucia Singh,lucia.singh.8383@example.com,France,2022-11-28,Premium,11714.76
8384,Uma Muller,uma.muller.8384@example.com,United Kingdom,2021-06-29,Standard,11989.67
8385,Grace Sato,grace.sato.8385@shopmail.test,United States,2023-08-01,Standard,5710.79
8386,Fatima Brown,fatima.brown.8386@retail.dev,Brazil,2021-05-25,Basic,4728.36
8387,Keiko Chen,keiko.chen.8387@example.com,United Kingdom,2025-08-10,Basic,9195.25
8388,Omar Singh,omar.singh.8388@shopmail.test,India,2021-02-15,Standard,5087.04
8389,Diego Nguyen,diego.nguyen.8389@shopmail.test,France,2024-05-29,Standard,4280.09
8390,Noah Patel,noah.patel.8390@retail.dev,Singapore,2022-04-30,Standard,4658.07
8391,Quinn Khan,quinn.khan.8391@shopmail.test,Brazil,2020-12-20,Premium,10547.89
8392,Amelia Ali,amelia.ali.8392@retail.dev,United Kingdom,2025-02-06,Standard,2423.03
8393,Hiro Costa,hiro.costa.8393@retail.dev,Brazil,2023-10-27,Standard,5462.49
8394,James Nguyen,james.nguyen.8394@example.com,Australia,2024-04-09,Premium,2206.26
8395,James Costa,james.costa.8395@example.com,Singapore,2020-03-30,Basic,7009.77
8396,Noah Novak,noah.novak.8396@example.com,Singapore,2025-12-27,Standard,7294.23
8397,Rosa Singh,rosa.singh.8397@shopmail.test,Singapore,2020-02-20,Standard,6739.18
8398,Imani Ali,imani.ali.8398@retail.dev,United Kingdom,2026-05-29,Standard,2627.46
8399,Maya Kim,maya.kim.8399@retail.dev,Brazil,2026-05-16,Standard,11641.14
8400,Fatima Lopez,fatima.lopez.8400@example.com,Singapore,2021-04-27,Standard,11559.54
8401,Quinn Anderson,quinn.anderson.8401@shopmail.test,United Kingdom,2020-05-27,Premium,1115.26
8402,Keiko Brown,keiko.brown.8402@shopmail.test,Germany,2025-10-29,Basic,10874.73
8403,Hassan Khan,hassan.khan.8403@example.com,Japan,2022-04-10,Standard,5695.33
8404,Sofia Ali,sofia.ali.8404@shopmail.test,Japan,2024-07-03,Standard,5227.94
8405,Hiro Chen,hiro.chen.8405@example.com,United Kingdom,2023-01-05,Standard,1089.50
8406,Aisha Lopez,aisha.lopez.8406@shopmail.test,Singapore,2023-12-23,Basic,9060.45
8407,Fatima Mensah,fatima.mensah.8407@retail.dev,Australia,2022-04-26,Basic,11220.15
8408,Priya Costa,priya.costa.8408@shopmail.test,Brazil,2022-04-03,Premium,4095.46
8409,Amelia Patel,amelia.patel.8409@example.com,Brazil,2022-04-19,Standard,11979.49
8410,Hassan Ali,hassan.ali.8410@retail.dev,Singapore,2024-08-24,Premium,11050.00
8411,Sofia Brown,sofia.brown.8411@example.com,Australia,2026-02-22,Standard,5430.10
8412,Viktor Williams,viktor.williams.8412@example.com,United Kingdom,2023-05-11,Standard,10821.91
8413,Fatima Ali,fatima.ali.8413@example.com,India,2023-02-06,Basic,2025.64
8414,Hiro Chen,hiro.chen.8414@example.com,Singapore,2024-11-09,Premium,1688.89
8415,Wei Williams,wei.williams.8415@example.com,Singapore,2021-03-16,Standard,8193.49
8416,Viktor Novak,viktor.novak.8416@shopmail.test,United Kingdom,2026-07-23,Premium,1511.46
8417,Grace Anderson,grace.anderson.8417@example.com,United Kingdom,2024-01-07,Basic,6711.31
8418,Quinn Muller,quinn.muller.8418@example.com,Singapore,2022-12-26,Standard,3291.28
8419,Quinn Lopez,quinn.lopez.8419@example.com,India,2022-06-16,Basic,3074.53
8420,Tara Ivanov,tara.ivanov.8420@shopmail.test,Germany,2023-05-26,Standard,3860.22
8421,Quinn Ali,quinn.ali.8421@retail.dev,France,2021-12-31,Standard,2562.29
8422,Aarav Costa,aarav.costa.8422@example.com,Brazil,2021-06-02,Standard,6454.00
8423,Grace Sato,grace.sato.8423@retail.dev,France,2021-07-20,Standard,2866.55
8424,Liam Brown,liam.brown.8424@shopmail.test,Japan,2022-01-30,Standard,9761.29
8425,Viktor Nguyen,viktor.nguyen.8425@retail.dev,United Kingdom,2020-03-19,Standard,6588.31
8426,Chen Silva,chen.silva.8426@shopmail.test,United Kingdom,2023-06-10,Basic,9236.45
8427,Yara Sato,yara.sato.8427@retail.dev,Brazil,2021-10-15,Basic,6454.34
8428,Aarav Nguyen,aarav.nguyen.8428@retail.dev,United States,2020-02-02,Standard,10108.73
8429,Noah Ivanov,noah.ivanov.8429@retail.dev,Australia,2022-10-08,Standard,10968.18
8430,Noah Garcia,noah.garcia.8430@example.com,United Kingdom,2020-11-02,Standard,7801.47
8431,Jia Patel,jia.patel.8431@example.com,Germany,2021-07-08,Standard,4219.68
8432,Keiko Novak,keiko.novak.8432@shopmail.test,Germany,2025-04-25,Premium,4686.58
8433,Jia Okafor,jia.okafor.8433@shopmail.test,Germany,2023-11-16,Standard,2181.35
8434,Jia Garcia,jia.garcia.8434@shopmail.test,Germany,2025-07-09,Premium,8223.70
8435,Elena Muller,elena.muller.8435@example.com,Australia,2020-04-11,Premium,11101.39
8436,Zane Lopez,zane.lopez.8436@shopmail.test,Canada,2026-06-14,Basic,5003.17
8437,Yara Garcia,yara.garcia.8437@example.com,Australia,2022-02-20,Basic,2849.80
8438,Amelia Novak,amelia.novak.8438@retail.dev,Canada,2024-08-25,Standard,7332.00
8439,Chen Silva,chen.silva.8439@shopmail.test,Canada,2024-08-15,Standard,2390.03
8440,Wei Khan,wei.khan.8440@example.com,Germany,2020-03-13,Standard,10008.43
8441,Omar Costa,omar.costa.8441@shopmail.test,Australia,2026-05-17,Premium,935.99
8442,Diego Lopez,diego.lopez.8442@shopmail.test,France,2024-11-04,Standard,2505.69
8443,Wei Khan,wei.khan.8443@shopmail.test,India,2023-09-08,Premium,11135.19
8444,Chen Williams,chen.williams.8444@retail.dev,Germany,2021-07-09,Standard,10579.20
8445,Uma Costa,uma.costa.8445@retail.dev,Singapore,2025-09-26,Standard,8709.00
8446,Jia Novak,jia.novak.8446@shopmail.test,Australia,2026-05-16,Standard,3086.52
8447,Jia Mensah,jia.mensah.8447@example.com,Australia,2023-07-15,Standard,11982.31
8448,Chen Kim,chen.kim.8448@shopmail.test,United States,2025-07-25,Premium,8208.31
8449,Zane Ivanov,zane.ivanov.8449@retail.dev,United Kingdom,2023-03-27,Premium,2375.44
8450,Hassan Sato,hassan.sato.8450@shopmail.test,Japan,2020-06-16,Standard,3153.94
8451,Diego Anderson,diego.anderson.8451@shopmail.test,Germany,2025-01-27,Basic,199.05
8452,Arjun Okafor,arjun.okafor.8452@retail.dev,United Kingdom,2020-03-26,Basic,7817.63
8453,Fatima Kim,fatima.kim.8453@retail.dev,France,2020-03-08,Standard,1526.30
8454,Diego Ivanov,diego.ivanov.8454@retail.dev,United Kingdom,2023-05-03,Standard,11192.43
8455,Chen Lopez,chen.lopez.8455@example.com,France,2022-12-07,Standard,11295.19
8456,Keiko Ivanov,keiko.ivanov.8456@retail.dev,France,2025-09-18,Standard,9219.47
8457,Keiko Costa,keiko.costa.8457@example.com,France,2024-05-15,Standard,10269.71
8458,Noah Williams,noah.williams.8458@example.com,Germany,2024-07-30,Basic,82.08
8459,Diego Muller,diego.muller.8459@retail.dev,Japan,2021-06-27,Standard,9304.20
8460,Zane Silva,zane.silva.8460@retail.dev,France,2021-01-22,Basic,38.97
8461,Priya Okafor,priya.okafor.8461@shopmail.test,Singapore,2021-05-09,Standard,4633.07
8462,Grace Novak,grace.novak.8462@shopmail.test,Brazil,2021-01-20,Basic,4238.22
8463,Hiro Ivanov,hiro.ivanov.8463@example.com,Japan,2021-05-19,Basic,8874.72
8464,Grace Ali,grace.ali.8464@example.com,France,2023-08-29,Basic,1824.05
8465,Liam Nguyen,liam.nguyen.8465@shopmail.test,France,2021-10-07,Basic,5514.57
8466,Amelia Costa,amelia.costa.8466@shopmail.test,France,2020-12-12,Basic,6798.18
8467,Amelia Singh,amelia.singh.8467@retail.dev,Australia,2021-11-26,Standard,2300.13
8468,Zane Mensah,zane.mensah.8468@retail.dev,Australia,2025-12-01,Standard,10935.43
8469,Tara Patel,tara.patel.8469@retail.dev,Germany,2024-09-30,Standard,2314.98
8470,Grace Okafor,grace.okafor.8470@shopmail.test,Germany,2020-10-18,Premium,614.96
8471,Aarav Silva,aarav.silva.8471@shopmail.test,Singapore,2022-08-17,Basic,7513.27
8472,Uma Brown,uma.brown.8472@retail.dev,India,2021-02-02,Standard,1693.06
8473,Zane Patel,zane.patel.8473@example.com,Germany,2025-03-18,Standard,2384.09
8474,Hiro Chen,hiro.chen.8474@retail.dev,Australia,2021-09-06,Standard,6926.73
8475,Amelia Kim,amelia.kim.8475@retail.dev,Singapore,2021-05-06,Basic,7527.04
8476,Keiko Okafor,keiko.okafor.8476@retail.dev,India,2022-09-24,Standard,7945.32
8477,Jia Chen,jia.chen.8477@retail.dev,India,2025-03-31,Standard,5265.40
8478,Elena Lopez,elena.lopez.8478@example.com,India,2020-02-01,Standard,8578.45
8479,Maya Lopez,maya.lopez.8479@retail.dev,Canada,2024-07-29,Standard,3672.47
8480,Tara Williams,tara.williams.8480@example.com,France,2024-03-23,Standard,3267.27
8481,Arjun Anderson,arjun.anderson.8481@retail.dev,Japan,2024-04-14,Standard,3730.36
8482,Omar Costa,omar.costa.8482@retail.dev,Brazil,2026-05-07,Standard,1502.25
8483,Arjun Patel,arjun.patel.8483@example.com,Germany,2021-12-10,Basic,6179.35
8484,Aarav Anderson,aarav.anderson.8484@example.com,Singapore,2025-10-21,Standard,11067.04
8485,Anika Costa,anika.costa.8485@example.com,Brazil,2020-12-10,Standard,6607.80
8486,Maya Ivanov,maya.ivanov.8486@shopmail.test,United States,2022-10-17,Basic,278.20
8487,Jia Sato,jia.sato.8487@shopmail.test,Canada,2026-05-29,Basic,657.25
8488,Elena Nguyen,elena.nguyen.8488@example.com,Singapore,2024-12-11,Premium,10089.87
8489,Lucia Anderson,lucia.anderson.8489@retail.dev,Canada,2021-08-04,Basic,3389.61
8490,Sofia Kim,sofia.kim.8490@example.com,France,2024-08-03,Premium,4548.74
8491,Tara Nguyen,tara.nguyen.8491@retail.dev,Australia,2023-01-23,Basic,6247.51
8492,Viktor Kim,viktor.kim.8492@example.com,Germany,2024-10-18,Standard,2905.30
8493,Keiko Anderson,keiko.anderson.8493@example.com,United States,2023-08-04,Standard,7985.15
8494,Elena Okafor,elena.okafor.8494@retail.dev,Australia,2024-08-10,Basic,2123.17
8495,Noah Sato,noah.sato.8495@retail.dev,Germany,2021-05-15,Basic,1565.32
8496,Liam Singh,liam.singh.8496@shopmail.test,Japan,2020-12-08,Basic,2830.36
8497,Amelia Kim,amelia.kim.8497@retail.dev,France,2024-08-11,Standard,9321.73
8498,James Williams,james.williams.8498@example.com,India,2023-01-30,Basic,1299.02
8499,Priya Novak,priya.novak.8499@example.com,India,2020-08-28,Basic,1228.07
8500,Uma Novak,uma.novak.8500@retail.dev,Australia,2021-02-17,Basic,6268.95
8501,Priya Kim,priya.kim.8501@example.com,United States,2021-02-07,Standard,6319.68
8502,Anika Costa,anika.costa.8502@retail.dev,Australia,2024-04-21,Premium,2316.06
8503,Elena Brown,elena.brown.8503@retail.dev,Singapore,2026-08-22,Basic,6124.73
8504,Aarav Kim,aarav.kim.8504@example.com,Germany,2023-01-13,Basic,6465.76
8505,Hassan Ivanov,hassan.ivanov.8505@shopmail.test,France,2022-07-22,Basic,4804.33
8506,Aisha Silva,aisha.silva.8506@example.com,Brazil,2025-01-29,Premium,6742.74
8507,Liam Chen,liam.chen.8507@retail.dev,Brazil,2026-03-27,Standard,5635.69
8508,Zane Garcia,zane.garcia.8508@retail.dev,Germany,2026-02-11,Premium,7397.82
8509,Grace Okafor,grace.okafor.8509@example.com,United States,2024-12-22,Basic,4193.32
8510,Omar Sato,omar.sato.8510@retail.dev,Japan,2025-04-26,Standard,45.05
8511,Aarav Nguyen,aarav.nguyen.8511@example.com,United Kingdom,2025-10-19,Standard,1155.03
8512,Quinn Costa,quinn.costa.8512@example.com,Canada,2025-09-24,Standard,7558.11
8513,Rosa Muller,rosa.muller.8513@shopmail.test,Singapore,2020-03-26,Standard,3564.38
8514,Jia Chen,jia.chen.8514@retail.dev,France,2026-08-08,Standard,9561.98
8515,Elena Costa,elena.costa.8515@example.com,United Kingdom,2026-07-02,Basic,9014.01
8516,Maya Mensah,maya.mensah.8516@example.com,Germany,2024-09-15,Standard,8771.37
8517,Fatima Singh,fatima.singh.8517@shopmail.test,United Kingdom,2020-01-30,Premium,1270.31
8518,Priya Garcia,priya.garcia.8518@shopmail.test,France,2022-03-22,Standard,2593.36
8519,Viktor Lopez,viktor.lopez.8519@example.com,France,2020-10-15,Standard,4660.44
8520,Priya Lopez,priya.lopez.8520@shopmail.test,Japan,2026-03-28,Basic,10261.29
8521,Priya Silva,priya.silva.8521@example.com,Japan,2020-05-06,Basic,6278.43
8522,Grace Williams,grace.williams.8522@retail.dev,France,2020-10-17,Standard,6426.28
8523,Noah Silva,noah.silva.8523@shopmail.test,United States,2022-07-16,Basic,3071.58
8524,Hassan Singh,hassan.singh.8524@shopmail.test,Brazil,2024-12-06,Premium,11088.79
8525,Chen Garcia,chen.garcia.8525@example.com,France,2022-06-30,Basic,4933.85
8526,Arjun Anderson,arjun.anderson.8526@retail.dev,Canada,2026-07-15,Premium,116.12
8527,Maya Costa,maya.costa.8527@example.com,United Kingdom,2021-03-24,Standard,8417.45
8528,Wei Novak,wei.novak.8528@shopmail.test,France,2020-04-27,Premium,694.32
8529,Uma Williams,uma.williams.8529@example.com,Japan,2024-03-19,Standard,5268.55
8530,Tara Singh,tara.singh.8530@retail.dev,Canada,2026-03-22,Standard,10111.60
8531,Rosa Patel,rosa.patel.8531@shopmail.test,Brazil,2023-06-02,Standard,9353.68
8532,Amelia Nguyen,amelia.nguyen.8532@shopmail.test,Canada,2024-09-02,Standard,11537.92
8533,Anika Ivanov,anika.ivanov.8533@example.com,Australia,2023-07-16,Standard,5049.63
8534,Jia Kim,jia.kim.8534@shopmail.test,United States,2020-12-06,Basic,1705.67
8535,Anika Williams,anika.williams.8535@retail.dev,Germany,2020-03-13,Standard,7521.40
8536,Sofia Singh,sofia.singh.8536@example.com,France,2026-05-22,Standard,7582.98
8537,Chen Singh,chen.singh.8537@example.com,Australia,2023-10-20,Premium,5538.62
8538,Aarav Muller,aarav.muller.8538@retail.dev,Japan,2022-02-07,Standard,9902.47
8539,Omar Sato,omar.sato.8539@example.com,Japan,2026-01-02,Premium,6200.77
8540,James Williams,james.williams.8540@example.com,Canada,2022-02-22,Basic,9834.02
8541,Zane Silva,zane.silva.8541@shopmail.test,Japan,2021-10-21,Standard,10493.78
8542,Hiro Khan,hiro.khan.8542@retail.dev,United States,2021-06-19,Basic,1508.38
8543,Amelia Muller,amelia.muller.8543@example.com,United States,2022-06-16,Basic,6540.99
8544,Maya Anderson,maya.anderson.8544@shopmail.test,Australia,2023-02-23,Premium,2986.15
8545,Lucia Costa,lucia.costa.8545@shopmail.test,United States,2026-05-12,Standard,215.36
8546,Wei Brown,wei.brown.8546@shopmail.test,Brazil,2024-11-07,Standard,29.85
8547,Lucia Okafor,lucia.okafor.8547@retail.dev,United States,2020-06-01,Standard,9806.94
8548,Noah Brown,noah.brown.8548@retail.dev,Singapore,2020-08-18,Premium,11007.03
8549,Maya Anderson,maya.anderson.8549@example.com,Singapore,2023-01-15,Standard,4754.29
8550,Sofia Ali,sofia.ali.8550@retail.dev,France,2021-04-01,Standard,2335.01
8551,Wei Sato,wei.sato.8551@example.com,France,2025-12-13,Basic,2272.54
8552,Maya Ivanov,maya.ivanov.8552@shopmail.test,Brazil,2020-11-21,Standard,2346.37
8553,Wei Garcia,wei.garcia.8553@example.com,Singapore,2025-02-08,Basic,5505.88
8554,James Ali,james.ali.8554@retail.dev,France,2023-05-10,Basic,9468.35
8555,Noah Kim,noah.kim.8555@retail.dev,Singapore,2024-01-04,Basic,8495.11
8556,Jia Chen,jia.chen.8556@shopmail.test,United Kingdom,2026-02-07,Basic,8067.59
8557,Quinn Silva,quinn.silva.8557@shopmail.test,Brazil,2022-11-22,Standard,1987.17
8558,Aisha Singh,aisha.singh.8558@shopmail.test,Australia,2020-06-05,Basic,9660.55
8559,Yara Brown,yara.brown.8559@shopmail.test,Japan,2020-06-16,Standard,1977.37
8560,Amelia Chen,amelia.chen.8560@shopmail.test,Brazil,2026-01-07,Standard,9858.35
8561,Liam Ali,liam.ali.8561@retail.dev,United Kingdom,2024-02-16,Basic,1239.53
8562,Yara Ali,yara.ali.8562@shopmail.test,United Kingdom,2022-04-02,Standard,770.28
8563,Grace Nguyen,grace.nguyen.8563@retail.dev,Japan,2020-03-30,Premium,3335.88
8564,Viktor Costa,viktor.costa.8564@example.com,Japan,2022-05-17,Standard,10651.09
8565,Priya Garcia,priya.garcia.8565@shopmail.test,Brazil,2023-06-26,Premium,4700.18
8566,Lucia Ivanov,lucia.ivanov.8566@example.com,Germany,2022-03-13,Basic,10092.20
8567,James Nguyen,james.nguyen.8567@retail.dev,Singapore,2025-05-26,Basic,2810.41
8568,Aarav Muller,aarav.muller.8568@shopmail.test,Japan,2023-06-06,Standard,3578.18
8569,Grace Muller,grace.muller.8569@example.com,Singapore,2022-01-01,Basic,11719.01
8570,Hassan Costa,hassan.costa.8570@shopmail.test,Germany,2024-05-04,Standard,1243.15
8571,Aisha Okafor,aisha.okafor.8571@example.com,Singapore,2026-05-08,Basic,6885.43
8572,Noah Williams,noah.williams.8572@shopmail.test,United States,2023-02-16,Standard,5046.98
8573,Noah Ali,noah.ali.8573@example.com,Australia,2024-03-04,Premium,9034.44
8574,Imani Nguyen,imani.nguyen.8574@example.com,United States,2023-07-28,Standard,4789.08
8575,Rosa Novak,rosa.novak.8575@shopmail.test,Singapore,2020-05-17,Premium,334.45
8576,Quinn Brown,quinn.brown.8576@shopmail.test,Canada,2024-03-10,Premium,9654.67
8577,Fatima Garcia,fatima.garcia.8577@shopmail.test,Germany,2023-11-11,Standard,10117.89
8578,Aisha Singh,aisha.singh.8578@shopmail.test,India,2025-01-12,Basic,5975.06
8579,Tara Nguyen,tara.nguyen.8579@retail.dev,Singapore,2020-03-30,Standard,5425.75
8580,Chen Chen,chen.chen.8580@example.com,Brazil,2022-05-18,Standard,287.07
8581,Aarav Kim,aarav.kim.8581@retail.dev,United States,2022-07-18,Standard,8513.63
8582,Zane Mensah,zane.mensah.8582@example.com,Canada,2022-01-26,Premium,10005.52
8583,Liam Novak,liam.novak.8583@retail.dev,Brazil,2022-03-02,Basic,1710.84
8584,Wei Okafor,wei.okafor.8584@shopmail.test,France,2024-02-06,Standard,5723.35
8585,Imani Chen,imani.chen.8585@example.com,Canada,2023-08-24,Standard,2255.19
8586,Liam Costa,liam.costa.8586@retail.dev,Japan,2021-10-01,Standard,11724.67
8587,Lucia Patel,lucia.patel.8587@retail.dev,Canada,2025-06-16,Standard,5728.16
8588,James Singh,james.singh.8588@retail.dev,Australia,2025-12-09,Standard,9004.06
8589,Imani Costa,imani.costa.8589@example.com,Canada,2024-02-10,Premium,8353.98
8590,Arjun Mensah,arjun.mensah.8590@retail.dev,India,2026-05-14,Standard,4646.38
8591,Viktor Novak,viktor.novak.8591@shopmail.test,India,2026-04-10,Basic,1117.13
8592,Chen Williams,chen.williams.8592@example.com,United Kingdom,2025-07-02,Basic,2513.41
8593,Lucia Mensah,lucia.mensah.8593@retail.dev,United Kingdom,2025-05-22,Standard,2905.36
8594,Fatima Costa,fatima.costa.8594@shopmail.test,Canada,2026-04-11,Basic,7990.03
8595,Jia Ivanov,jia.ivanov.8595@example.com,United States,2022-03-17,Standard,7915.76
8596,Diego Garcia,diego.garcia.8596@example.com,Brazil,2025-11-15,Standard,10234.46
8597,Keiko Ali,keiko.ali.8597@retail.dev,Japan,2024-09-08,Basic,10501.75
8598,Liam Williams,liam.williams.8598@shopmail.test,India,2024-04-13,Standard,8581.92
8599,Zane Anderson,zane.anderson.8599@shopmail.test,Brazil,2023-09-15,Standard,389.16
8600,Lucia Costa,lucia.costa.8600@shopmail.test,Germany,2024-07-10,Standard,9879.54
8601,Fatima Ivanov,fatima.ivanov.8601@shopmail.test,United Kingdom,2023-09-15,Premium,8661.74
8602,Hiro Muller,hiro.muller.8602@example.com,Germany,2020-12-17,Premium,3534.55
8603,Quinn Williams,quinn.williams.8603@shopmail.test,Singapore,2021-05-28,Standard,6034.07
8604,Aisha Chen,aisha.chen.8604@example.com,Canada,2024-10-27,Standard,5140.83
8605,James Ivanov,james.ivanov.8605@example.com,Australia,2020-08-05,Basic,1252.25
8606,Maya Muller,maya.muller.8606@retail.dev,Australia,2024-08-25,Standard,1306.53
8607,Hiro Nguyen,hiro.nguyen.8607@example.com,Canada,2022-01-23,Standard,957.22
8608,Imani Singh,imani.singh.8608@retail.dev,Singapore,2023-10-03,Standard,7905.68
8609,Hiro Okafor,hiro.okafor.8609@example.com,Australia,2026-04-17,Standard,9532.13
8610,Anika Lopez,anika.lopez.8610@example.com,India,2026-02-02,Standard,93.07
8611,Tara Mensah,tara.mensah.8611@retail.dev,United States,2021-05-24,Premium,7838.81
8612,Aisha Silva,aisha.silva.8612@example.com,United States,2020-12-02,Basic,7219.10
8613,Rosa Chen,rosa.chen.8613@shopmail.test,Australia,2022-11-06,Standard,8237.10
8614,Jia Okafor,jia.okafor.8614@example.com,Japan,2022-10-07,Standard,7751.19
8615,Chen Muller,chen.muller.8615@retail.dev,United Kingdom,2020-10-06,Standard,11931.14
8616,Lucia Muller,lucia.muller.8616@shopmail.test,Singapore,2024-08-30,Standard,9745.95
8617,Liam Muller,liam.muller.8617@retail.dev,Canada,2024-01-07,Standard,7702.59
8618,Imani Novak,imani.novak.8618@example.com,Singapore,2025-10-14,Basic,5979.58
8619,Tara Mensah,tara.mensah.8619@shopmail.test,India,2023-07-16,Standard,9089.45
8620,Keiko Kim,keiko.kim.8620@shopmail.test,Canada,2022-02-15,Standard,7510.92
8621,Imani Novak,imani.novak.8621@retail.dev,United States,2025-11-21,Standard,6778.47
8622,Noah Patel,noah.patel.8622@retail.dev,Canada,2024-04-03,Standard,9764.49
8623,Jia Williams,jia.williams.8623@example.com,France,2022-03-23,Basic,9801.11
8624,Grace Lopez,grace.lopez.8624@retail.dev,Singapore,2023-09-20,Standard,6394.71
8625,Lucia Okafor,lucia.okafor.8625@shopmail.test,France,2021-12-27,Basic,3233.26
8626,Yara Muller,yara.muller.8626@shopmail.test,India,2020-12-02,Premium,6370.82
8627,Priya Patel,priya.patel.8627@retail.dev,Germany,2026-06-30,Basic,5515.92
8628,Priya Ali,priya.ali.8628@example.com,India,2020-06-30,Standard,1127.28
8629,Arjun Patel,arjun.patel.8629@retail.dev,United Kingdom,2022-01-14,Basic,911.00
8630,Arjun Williams,arjun.williams.8630@shopmail.test,United States,2023-12-20,Premium,4614.80
8631,Hassan Costa,hassan.costa.8631@example.com,Germany,2021-03-19,Basic,8038.85
8632,Keiko Anderson,keiko.anderson.8632@shopmail.test,Brazil,2020-01-06,Basic,10318.85
8633,Keiko Singh,keiko.singh.8633@example.com,India,2020-11-12,Standard,9017.07
8634,Chen Ivanov,chen.ivanov.8634@shopmail.test,Japan,2020-04-18,Standard,3461.09
8635,Rosa Costa,rosa.costa.8635@shopmail.test,Japan,2022-09-09,Standard,5625.74
8636,Grace Ivanov,grace.ivanov.8636@example.com,Germany,2023-01-19,Basic,2650.37
8637,Arjun Khan,arjun.khan.8637@shopmail.test,Canada,2022-08-08,Standard,7976.53
8638,Elena Mensah,elena.mensah.8638@example.com,Australia,2024-11-15,Basic,5786.23
8639,Lucia Brown,lucia.brown.8639@retail.dev,Canada,2026-01-12,Standard,7461.13
8640,Sofia Brown,sofia.brown.8640@example.com,United Kingdom,2024-09-14,Standard,1684.69
8641,Yara Silva,yara.silva.8641@shopmail.test,Japan,2020-11-23,Premium,11432.96
8642,Liam Novak,liam.novak.8642@retail.dev,Germany,2025-10-29,Standard,7410.58
8643,Aarav Okafor,aarav.okafor.8643@shopmail.test,Brazil,2026-02-03,Premium,1355.04
8644,Aarav Ivanov,aarav.ivanov.8644@retail.dev,India,2025-01-19,Basic,5500.78
8645,Uma Costa,uma.costa.8645@shopmail.test,Brazil,2022-11-04,Basic,9821.96
8646,Hassan Novak,hassan.novak.8646@example.com,Australia,2024-11-29,Premium,2785.93
8647,Tara Ivanov,tara.ivanov.8647@retail.dev,United States,2025-11-26,Basic,2550.41
8648,Arjun Costa,arjun.costa.8648@retail.dev,France,2021-10-06,Standard,3565.70
8649,Wei Muller,wei.muller.8649@retail.dev,Canada,2026-05-31,Basic,11597.65
8650,Hiro Williams,hiro.williams.8650@retail.dev,United States,2022-05-25,Basic,9694.28
8651,Diego Singh,diego.singh.8651@shopmail.test,India,2026-03-22,Standard,6053.51
8652,Imani Khan,imani.khan.8652@example.com,India,2022-02-06,Standard,5695.69
8653,Keiko Garcia,keiko.garcia.8653@retail.dev,United States,2021-09-25,Standard,2231.49
8654,Chen Muller,chen.muller.8654@retail.dev,Japan,2026-03-01,Basic,9773.80
8655,Aarav Okafor,aarav.okafor.8655@retail.dev,Canada,2022-10-18,Standard,4984.83
8656,Maya Okafor,maya.okafor.8656@shopmail.test,Singapore,2020-06-20,Standard,7509.25
8657,Quinn Novak,quinn.novak.8657@example.com,Singapore,2020-01-11,Basic,8207.18
8658,Uma Lopez,uma.lopez.8658@retail.dev,Germany,2022-12-30,Standard,7953.53
8659,Hiro Ivanov,hiro.ivanov.8659@example.com,India,2021-08-10,Standard,4016.39
8660,Amelia Garcia,amelia.garcia.8660@shopmail.test,United States,2021-05-09,Basic,11854.22
8661,Priya Patel,priya.patel.8661@example.com,India,2020-01-17,Premium,10467.39
8662,Aisha Singh,aisha.singh.8662@retail.dev,Singapore,2022-08-23,Premium,2022.56
8663,Elena Ali,elena.ali.8663@retail.dev,Singapore,2024-01-11,Standard,9201.90
8664,Liam Anderson,liam.anderson.8664@shopmail.test,United Kingdom,2023-04-08,Standard,873.84
8665,Uma Anderson,uma.anderson.8665@example.com,Canada,2021-01-12,Standard,10363.38
8666,Tara Mensah,tara.mensah.8666@example.com,United Kingdom,2023-12-14,Basic,7375.84
8667,Wei Okafor,wei.okafor.8667@shopmail.test,Australia,2022-02-23,Standard,9491.77
8668,Aisha Lopez,aisha.lopez.8668@shopmail.test,Brazil,2025-10-10,Standard,8738.66
8669,Quinn Ivanov,quinn.ivanov.8669@example.com,United Kingdom,2020-06-07,Standard,11379.09
8670,James Anderson,james.anderson.8670@example.com,Canada,2022-09-04,Basic,4196.91
8671,Wei Brown,wei.brown.8671@example.com,India,2020-03-04,Standard,11607.96
8672,Rosa Mensah,rosa.mensah.8672@shopmail.test,India,2020-09-06,Basic,8347.58
8673,Viktor Sato,viktor.sato.8673@retail.dev,Canada,2020-12-26,Standard,11326.16
8674,Sofia Brown,sofia.brown.8674@shopmail.test,France,2024-11-01,Basic,4594.56
8675,Jia Lopez,jia.lopez.8675@example.com,Canada,2022-11-07,Standard,10286.59
8676,Chen Williams,chen.williams.8676@example.com,United Kingdom,2023-06-03,Premium,85.44
8677,Diego Mensah,diego.mensah.8677@shopmail.test,United Kingdom,2022-12-13,Standard,6139.19
8678,Aarav Okafor,aarav.okafor.8678@example.com,India,2022-09-11,Standard,2160.05
8679,Hassan Chen,hassan.chen.8679@example.com,India,2022-07-02,Standard,5144.29
8680,Viktor Khan,viktor.khan.8680@shopmail.test,Canada,2022-08-21,Standard,556.73
8681,Anika Okafor,anika.okafor.8681@shopmail.test,France,2025-07-15,Standard,5555.29
8682,Amelia Patel,amelia.patel.8682@retail.dev,United Kingdom,2020-07-25,Premium,10649.06
8683,Viktor Kim,viktor.kim.8683@retail.dev,Canada,2025-12-09,Basic,1973.08
8684,Keiko Novak,keiko.novak.8684@example.com,Canada,2022-09-04,Standard,7515.32
8685,Liam Ali,liam.ali.8685@retail.dev,France,2020-12-15,Standard,1562.53
8686,Zane Muller,zane.muller.8686@shopmail.test,Australia,2020-12-19,Basic,11642.45
8687,Priya Williams,priya.williams.8687@shopmail.test,Brazil,2020-07-14,Standard,6052.92
8688,Sofia Brown,sofia.brown.8688@example.com,United Kingdom,2025-03-02,Standard,11364.52
8689,Liam Muller,liam.muller.8689@example.com,Japan,2026-03-09,Premium,2331.15
8690,Fatima Sato,fatima.sato.8690@shopmail.test,United States,2022-11-15,Standard,11195.57
8691,Anika Khan,anika.khan.8691@retail.dev,Canada,2026-01-27,Premium,6090.98
8692,Viktor Kim,viktor.kim.8692@example.com,India,2026-02-27,Basic,2144.17
8693,Zane Lopez,zane.lopez.8693@example.com,Brazil,2023-02-20,Basic,5456.51
8694,Viktor Mensah,viktor.mensah.8694@retail.dev,United States,2022-10-19,Standard,10448.43
8695,Amelia Patel,amelia.patel.8695@shopmail.test,Canada,2024-09-25,Standard,4834.51
8696,Tara Ali,tara.ali.8696@example.com,United Kingdom,2025-06-15,Premium,5688.96
8697,Omar Patel,omar.patel.8697@retail.dev,Brazil,2025-12-27,Standard,4672.11
8698,Jia Brown,jia.brown.8698@retail.dev,Singapore,2024-09-09,Basic,11093.01
8699,Quinn Novak,quinn.novak.8699@example.com,Japan,2020-01-02,Standard,288.87
8700,James Novak,james.novak.8700@shopmail.test,France,2024-05-09,Premium,11636.42
8701,Viktor Kim,viktor.kim.8701@example.com,Japan,2020-12-13,Basic,10320.51
8702,Maya Silva,maya.silva.8702@shopmail.test,Japan,2020-12-22,Basic,11844.37
8703,James Costa,james.costa.8703@example.com,Singapore,2022-06-17,Standard,9711.47
8704,Keiko Brown,keiko.brown.8704@example.com,United Kingdom,2022-07-03,Basic,8300.55
8705,Zane Sato,zane.sato.8705@retail.dev,Singapore,2026-06-26,Basic,11333.70
8706,James Ali,james.ali.8706@retail.dev,Brazil,2021-01-21,Standard,4866.36
8707,Hassan Lopez,hassan.lopez.8707@shopmail.test,Canada,2026-02-12,Standard,3022.81
8708,Tara Ali,tara.ali.8708@example.com,India,2024-04-13,Basic,8018.36
8709,Aarav Ivanov,aarav.ivanov.8709@example.com,Australia,2026-05-14,Basic,6891.29
8710,Sofia Brown,sofia.brown.8710@example.com,Australia,2025-12-05,Basic,677.29
8711,Lucia Patel,lucia.patel.8711@retail.dev,Germany,2026-03-10,Basic,4434.66
8712,Fatima Costa,fatima.costa.8712@retail.dev,Japan,2021-01-31,Basic,10350.74
8713,Hiro Muller,hiro.muller.8713@example.com,United Kingdom,2023-04-03,Basic,10979.95
8714,Wei Novak,wei.novak.8714@shopmail.test,Brazil,2022-02-02,Standard,11862.70
8715,Liam Khan,liam.khan.8715@retail.dev,Germany,2023-03-27,Premium,7005.77
8716,Arjun Williams,arjun.williams.8716@retail.dev,Brazil,2020-11-19,Basic,1089.99
8717,Amelia Okafor,amelia.okafor.8717@example.com,Canada,2025-01-25,Standard,1452.49
8718,Aisha Nguyen,aisha.nguyen.8718@example.com,France,2020-08-06,Basic,5909.98
8719,Amelia Okafor,amelia.okafor.8719@shopmail.test,United Kingdom,2023-06-27,Standard,9088.37
8720,Keiko Novak,keiko.novak.8720@example.com,United States,2020-09-28,Standard,7675.06
8721,Tara Patel,tara.patel.8721@example.com,Germany,2020-04-25,Basic,10520.79
8722,Elena Patel,elena.patel.8722@retail.dev,Singapore,2021-11-21,Basic,3333.53
8723,Aarav Sato,aarav.sato.8723@example.com,Singapore,2020-02-02,Premium,8726.53
8724,Chen Kim,chen.kim.8724@retail.dev,United Kingdom,2023-12-26,Standard,6713.91
8725,Maya Silva,maya.silva.8725@shopmail.test,Canada,2025-03-24,Basic,11269.99
8726,Elena Mensah,elena.mensah.8726@example.com,Japan,2024-09-18,Basic,3884.58
8727,Rosa Costa,rosa.costa.8727@shopmail.test,Japan,2024-10-12,Standard,10676.62
8728,Rosa Khan,rosa.khan.8728@retail.dev,Brazil,2022-04-25,Basic,11329.53
8729,Grace Okafor,grace.okafor.8729@retail.dev,United Kingdom,2020-07-01,Basic,7563.66
8730,Grace Williams,grace.williams.8730@retail.dev,India,2025-03-04,Basic,8259.35
8731,Quinn Novak,quinn.novak.8731@example.com,Japan,2020-03-02,Basic,9465.49
8732,Wei Silva,wei.silva.8732@shopmail.test,Japan,2024-03-19,Standard,1477.43
8733,Omar Ali,omar.ali.8733@shopmail.test,France,2024-03-30,Standard,869.01
8734,James Novak,james.novak.8734@retail.dev,Singapore,2026-07-04,Premium,8762.63
8735,Viktor Nguyen,viktor.nguyen.8735@retail.dev,Japan,2025-02-17,Basic,8096.83
8736,Tara Ivanov,tara.ivanov.8736@shopmail.test,Japan,2024-03-23,Standard,11044.75
8737,Rosa Ivanov,rosa.ivanov.8737@retail.dev,Australia,2024-02-29,Basic,5412.78
8738,Noah Mensah,noah.mensah.8738@retail.dev,Japan,2025-07-01,Standard,2586.94
8739,Aarav Patel,aarav.patel.8739@shopmail.test,Japan,2025-03-08,Standard,8795.09
8740,Arjun Khan,arjun.khan.8740@example.com,Singapore,2022-10-13,Basic,2839.15
8741,Elena Sato,elena.sato.8741@retail.dev,India,2025-03-30,Basic,8302.26
8742,James Okafor,james.okafor.8742@shopmail.test,United States,2026-04-22,Standard,9795.67
8743,Jia Muller,jia.muller.8743@shopmail.test,United States,2026-02-08,Basic,4432.78
8744,Rosa Singh,rosa.singh.8744@example.com,India,2021-09-28,Premium,5532.42
8745,Amelia Muller,amelia.muller.8745@shopmail.test,Japan,2022-06-11,Premium,4003.93
8746,Maya Nguyen,maya.nguyen.8746@example.com,India,2025-09-11,Standard,205.29
8747,Maya Singh,maya.singh.8747@shopmail.test,France,2023-09-28,Basic,10450.89
8748,Noah Khan,noah.khan.8748@shopmail.test,United States,2020-08-13,Standard,6461.32
8749,Jia Novak,jia.novak.8749@retail.dev,Singapore,2026-07-12,Basic,9994.61
8750,Tara Anderson,tara.anderson.8750@retail.dev,United Kingdom,2024-09-05,Premium,8227.74
8751,Hiro Costa,hiro.costa.8751@example.com,Singapore,2022-07-09,Basic,3540.89
8752,Uma Okafor,uma.okafor.8752@retail.dev,Japan,2023-06-24,Basic,5463.20
8753,Wei Costa,wei.costa.8753@example.com,Brazil,2026-01-25,Basic,5868.69
8754,Sofia Nguyen,sofia.nguyen.8754@retail.dev,France,2023-04-15,Standard,7584.10
8755,Elena Sato,elena.sato.8755@retail.dev,United States,2022-04-07,Standard,9968.71
8756,Noah Sato,noah.sato.8756@retail.dev,France,2021-03-03,Standard,1716.78
8757,Zane Mensah,zane.mensah.8757@shopmail.test,India,2022-01-01,Standard,6077.73
8758,Lucia Okafor,lucia.okafor.8758@example.com,United Kingdom,2020-08-20,Premium,8567.31
8759,Hiro Lopez,hiro.lopez.8759@retail.dev,United Kingdom,2024-10-02,Standard,779.71
8760,Liam Mensah,liam.mensah.8760@shopmail.test,Singapore,2021-05-01,Standard,111.91
8761,Maya Novak,maya.novak.8761@example.com,Japan,2021-10-12,Basic,564.74
8762,Viktor Novak,viktor.novak.8762@example.com,India,2026-03-04,Basic,11728.32
8763,Amelia Muller,amelia.muller.8763@shopmail.test,United States,2021-03-04,Basic,7001.90
8764,Hassan Patel,hassan.patel.8764@retail.dev,United Kingdom,2022-02-20,Basic,4632.85
8765,Keiko Muller,keiko.muller.8765@retail.dev,Canada,2023-04-24,Premium,11719.01
8766,Yara Garcia,yara.garcia.8766@shopmail.test,Canada,2023-02-16,Standard,11328.53
8767,Hassan Garcia,hassan.garcia.8767@shopmail.test,Australia,2022-01-20,Basic,10316.06
8768,Maya Garcia,maya.garcia.8768@retail.dev,Singapore,2024-08-26,Basic,9066.69
8769,Amelia Singh,amelia.singh.8769@example.com,France,2024-08-09,Standard,306.49
8770,Diego Muller,diego.muller.8770@shopmail.test,Australia,2025-09-30,Standard,3710.07
8771,Aarav Patel,aarav.patel.8771@shopmail.test,India,2025-01-02,Basic,3161.37
8772,Wei Brown,wei.brown.8772@shopmail.test,Australia,2020-01-06,Premium,6810.73
8773,Elena Lopez,elena.lopez.8773@retail.dev,France,2022-11-29,Standard,9689.62
8774,Noah Ivanov,noah.ivanov.8774@example.com,Canada,2025-05-19,Standard,7510.15
8775,Amelia Costa,amelia.costa.8775@shopmail.test,Japan,2023-11-02,Premium,11379.97
8776,Yara Ivanov,yara.ivanov.8776@shopmail.test,Germany,2023-01-30,Basic,801.32
8777,Hiro Anderson,hiro.anderson.8777@shopmail.test,United Kingdom,2026-05-26,Premium,3204.21
8778,Uma Williams,uma.williams.8778@example.com,Singapore,2023-02-09,Premium,10649.54
8779,Arjun Novak,arjun.novak.8779@example.com,Germany,2022-11-20,Standard,4863.24
8780,Arjun Mensah,arjun.mensah.8780@retail.dev,Singapore,2020-12-17,Premium,3608.25
8781,Anika Nguyen,anika.nguyen.8781@shopmail.test,Germany,2024-10-24,Basic,11918.36
8782,Zane Williams,zane.williams.8782@retail.dev,Singapore,2022-12-22,Basic,8543.12
8783,Lucia Kim,lucia.kim.8783@shopmail.test,United States,2026-06-16,Basic,7774.16
8784,Yara Novak,yara.novak.8784@example.com,Singapore,2021-01-24,Basic,10309.42
8785,Priya Silva,priya.silva.8785@example.com,Australia,2022-09-25,Basic,9613.58
8786,Maya Muller,maya.muller.8786@shopmail.test,United Kingdom,2021-07-03,Basic,5156.24
8787,Anika Novak,anika.novak.8787@retail.dev,United Kingdom,2021-11-22,Basic,11743.82
8788,Arjun Williams,arjun.williams.8788@example.com,Germany,2022-05-17,Premium,343.47
8789,Sofia Chen,sofia.chen.8789@retail.dev,Singapore,2021-04-06,Standard,10939.28
8790,Chen Sato,chen.sato.8790@example.com,Brazil,2024-01-31,Premium,5939.11
8791,Jia Lopez,jia.lopez.8791@example.com,Brazil,2021-05-16,Standard,6887.73
8792,Noah Garcia,noah.garcia.8792@example.com,Germany,2021-01-23,Standard,7364.95
8793,Elena Brown,elena.brown.8793@shopmail.test,Germany,2026-05-03,Premium,8786.56
8794,Amelia Singh,amelia.singh.8794@retail.dev,Brazil,2022-10-09,Standard,2031.63
8795,Rosa Silva,rosa.silva.8795@retail.dev,United States,2023-06-28,Basic,8384.22
8796,Sofia Sato,sofia.sato.8796@shopmail.test,Brazil,2020-04-24,Standard,1264.77
8797,Amelia Ivanov,amelia.ivanov.8797@retail.dev,India,2026-03-05,Standard,8002.65
8798,Amelia Chen,amelia.chen.8798@example.com,United Kingdom,2021-06-10,Standard,4649.33
8799,Imani Khan,imani.khan.8799@example.com,Japan,2024-03-17,Premium,5871.29
8800,James Costa,james.costa.8800@retail.dev,India,2024-12-03,Basic,1719.59
8801,Diego Silva,diego.silva.8801@example.com,Brazil,2021-07-19,Standard,10276.53
8802,Viktor Chen,viktor.chen.8802@example.com,Australia,2022-05-29,Standard,8959.77
8803,Fatima Kim,fatima.kim.8803@retail.dev,Brazil,2023-04-17,Standard,1658.04
8804,Zane Chen,zane.chen.8804@shopmail.test,Canada,2023-02-21,Standard,7342.03
8805,Jia Costa,jia.costa.8805@shopmail.test,Canada,2021-01-04,Standard,3763.43
8806,Amelia Anderson,amelia.anderson.8806@retail.dev,United States,2023-11-10,Standard,3612.08
8807,Imani Brown,imani.brown.8807@retail.dev,Germany,2022-01-17,Basic,2622.70
8808,Omar Silva,omar.silva.8808@retail.dev,Germany,2023-01-03,Standard,3241.72
8809,Fatima Singh,fatima.singh.8809@shopmail.test,United States,2021-05-01,Standard,7057.06
8810,Sofia Chen,sofia.chen.8810@shopmail.test,Brazil,2025-01-15,Standard,11067.05
8811,Arjun Chen,arjun.chen.8811@example.com,France,2021-05-10,Basic,8033.94
8812,James Nguyen,james.nguyen.8812@retail.dev,France,2023-11-19,Basic,31.36
8813,Zane Nguyen,zane.nguyen.8813@shopmail.test,Brazil,2022-02-05,Premium,2362.39
8814,Anika Sato,anika.sato.8814@shopmail.test,Japan,2023-03-14,Standard,5724.20
8815,Fatima Ali,fatima.ali.8815@retail.dev,Germany,2021-06-13,Standard,4198.22
8816,Aarav Brown,aarav.brown.8816@retail.dev,United States,2024-10-06,Standard,8744.48
8817,Liam Nguyen,liam.nguyen.8817@example.com,Singapore,2020-03-28,Basic,7705.38
8818,Liam Williams,liam.williams.8818@example.com,Australia,2022-01-17,Standard,456.19
8819,Chen Kim,chen.kim.8819@shopmail.test,India,2020-01-17,Standard,9623.36
8820,Diego Singh,diego.singh.8820@example.com,India,2022-11-27,Standard,1006.95
8821,Keiko Ali,keiko.ali.8821@example.com,India,2021-06-19,Standard,11512.87
8822,Hassan Garcia,hassan.garcia.8822@example.com,India,2020-04-03,Premium,8078.98
8823,Keiko Novak,keiko.novak.8823@shopmail.test,Brazil,2026-04-18,Basic,1655.90
8824,Maya Ali,maya.ali.8824@retail.dev,Canada,2025-09-30,Basic,2990.41
8825,Yara Khan,yara.khan.8825@example.com,India,2021-11-22,Standard,431.53
8826,Grace Patel,grace.patel.8826@shopmail.test,United States,2026-03-06,Premium,7794.36
8827,Aarav Muller,aarav.muller.8827@example.com,Australia,2025-05-24,Basic,1271.78
8828,Aisha Lopez,aisha.lopez.8828@example.com,Japan,2026-01-29,Standard,3541.89
8829,Liam Chen,liam.chen.8829@retail.dev,United States,2026-07-26,Standard,6921.45
8830,Lucia Brown,lucia.brown.8830@example.com,India,2021-04-24,Basic,1034.05
8831,Omar Williams,omar.williams.8831@example.com,Singapore,2024-09-02,Basic,11549.13
8832,Maya Novak,maya.novak.8832@shopmail.test,United Kingdom,2025-02-13,Basic,3494.81
8833,Anika Mensah,anika.mensah.8833@example.com,Germany,2021-03-26,Standard,7002.92
8834,Imani Costa,imani.costa.8834@example.com,Australia,2025-08-13,Basic,2996.05
8835,Noah Anderson,noah.anderson.8835@shopmail.test,Japan,2021-03-08,Premium,7236.34
8836,Fatima Williams,fatima.williams.8836@example.com,Singapore,2022-04-14,Standard,2770.37
8837,Yara Mensah,yara.mensah.8837@shopmail.test,United Kingdom,2026-01-24,Basic,5131.00
8838,Hassan Costa,hassan.costa.8838@retail.dev,Australia,2022-01-24,Basic,8792.62
8839,Priya Novak,priya.novak.8839@shopmail.test,United Kingdom,2026-09-02,Basic,3905.17
8840,Tara Ali,tara.ali.8840@shopmail.test,United States,2023-05-22,Standard,10437.72
8841,Aisha Mensah,aisha.mensah.8841@retail.dev,United States,2020-12-27,Standard,1024.45
8842,Elena Singh,elena.singh.8842@shopmail.test,Singapore,2022-02-11,Standard,9781.84
8843,Arjun Kim,arjun.kim.8843@shopmail.test,United Kingdom,2025-04-09,Standard,3206.83
8844,Hiro Brown,hiro.brown.8844@retail.dev,France,2025-12-23,Basic,11172.91
8845,James Muller,james.muller.8845@retail.dev,Germany,2021-03-27,Basic,7797.51
8846,Lucia Mensah,lucia.mensah.8846@shopmail.test,India,2020-08-19,Standard,794.99
8847,Viktor Kim,viktor.kim.8847@retail.dev,Singapore,2021-04-05,Basic,8369.57
8848,Tara Brown,tara.brown.8848@retail.dev,India,2022-11-17,Standard,10736.15
8849,Rosa Lopez,rosa.lopez.8849@shopmail.test,Germany,2023-08-25,Standard,4046.23
8850,Elena Lopez,elena.lopez.8850@shopmail.test,Germany,2024-05-16,Standard,6595.89
8851,Amelia Khan,amelia.khan.8851@retail.dev,United States,2025-01-19,Basic,302.77
8852,Quinn Garcia,quinn.garcia.8852@example.com,United States,2026-05-10,Standard,10689.74
8853,Wei Ivanov,wei.ivanov.8853@shopmail.test,Germany,2022-10-12,Standard,2194.48
8854,Chen Lopez,chen.lopez.8854@retail.dev,Australia,2023-11-23,Basic,11584.79
8855,Amelia Williams,amelia.williams.8855@retail.dev,Australia,2025-08-14,Premium,6961.82
8856,Viktor Brown,viktor.brown.8856@shopmail.test,Canada,2020-09-23,Basic,7187.42
8857,Viktor Muller,viktor.muller.8857@example.com,Germany,2024-06-29,Standard,10838.39
8858,Fatima Singh,fatima.singh.8858@example.com,Canada,2022-11-16,Standard,7143.90
8859,Noah Sato,noah.sato.8859@example.com,United States,2020-07-21,Standard,7309.29
8860,Zane Anderson,zane.anderson.8860@retail.dev,United Kingdom,2024-09-01,Standard,4823.71
8861,Noah Chen,noah.chen.8861@example.com,United Kingdom,2022-06-03,Standard,11658.45
8862,Imani Okafor,imani.okafor.8862@shopmail.test,Canada,2026-08-09,Basic,2042.13
8863,Aarav Muller,aarav.muller.8863@retail.dev,Singapore,2020-07-16,Standard,59.90
8864,Maya Anderson,maya.anderson.8864@example.com,France,2024-10-29,Standard,6202.81
8865,Jia Kim,jia.kim.8865@shopmail.test,Australia,2020-08-23,Standard,5313.31
8866,Anika Anderson,anika.anderson.8866@example.com,Japan,2023-08-28,Standard,9960.10
8867,Imani Brown,imani.brown.8867@shopmail.test,Australia,2022-05-31,Basic,3489.41
8868,Quinn Singh,quinn.singh.8868@retail.dev,Australia,2025-12-23,Standard,2278.82
8869,Viktor Ivanov,viktor.ivanov.8869@retail.dev,Germany,2024-04-26,Basic,4003.87
8870,Fatima Mensah,fatima.mensah.8870@shopmail.test,Japan,2025-09-20,Premium,1794.53
8871,Lucia Williams,lucia.williams.8871@retail.dev,Japan,2021-05-23,Premium,7542.02
8872,Viktor Lopez,viktor.lopez.8872@shopmail.test,United States,2022-09-03,Standard,994.07
8873,Omar Khan,omar.khan.8873@example.com,Brazil,2020-04-03,Standard,9323.73
8874,Rosa Ivanov,rosa.ivanov.8874@shopmail.test,Australia,2021-06-10,Standard,8627.34
8875,Yara Williams,yara.williams.8875@retail.dev,Singapore,2026-02-07,Premium,7770.71
8876,Omar Kim,omar.kim.8876@example.com,Australia,2021-11-08,Basic,5573.78
8877,Viktor Kim,viktor.kim.8877@shopmail.test,Canada,2026-02-12,Premium,11969.91
8878,Arjun Sato,arjun.sato.8878@example.com,United States,2024-05-12,Standard,9403.70
8879,Fatima Silva,fatima.silva.8879@shopmail.test,Brazil,2023-11-14,Standard,10583.32
8880,Amelia Nguyen,amelia.nguyen.8880@retail.dev,Canada,2023-10-18,Standard,10497.29
8881,Tara Mensah,tara.mensah.8881@example.com,Singapore,2026-05-16,Standard,9590.61
8882,Imani Garcia,imani.garcia.8882@example.com,United Kingdom,2022-11-07,Standard,10826.20
8883,Uma Sato,uma.sato.8883@example.com,Australia,2020-04-24,Standard,7059.96
8884,Grace Costa,grace.costa.8884@retail.dev,Australia,2023-06-28,Basic,5087.77
8885,Arjun Kim,arjun.kim.8885@retail.dev,Brazil,2024-09-20,Standard,6631.08
8886,Uma Khan,uma.khan.8886@retail.dev,United States,2026-07-12,Basic,9530.29
8887,Jia Lopez,jia.lopez.8887@retail.dev,India,2024-05-17,Basic,5845.65
8888,Viktor Sato,viktor.sato.8888@example.com,United Kingdom,2023-05-03,Standard,11609.18
8889,Uma Brown,uma.brown.8889@shopmail.test,Australia,2025-05-23,Standard,5938.62
8890,Tara Chen,tara.chen.8890@shopmail.test,United States,2020-09-26,Premium,1593.27
8891,Tara Okafor,tara.okafor.8891@shopmail.test,United States,2024-11-27,Standard,5240.84
8892,Priya Novak,priya.novak.8892@example.com,Singapore,2024-09-22,Basic,609.50
8893,Arjun Silva,arjun.silva.8893@shopmail.test,India,2025-02-25,Premium,9322.72
8894,Diego Novak,diego.novak.8894@example.com,United Kingdom,2022-07-26,Standard,10846.35
8895,Jia Mensah,jia.mensah.8895@retail.dev,United Kingdom,2021-12-11,Basic,4136.16
8896,Uma Khan,uma.khan.8896@example.com,Australia,2021-06-04,Basic,5229.37
8897,Omar Sato,omar.sato.8897@example.com,United Kingdom,2021-07-13,Basic,11047.07
8898,Priya Chen,priya.chen.8898@example.com,United States,2021-06-08,Standard,7762.19
8899,Aisha Nguyen,aisha.nguyen.8899@example.com,Canada,2023-08-21,Basic,8216.66
8900,Uma Lopez,uma.lopez.8900@shopmail.test,United Kingdom,2025-04-13,Basic,229.45
8901,Lucia Singh,lucia.singh.8901@shopmail.test,France,2022-06-20,Standard,9128.09
8902,Grace Williams,grace.williams.8902@retail.dev,Japan,2022-06-19,Standard,4991.25
8903,Wei Mensah,wei.mensah.8903@retail.dev,Canada,2023-10-22,Standard,1300.31
8904,Lucia Muller,lucia.muller.8904@example.com,Australia,2022-08-31,Standard,6763.48
8905,Arjun Ali,arjun.ali.8905@shopmail.test,United Kingdom,2024-08-26,Standard,11416.09
8906,Imani Lopez,imani.lopez.8906@example.com,Germany,2022-03-06,Standard,2530.64
8907,Arjun Nguyen,arjun.nguyen.8907@retail.dev,Japan,2021-01-28,Standard,11786.21
8908,Aisha Mensah,aisha.mensah.8908@example.com,Australia,2020-01-13,Premium,1892.41
8909,Hassan Okafor,hassan.okafor.8909@example.com,India,2022-12-12,Basic,9884.87
8910,Zane Singh,zane.singh.8910@example.com,Germany,2021-02-15,Standard,6548.22
8911,Grace Anderson,grace.anderson.8911@retail.dev,Canada,2020-11-15,Standard,8567.25
8912,Fatima Brown,fatima.brown.8912@retail.dev,France,2024-02-06,Basic,10748.67
8913,Yara Ali,yara.ali.8913@shopmail.test,United Kingdom,2024-03-23,Standard,2439.53
8914,Anika Okafor,anika.okafor.8914@shopmail.test,Australia,2021-05-18,Basic,542.37
8915,Quinn Okafor,quinn.okafor.8915@shopmail.test,Australia,2023-01-04,Premium,11754.66
8916,Imani Singh,imani.singh.8916@example.com,India,2021-12-08,Standard,94.64
8917,Grace Nguyen,grace.nguyen.8917@example.com,France,2021-06-12,Standard,11516.68
8918,Imani Costa,imani.costa.8918@example.com,Australia,2022-07-22,Basic,7953.27
8919,Yara Garcia,yara.garcia.8919@example.com,United Kingdom,2025-01-23,Standard,1939.21
8920,Amelia Brown,amelia.brown.8920@shopmail.test,United States,2021-06-30,Basic,7372.95
8921,Uma Novak,uma.novak.8921@shopmail.test,France,2026-06-27,Standard,690.19
8922,Omar Sato,omar.sato.8922@retail.dev,United Kingdom,2021-05-29,Premium,11415.61
8923,Rosa Garcia,rosa.garcia.8923@example.com,United Kingdom,2025-08-04,Basic,10023.53
8924,Aisha Garcia,aisha.garcia.8924@retail.dev,Canada,2020-06-13,Standard,1398.86
8925,Imani Patel,imani.patel.8925@example.com,Canada,2020-07-15,Basic,2251.63
8926,Maya Brown,maya.brown.8926@shopmail.test,Australia,2024-05-04,Basic,6429.75
8927,Amelia Anderson,amelia.anderson.8927@example.com,Brazil,2022-03-31,Standard,7176.11
8928,Priya Nguyen,priya.nguyen.8928@retail.dev,Germany,2021-07-08,Standard,8479.61
8929,Uma Ali,uma.ali.8929@shopmail.test,Germany,2022-01-18,Basic,122.72
8930,Chen Costa,chen.costa.8930@example.com,Brazil,2023-01-02,Standard,6544.11
8931,Sofia Ivanov,sofia.ivanov.8931@shopmail.test,Australia,2024-11-19,Standard,5690.58
8932,Grace Khan,grace.khan.8932@example.com,Japan,2026-05-31,Standard,7163.56
8933,Maya Kim,maya.kim.8933@example.com,Canada,2022-11-15,Standard,9156.72
8934,Hassan Muller,hassan.muller.8934@retail.dev,United Kingdom,2022-11-27,Standard,6994.04
8935,Zane Garcia,zane.garcia.8935@retail.dev,Brazil,2024-07-21,Premium,6123.66
8936,Lucia Kim,lucia.kim.8936@retail.dev,Canada,2026-04-04,Standard,1981.17
8937,Priya Sato,priya.sato.8937@retail.dev,Canada,2026-06-04,Basic,3359.27
8938,Lucia Costa,lucia.costa.8938@retail.dev,Canada,2025-11-21,Standard,7986.60
8939,Grace Brown,grace.brown.8939@retail.dev,Australia,2020-11-25,Standard,2146.06
8940,Jia Silva,jia.silva.8940@retail.dev,United States,2026-07-29,Premium,1611.77
8941,Keiko Garcia,keiko.garcia.8941@shopmail.test,Germany,2022-06-17,Standard,6962.57
8942,Wei Chen,wei.chen.8942@retail.dev,France,2021-06-15,Standard,9434.55
8943,Anika Silva,anika.silva.8943@shopmail.test,Australia,2022-05-16,Basic,4235.37
8944,Rosa Silva,rosa.silva.8944@example.com,Brazil,2023-10-04,Basic,9344.89
8945,Chen Anderson,chen.anderson.8945@retail.dev,Germany,2024-08-19,Basic,5310.77
8946,Aisha Novak,aisha.novak.8946@retail.dev,Singapore,2025-03-02,Standard,2913.33
8947,Rosa Khan,rosa.khan.8947@example.com,Brazil,2022-11-11,Standard,4756.75
8948,Hassan Khan,hassan.khan.8948@retail.dev,Singapore,2026-04-25,Premium,7202.51
8949,Zane Khan,zane.khan.8949@retail.dev,Singapore,2026-02-26,Basic,6216.04
8950,Uma Garcia,uma.garcia.8950@retail.dev,Australia,2025-09-20,Basic,2548.94
8951,Aarav Mensah,aarav.mensah.8951@retail.dev,Australia,2022-08-25,Standard,3658.09
8952,Hassan Anderson,hassan.anderson.8952@shopmail.test,United Kingdom,2024-01-27,Premium,6125.47
8953,Priya Garcia,priya.garcia.8953@retail.dev,Australia,2022-12-21,Standard,5540.76
8954,Imani Ivanov,imani.ivanov.8954@retail.dev,France,2021-10-21,Premium,11218.55
8955,Yara Nguyen,yara.nguyen.8955@example.com,Japan,2025-03-07,Basic,2146.39
8956,Uma Kim,uma.kim.8956@shopmail.test,United Kingdom,2023-06-03,Standard,4367.14
8957,Quinn Sato,quinn.sato.8957@retail.dev,United States,2026-08-24,Standard,4131.87
8958,Amelia Costa,amelia.costa.8958@retail.dev,Canada,2022-11-29,Standard,2568.84
8959,Hassan Brown,hassan.brown.8959@example.com,India,2023-03-08,Standard,64.55
8960,Arjun Garcia,arjun.garcia.8960@retail.dev,United Kingdom,2025-11-04,Standard,6045.86
8961,Diego Garcia,diego.garcia.8961@retail.dev,Germany,2021-06-08,Basic,11516.69
8962,Aisha Chen,aisha.chen.8962@example.com,Singapore,2026-06-08,Standard,8557.10
8963,Quinn Silva,quinn.silva.8963@retail.dev,Canada,2022-01-29,Standard,499.00
8964,Wei Garcia,wei.garcia.8964@retail.dev,Brazil,2025-08-09,Standard,10989.27
8965,Aisha Lopez,aisha.lopez.8965@retail.dev,India,2025-12-12,Standard,6581.14
8966,Imani Ivanov,imani.ivanov.8966@example.com,United States,2025-01-10,Standard,8212.05
8967,Noah Okafor,noah.okafor.8967@shopmail.test,Singapore,2025-06-20,Standard,8297.37
8968,Priya Ivanov,priya.ivanov.8968@shopmail.test,Singapore,2022-01-28,Standard,9953.92
8969,Aarav Kim,aarav.kim.8969@example.com,United States,2021-08-01,Premium,4386.82
8970,Anika Nguyen,anika.nguyen.8970@example.com,France,2023-10-16,Standard,8222.74
8971,Rosa Sato,rosa.sato.8971@example.com,France,2024-05-11,Standard,2691.27
8972,Keiko Brown,keiko.brown.8972@retail.dev,United Kingdom,2024-11-15,Standard,298.87
8973,Fatima Williams,fatima.williams.8973@retail.dev,Canada,2021-12-19,Standard,911.65
8974,Yara Brown,yara.brown.8974@shopmail.test,Australia,2025-07-15,Standard,10679.63
8975,Hassan Muller,hassan.muller.8975@retail.dev,Japan,2021-10-28,Premium,9730.37
8976,Uma Brown,uma.brown.8976@retail.dev,Canada,2023-12-11,Standard,1870.71
8977,Tara Singh,tara.singh.8977@example.com,France,2020-02-26,Standard,6286.21
8978,Aisha Mensah,aisha.mensah.8978@shopmail.test,Singapore,2021-10-13,Premium,6737.47
8979,Maya Khan,maya.khan.8979@retail.dev,Japan,2026-07-03,Premium,8752.73
8980,Rosa Ivanov,rosa.ivanov.8980@example.com,United States,2024-05-08,Standard,6352.85
8981,Imani Brown,imani.brown.8981@shopmail.test,Germany,2022-01-07,Standard,3439.03
8982,Aisha Brown,aisha.brown.8982@shopmail.test,United Kingdom,2021-12-16,Standard,8967.98
8983,Zane Sato,zane.sato.8983@example.com,Brazil,2021-01-26,Standard,9453.83
8984,Aarav Mensah,aarav.mensah.8984@example.com,United States,2021-10-25,Standard,3146.88
8985,Aisha Singh,aisha.singh.8985@example.com,Brazil,2020-08-04,Standard,7455.93
8986,Maya Novak,maya.novak.8986@retail.dev,Japan,2022-07-17,Standard,5328.05
8987,Liam Garcia,liam.garcia.8987@retail.dev,United Kingdom,2020-07-12,Basic,6106.11
8988,Zane Singh,zane.singh.8988@example.com,Canada,2020-04-11,Basic,10374.77
8989,Lucia Mensah,lucia.mensah.8989@example.com,Canada,2025-11-11,Standard,552.44
8990,Keiko Kim,keiko.kim.8990@retail.dev,Brazil,2022-12-02,Premium,6158.99
8991,Keiko Ali,keiko.ali.8991@retail.dev,France,2023-12-01,Basic,953.36
8992,Noah Ali,noah.ali.8992@retail.dev,Germany,2021-10-19,Premium,1397.77
8993,Jia Ali,jia.ali.8993@retail.dev,Canada,2020-05-18,Standard,4790.63
8994,Priya Anderson,priya.anderson.8994@retail.dev,Germany,2023-06-16,Standard,10165.25
8995,Elena Anderson,elena.anderson.8995@retail.dev,United Kingdom,2026-07-11,Standard,9299.29
8996,Grace Kim,grace.kim.8996@example.com,Japan,2023-07-11,Standard,9729.33
8997,Grace Silva,grace.silva.8997@shopmail.test,Brazil,2025-03-28,Basic,11998.78
8998,Fatima Kim,fatima.kim.8998@shopmail.test,France,2024-11-10,Standard,9348.90
8999,Rosa Lopez,rosa.lopez.8999@example.com,Brazil,2024-12-10,Standard,9932.10
9000,Anika Lopez,anika.lopez.9000@retail.dev,United Kingdom,2023-04-29,Standard,840.07
9001,Anika Lopez,anika.lopez.9001@example.com,Canada,2025-10-22,Standard,9735.08
9002,Amelia Okafor,amelia.okafor.9002@shopmail.test,Japan,2021-04-26,Standard,5939.77
9003,Chen Brown,chen.brown.9003@retail.dev,Germany,2024-07-24,Standard,3292.75
9004,Chen Brown,chen.brown.9004@example.com,India,2020-12-25,Premium,10228.18
9005,Priya Chen,priya.chen.9005@shopmail.test,Singapore,2025-11-13,Standard,1428.75
9006,Priya Garcia,priya.garcia.9006@retail.dev,India,2023-01-10,Premium,1040.94
9007,Aisha Garcia,aisha.garcia.9007@retail.dev,Japan,2025-01-30,Basic,5622.30
9008,Amelia Brown,amelia.brown.9008@retail.dev,Canada,2025-04-29,Standard,1180.28
9009,Wei Silva,wei.silva.9009@retail.dev,United Kingdom,2022-02-12,Basic,701.52
9010,Chen Sato,chen.sato.9010@shopmail.test,Brazil,2023-08-12,Basic,6479.82
9011,Rosa Anderson,rosa.anderson.9011@example.com,Singapore,2025-09-15,Basic,8999.39
9012,Chen Mensah,chen.mensah.9012@shopmail.test,Germany,2025-10-20,Standard,4372.35
9013,James Costa,james.costa.9013@shopmail.test,Brazil,2021-11-01,Standard,2162.11
9014,Aisha Nguyen,aisha.nguyen.9014@shopmail.test,Canada,2024-04-30,Standard,1319.15
9015,Imani Lopez,imani.lopez.9015@example.com,Brazil,2024-11-22,Standard,1600.85
9016,Sofia Nguyen,sofia.nguyen.9016@example.com,United Kingdom,2026-05-30,Standard,1600.21
9017,Rosa Williams,rosa.williams.9017@shopmail.test,Germany,2024-11-27,Basic,6117.56
9018,Diego Costa,diego.costa.9018@shopmail.test,United States,2023-02-07,Standard,6996.47
9019,Lucia Nguyen,lucia.nguyen.9019@example.com,Japan,2026-05-21,Basic,268.82
9020,Rosa Brown,rosa.brown.9020@example.com,India,2024-05-13,Basic,7152.26
9021,Lucia Costa,lucia.costa.9021@shopmail.test,Japan,2023-02-14,Premium,11079.46
9022,Diego Ivanov,diego.ivanov.9022@retail.dev,Canada,2021-06-24,Standard,6637.37
9023,Noah Costa,noah.costa.9023@shopmail.test,Brazil,2021-03-21,Standard,8150.29
9024,Noah Patel,noah.patel.9024@shopmail.test,Germany,2022-12-17,Standard,3932.09
9025,Wei Okafor,wei.okafor.9025@shopmail.test,United States,2021-11-13,Standard,7665.08
9026,Wei Chen,wei.chen.9026@example.com,United States,2021-06-13,Standard,6222.97
9027,Aarav Nguyen,aarav.nguyen.9027@retail.dev,Brazil,2026-08-30,Standard,127.54
9028,Rosa Chen,rosa.chen.9028@retail.dev,Australia,2021-07-23,Standard,5077.66
9029,Diego Anderson,diego.anderson.9029@example.com,India,2021-08-26,Premium,11432.29
9030,Liam Chen,liam.chen.9030@shopmail.test,Japan,2021-02-27,Standard,275.02
9031,Uma Khan,uma.khan.9031@example.com,Brazil,2021-12-15,Basic,1815.01
9032,Arjun Muller,arjun.muller.9032@shopmail.test,United States,2023-06-03,Standard,3233.37
9033,Liam Khan,liam.khan.9033@example.com,Canada,2026-03-28,Standard,7740.20
9034,Sofia Chen,sofia.chen.9034@retail.dev,India,2026-07-20,Standard,3270.54
9035,Priya Nguyen,priya.nguyen.9035@example.com,Japan,2022-05-29,Standard,2318.86
9036,Zane Costa,zane.costa.9036@example.com,Singapore,2024-10-06,Basic,11838.24
9037,Maya Ali,maya.ali.9037@example.com,Japan,2024-12-26,Premium,6112.09
9038,Imani Khan,imani.khan.9038@example.com,Germany,2021-08-23,Basic,10886.43
9039,Jia Brown,jia.brown.9039@retail.dev,Australia,2022-01-01,Premium,3138.06
9040,Uma Costa,uma.costa.9040@example.com,United States,2022-11-20,Standard,1873.14
9041,Viktor Sato,viktor.sato.9041@retail.dev,Singapore,2025-10-14,Basic,11022.68
9042,Keiko Sato,keiko.sato.9042@shopmail.test,Singapore,2022-11-07,Standard,2121.89
9043,Priya Mensah,priya.mensah.9043@retail.dev,Australia,2022-04-01,Premium,5912.13
9044,Omar Patel,omar.patel.9044@shopmail.test,Germany,2025-11-19,Standard,11740.25
9045,Arjun Patel,arjun.patel.9045@retail.dev,Japan,2020-08-01,Standard,78.06
9046,Elena Anderson,elena.anderson.9046@retail.dev,France,2025-02-05,Standard,11460.23
9047,Keiko Singh,keiko.singh.9047@shopmail.test,United Kingdom,2025-09-10,Standard,6237.75
9048,Rosa Brown,rosa.brown.9048@shopmail.test,Germany,2025-03-31,Basic,2734.77
9049,Liam Khan,liam.khan.9049@example.com,India,2025-08-05,Basic,7088.15
9050,Elena Chen,elena.chen.9050@retail.dev,United States,2026-08-22,Basic,3509.99
9051,Hassan Ivanov,hassan.ivanov.9051@shopmail.test,France,2026-08-30,Basic,8156.55
9052,Sofia Kim,sofia.kim.9052@retail.dev,United Kingdom,2021-11-22,Standard,8866.78
9053,Arjun Patel,arjun.patel.9053@shopmail.test,Japan,2025-03-04,Standard,4824.76
9054,Aisha Ali,aisha.ali.9054@example.com,Brazil,2023-12-17,Standard,3164.63
9055,Hassan Ivanov,hassan.ivanov.9055@shopmail.test,India,2021-04-19,Basic,8606.64
9056,Aisha Garcia,aisha.garcia.9056@example.com,United Kingdom,2025-05-03,Basic,8327.46
9057,Anika Mensah,anika.mensah.9057@shopmail.test,Brazil,2023-08-08,Standard,4012.00
9058,Jia Costa,jia.costa.9058@shopmail.test,Brazil,2025-05-19,Standard,1364.78
9059,Quinn Costa,quinn.costa.9059@retail.dev,Japan,2023-05-01,Standard,7268.10
9060,Maya Patel,maya.patel.9060@shopmail.test,Brazil,2025-07-03,Basic,8419.38
9061,Liam Williams,liam.williams.9061@shopmail.test,Singapore,2020-08-02,Standard,9725.88
9062,Viktor Silva,viktor.silva.9062@example.com,Japan,2022-06-16,Standard,8771.98
9063,Diego Muller,diego.muller.9063@example.com,Australia,2023-05-24,Premium,6412.96
9064,Quinn Brown,quinn.brown.9064@retail.dev,Germany,2020-03-15,Basic,2371.78
9065,Aisha Muller,aisha.muller.9065@example.com,Australia,2025-09-18,Basic,11233.29
9066,Fatima Khan,fatima.khan.9066@retail.dev,Germany,2021-03-07,Basic,3010.22
9067,Anika Silva,anika.silva.9067@shopmail.test,Japan,2026-05-28,Standard,8339.87
9068,Wei Williams,wei.williams.9068@shopmail.test,Australia,2026-02-12,Premium,7406.91
9069,Maya Ali,maya.ali.9069@retail.dev,Singapore,2025-03-09,Standard,8338.06
9070,Arjun Okafor,arjun.okafor.9070@retail.dev,Germany,2025-11-21,Premium,7095.48
9071,Wei Ali,wei.ali.9071@example.com,United States,2026-01-18,Standard,10493.83
9072,James Nguyen,james.nguyen.9072@shopmail.test,Japan,2020-05-07,Standard,5160.70
9073,James Khan,james.khan.9073@shopmail.test,Singapore,2020-06-14,Basic,6525.55
9074,Amelia Ali,amelia.ali.9074@shopmail.test,France,2022-11-20,Standard,5769.12
9075,Quinn Novak,quinn.novak.9075@shopmail.test,Canada,2026-01-11,Basic,10164.66
9076,Uma Sato,uma.sato.9076@example.com,United States,2026-07-30,Premium,6559.85
9077,Anika Brown,anika.brown.9077@example.com,Australia,2022-12-12,Standard,5298.21
9078,Hassan Mensah,hassan.mensah.9078@retail.dev,United States,2022-07-25,Premium,1252.17
9079,Liam Okafor,liam.okafor.9079@example.com,United States,2021-07-09,Standard,3634.56
9080,Arjun Nguyen,arjun.nguyen.9080@example.com,Brazil,2025-05-01,Basic,11096.78
9081,Quinn Singh,quinn.singh.9081@example.com,Brazil,2021-10-10,Premium,4142.51
9082,Sofia Silva,sofia.silva.9082@shopmail.test,Germany,2022-09-15,Premium,1468.74
9083,Grace Garcia,grace.garcia.9083@retail.dev,India,2024-04-30,Standard,10367.20
9084,James Mensah,james.mensah.9084@shopmail.test,India,2024-12-03,Basic,9540.63
9085,Jia Mensah,jia.mensah.9085@retail.dev,Canada,2025-03-24,Premium,6872.69
9086,James Anderson,james.anderson.9086@shopmail.test,Australia,2023-12-14,Standard,11100.11
9087,Omar Mensah,omar.mensah.9087@retail.dev,France,2023-03-19,Basic,9028.19
9088,Tara Chen,tara.chen.9088@shopmail.test,Singapore,2022-08-09,Standard,7769.65
9089,Liam Okafor,liam.okafor.9089@shopmail.test,India,2021-01-19,Standard,3501.20
9090,Noah Silva,noah.silva.9090@example.com,France,2026-05-02,Premium,5982.61
9091,Sofia Anderson,sofia.anderson.9091@example.com,Japan,2023-08-26,Standard,9928.00
9092,Yara Garcia,yara.garcia.9092@shopmail.test,Brazil,2020-12-15,Basic,304.45
9093,Lucia Muller,lucia.muller.9093@example.com,France,2021-04-23,Basic,6233.02
9094,Diego Okafor,diego.okafor.9094@retail.dev,United States,2022-10-21,Premium,6491.43
9095,Diego Nguyen,diego.nguyen.9095@example.com,Singapore,2022-01-31,Standard,8804.23
9096,Diego Muller,diego.muller.9096@shopmail.test,Canada,2021-09-06,Standard,11674.28
9097,Viktor Singh,viktor.singh.9097@shopmail.test,Canada,2022-12-21,Standard,4216.43
9098,Yara Okafor,yara.okafor.9098@retail.dev,Singapore,2021-10-18,Standard,10965.91
9099,Uma Nguyen,uma.nguyen.9099@retail.dev,Brazil,2023-04-03,Standard,5269.77
9100,Yara Garcia,yara.garcia.9100@shopmail.test,Japan,2025-02-09,Standard,4911.24
9101,Imani Mensah,imani.mensah.9101@example.com,United States,2026-05-17,Basic,8954.70
9102,Priya Lopez,priya.lopez.9102@retail.dev,India,2021-05-09,Standard,5163.13
9103,Diego Mensah,diego.mensah.9103@shopmail.test,Singapore,2024-03-19,Premium,6740.57
9104,Viktor Khan,viktor.khan.9104@shopmail.test,Singapore,2020-05-01,Standard,6225.53
9105,Aarav Novak,aarav.novak.9105@example.com,United Kingdom,2020-10-13,Standard,11793.59
9106,Zane Nguyen,zane.nguyen.9106@retail.dev,Japan,2024-07-20,Standard,9581.31
9107,Anika Singh,anika.singh.9107@shopmail.test,India,2024-11-14,Standard,427.39
9108,Chen Brown,chen.brown.9108@shopmail.test,India,2021-02-22,Standard,2324.14
9109,Tara Williams,tara.williams.9109@example.com,Japan,2023-03-26,Standard,5860.12
9110,Chen Williams,chen.williams.9110@example.com,Australia,2022-11-06,Premium,10737.71
9111,Wei Silva,wei.silva.9111@example.com,Singapore,2020-08-27,Premium,2965.69
9112,Amelia Chen,amelia.chen.9112@example.com,Canada,2021-10-03,Standard,7805.56
9113,Keiko Novak,keiko.novak.9113@retail.dev,Brazil,2024-06-15,Standard,5186.77
9114,Liam Khan,liam.khan.9114@example.com,Singapore,2020-04-16,Standard,1192.83
9115,Rosa Sato,rosa.sato.9115@shopmail.test,Australia,2020-07-24,Standard,2612.20
9116,Amelia Khan,amelia.khan.9116@retail.dev,Canada,2025-06-17,Standard,10689.05
9117,Liam Kim,liam.kim.9117@retail.dev,France,2023-05-26,Basic,1242.97
9118,Keiko Ali,keiko.ali.9118@example.com,Singapore,2021-02-12,Standard,9762.50
9119,Arjun Anderson,arjun.anderson.9119@retail.dev,France,2025-09-14,Basic,3280.00
9120,Hiro Muller,hiro.muller.9120@shopmail.test,United States,2025-10-01,Standard,10881.59
9121,Hiro Lopez,hiro.lopez.9121@retail.dev,Singapore,2026-01-19,Standard,8208.63
9122,Viktor Khan,viktor.khan.9122@example.com,Brazil,2022-10-29,Premium,10551.91
9123,Hiro Nguyen,hiro.nguyen.9123@retail.dev,Singapore,2026-02-25,Standard,9772.08
9124,Keiko Nguyen,keiko.nguyen.9124@shopmail.test,Australia,2021-07-24,Basic,10668.37
9125,Aisha Silva,aisha.silva.9125@retail.dev,United Kingdom,2021-12-16,Standard,3000.74
9126,Priya Nguyen,priya.nguyen.9126@shopmail.test,Canada,2022-01-26,Basic,2045.69
9127,Priya Ali,priya.ali.9127@example.com,United States,2024-02-07,Basic,7511.73
9128,Jia Ali,jia.ali.9128@shopmail.test,Brazil,2023-07-23,Standard,3980.23
9129,Zane Mensah,zane.mensah.9129@retail.dev,Brazil,2021-08-31,Standard,4517.57
9130,Liam Khan,liam.khan.9130@example.com,France,2026-04-27,Premium,5339.58
9131,Diego Chen,diego.chen.9131@shopmail.test,Singapore,2020-01-19,Standard,2192.69
9132,Yara Costa,yara.costa.9132@example.com,Brazil,2020-02-23,Standard,6950.72
9133,Diego Mensah,diego.mensah.9133@example.com,Brazil,2021-07-11,Standard,11555.07
9134,Imani Sato,imani.sato.9134@shopmail.test,Australia,2025-12-22,Premium,4814.57
9135,Grace Sato,grace.sato.9135@example.com,Singapore,2020-04-13,Standard,2208.12
9136,Hiro Lopez,hiro.lopez.9136@retail.dev,Japan,2023-09-25,Premium,9949.42
9137,Fatima Chen,fatima.chen.9137@retail.dev,India,2023-05-16,Premium,7679.49
9138,Tara Silva,tara.silva.9138@shopmail.test,United States,2026-01-11,Standard,3953.01
9139,Quinn Silva,quinn.silva.9139@shopmail.test,United Kingdom,2021-07-06,Basic,2828.35
9140,Amelia Okafor,amelia.okafor.9140@retail.dev,France,2023-05-14,Basic,11903.46
9141,Diego Ivanov,diego.ivanov.9141@shopmail.test,Japan,2022-09-20,Basic,8829.83
9142,Fatima Lopez,fatima.lopez.9142@shopmail.test,Germany,2020-05-16,Standard,7941.85
9143,Hassan Kim,hassan.kim.9143@shopmail.test,India,2025-06-17,Standard,2317.75
9144,James Garcia,james.garcia.9144@shopmail.test,France,2020-05-16,Standard,9891.49
9145,Diego Garcia,diego.garcia.9145@shopmail.test,United Kingdom,2022-10-24,Standard,7110.18
9146,Sofia Nguyen,sofia.nguyen.9146@retail.dev,Singapore,2024-09-23,Standard,6342.63
9147,Noah Okafor,noah.okafor.9147@shopmail.test,Germany,2024-01-15,Basic,6079.98
9148,Wei Okafor,wei.okafor.9148@retail.dev,Japan,2026-08-15,Standard,5735.49
9149,Uma Garcia,uma.garcia.9149@example.com,Singapore,2024-10-10,Basic,6191.74
9150,Imani Brown,imani.brown.9150@retail.dev,Japan,2020-11-15,Premium,6601.50
9151,Jia Costa,jia.costa.9151@example.com,United Kingdom,2023-05-25,Basic,2349.84
9152,Keiko Mensah,keiko.mensah.9152@shopmail.test,Canada,2025-09-15,Basic,3538.14
9153,Wei Okafor,wei.okafor.9153@retail.dev,Australia,2025-03-07,Premium,499.90
9154,Rosa Brown,rosa.brown.9154@shopmail.test,Japan,2026-03-11,Basic,8046.34
9155,Tara Singh,tara.singh.9155@example.com,India,2024-08-23,Standard,11330.55
9156,Viktor Mensah,viktor.mensah.9156@example.com,Australia,2024-02-04,Standard,11690.01
9157,James Singh,james.singh.9157@example.com,Australia,2021-09-07,Standard,638.92
9158,Uma Lopez,uma.lopez.9158@retail.dev,Singapore,2021-10-24,Standard,10655.76
9159,Lucia Garcia,lucia.garcia.9159@shopmail.test,Singapore,2026-01-20,Premium,4425.26
9160,Arjun Anderson,arjun.anderson.9160@example.com,United Kingdom,2020-07-03,Standard,3076.73
9161,James Sato,james.sato.9161@shopmail.test,Canada,2024-08-02,Premium,11706.02
9162,Maya Khan,maya.khan.9162@retail.dev,Japan,2021-10-20,Standard,4033.40
9163,Diego Williams,diego.williams.9163@example.com,United Kingdom,2025-11-02,Standard,9629.42
9164,Fatima Ali,fatima.ali.9164@shopmail.test,Japan,2022-10-16,Standard,4307.92
9165,Hassan Ali,hassan.ali.9165@retail.dev,India,2021-11-05,Standard,11232.68
9166,Rosa Anderson,rosa.anderson.9166@shopmail.test,Brazil,2024-06-01,Standard,3879.41
9167,Noah Mensah,noah.mensah.9167@example.com,Japan,2020-12-25,Premium,279.71
9168,Yara Garcia,yara.garcia.9168@example.com,France,2020-01-01,Premium,2482.57
9169,Imani Ivanov,imani.ivanov.9169@retail.dev,Japan,2021-01-03,Standard,181.62
9170,Uma Lopez,uma.lopez.9170@retail.dev,Singapore,2022-11-17,Standard,7508.73
9171,Wei Garcia,wei.garcia.9171@shopmail.test,Brazil,2024-05-22,Basic,1745.14
9172,Sofia Ivanov,sofia.ivanov.9172@retail.dev,Canada,2023-11-16,Premium,10366.69
9173,Yara Nguyen,yara.nguyen.9173@example.com,Singapore,2023-12-22,Premium,1043.78
9174,Anika Singh,anika.singh.9174@retail.dev,India,2022-04-04,Standard,5491.65
9175,Keiko Garcia,keiko.garcia.9175@shopmail.test,United Kingdom,2026-08-23,Standard,4756.71
9176,Imani Nguyen,imani.nguyen.9176@example.com,Germany,2023-03-28,Premium,9034.05
9177,Liam Anderson,liam.anderson.9177@shopmail.test,United States,2021-03-24,Basic,605.21
9178,Anika Mensah,anika.mensah.9178@shopmail.test,France,2025-03-03,Basic,10881.12
9179,Aarav Chen,aarav.chen.9179@shopmail.test,Canada,2022-06-24,Standard,6720.48
9180,Maya Kim,maya.kim.9180@retail.dev,Germany,2025-06-19,Basic,139.12
9181,Anika Silva,anika.silva.9181@retail.dev,Germany,2022-04-19,Standard,10285.11
9182,Fatima Novak,fatima.novak.9182@shopmail.test,Canada,2025-08-04,Standard,1259.10
9183,Amelia Anderson,amelia.anderson.9183@example.com,France,2022-06-25,Standard,1277.44
9184,Fatima Chen,fatima.chen.9184@retail.dev,Japan,2024-07-30,Standard,6350.86
9185,Chen Khan,chen.khan.9185@retail.dev,India,2025-02-02,Standard,10540.02
9186,Jia Williams,jia.williams.9186@shopmail.test,Singapore,2024-05-29,Premium,9751.35
9187,Zane Ivanov,zane.ivanov.9187@shopmail.test,United States,2022-06-01,Basic,4412.31
9188,Amelia Silva,amelia.silva.9188@retail.dev,United Kingdom,2020-09-28,Standard,8057.75
9189,Fatima Ali,fatima.ali.9189@shopmail.test,Singapore,2026-08-12,Standard,3875.89
9190,Hiro Muller,hiro.muller.9190@shopmail.test,Canada,2020-01-31,Premium,6879.01
9191,Maya Okafor,maya.okafor.9191@shopmail.test,Canada,2020-08-25,Standard,11558.05
9192,Hiro Ali,hiro.ali.9192@example.com,United States,2026-05-13,Premium,3773.74
9193,Arjun Patel,arjun.patel.9193@example.com,Brazil,2022-04-18,Standard,8003.03
9194,Amelia Muller,amelia.muller.9194@example.com,United Kingdom,2024-10-25,Premium,3474.20
9195,Arjun Kim,arjun.kim.9195@shopmail.test,Singapore,2020-01-26,Premium,4901.81
9196,Keiko Singh,keiko.singh.9196@retail.dev,Canada,2021-08-13,Premium,10777.27
9197,Lucia Ivanov,lucia.ivanov.9197@shopmail.test,France,2023-07-08,Standard,4180.93
9198,Zane Williams,zane.williams.9198@retail.dev,United States,2024-04-20,Basic,2214.20
9199,Zane Brown,zane.brown.9199@example.com,United States,2022-12-26,Standard,1158.17
9200,Hiro Lopez,hiro.lopez.9200@retail.dev,Germany,2025-08-01,Standard,8792.14
9201,Quinn Ivanov,quinn.ivanov.9201@example.com,France,2026-06-06,Basic,5600.88
9202,Fatima Williams,fatima.williams.9202@retail.dev,Germany,2025-07-10,Premium,2903.04
9203,Zane Chen,zane.chen.9203@shopmail.test,United Kingdom,2026-06-16,Standard,7925.15
9204,Jia Singh,jia.singh.9204@example.com,United States,2021-07-22,Premium,5589.13
9205,Grace Williams,grace.williams.9205@shopmail.test,France,2022-03-11,Standard,8253.00
9206,Arjun Mensah,arjun.mensah.9206@example.com,Japan,2022-10-15,Basic,4359.27
9207,Chen Mensah,chen.mensah.9207@retail.dev,France,2023-06-11,Standard,2829.90
9208,Sofia Nguyen,sofia.nguyen.9208@example.com,Canada,2021-06-06,Standard,5121.89
9209,Liam Khan,liam.khan.9209@retail.dev,India,2025-02-08,Standard,8964.86
9210,Wei Muller,wei.muller.9210@shopmail.test,Canada,2020-01-12,Premium,10751.95
9211,James Okafor,james.okafor.9211@example.com,Japan,2024-01-28,Basic,11389.97
9212,Aisha Novak,aisha.novak.9212@example.com,Japan,2023-08-31,Basic,10792.66
9213,Hassan Nguyen,hassan.nguyen.9213@example.com,United Kingdom,2020-09-09,Standard,5952.54
9214,Quinn Anderson,quinn.anderson.9214@example.com,Australia,2023-02-05,Basic,2616.14
9215,Sofia Patel,sofia.patel.9215@retail.dev,Germany,2026-07-19,Standard,9815.99
9216,Uma Sato,uma.sato.9216@retail.dev,United States,2020-06-17,Standard,10069.69
9217,Aisha Williams,aisha.williams.9217@shopmail.test,Japan,2025-05-23,Basic,4865.01
9218,Imani Singh,imani.singh.9218@example.com,Australia,2023-09-02,Standard,3655.55
9219,Chen Mensah,chen.mensah.9219@shopmail.test,Australia,2024-12-06,Standard,4236.22
9220,Quinn Ivanov,quinn.ivanov.9220@example.com,Brazil,2023-04-16,Standard,1719.99
9221,Keiko Brown,keiko.brown.9221@shopmail.test,India,2020-04-04,Premium,2541.99
9222,Quinn Ivanov,quinn.ivanov.9222@example.com,India,2024-12-12,Standard,3369.85
9223,Amelia Ivanov,amelia.ivanov.9223@shopmail.test,India,2024-04-27,Premium,11531.94
9224,Diego Williams,diego.williams.9224@shopmail.test,United Kingdom,2021-02-23,Basic,7318.75
9225,Quinn Costa,quinn.costa.9225@retail.dev,Germany,2022-01-13,Basic,8780.75
9226,Priya Brown,priya.brown.9226@example.com,United Kingdom,2025-02-12,Basic,5406.60
9227,Chen Sato,chen.sato.9227@shopmail.test,Germany,2020-07-26,Standard,2963.48
9228,Imani Silva,imani.silva.9228@shopmail.test,Australia,2022-07-27,Basic,11040.50
9229,Diego Khan,diego.khan.9229@shopmail.test,Brazil,2025-03-27,Standard,3588.16
9230,Omar Ivanov,omar.ivanov.9230@shopmail.test,Australia,2022-06-10,Premium,9293.46
9231,Lucia Singh,lucia.singh.9231@shopmail.test,Australia,2025-09-17,Premium,10592.70
9232,Grace Lopez,grace.lopez.9232@retail.dev,Japan,2026-07-31,Basic,4159.97
9233,Maya Okafor,maya.okafor.9233@retail.dev,Brazil,2022-06-16,Standard,7692.00
9234,Sofia Williams,sofia.williams.9234@shopmail.test,Canada,2023-08-06,Basic,11172.93
9235,Omar Silva,omar.silva.9235@shopmail.test,Japan,2026-05-10,Standard,8536.28
9236,Jia Ivanov,jia.ivanov.9236@example.com,Australia,2021-04-13,Standard,5533.33
9237,Imani Garcia,imani.garcia.9237@shopmail.test,Australia,2021-02-10,Basic,4182.01
9238,Tara Kim,tara.kim.9238@retail.dev,Japan,2020-06-26,Standard,3605.68
9239,Anika Chen,anika.chen.9239@shopmail.test,United Kingdom,2025-11-04,Standard,9068.77
9240,Amelia Singh,amelia.singh.9240@shopmail.test,United Kingdom,2026-03-22,Standard,354.47
9241,Rosa Williams,rosa.williams.9241@example.com,United Kingdom,2024-11-30,Basic,7122.42
9242,Rosa Nguyen,rosa.nguyen.9242@shopmail.test,France,2024-08-25,Standard,7709.80
9243,Chen Sato,chen.sato.9243@retail.dev,United Kingdom,2022-02-01,Premium,606.56
9244,Sofia Kim,sofia.kim.9244@shopmail.test,Singapore,2024-07-11,Standard,11820.19
9245,Aarav Brown,aarav.brown.9245@shopmail.test,Japan,2022-12-24,Standard,9171.84
9246,Tara Silva,tara.silva.9246@retail.dev,Brazil,2020-10-02,Standard,10627.89
9247,Amelia Ali,amelia.ali.9247@example.com,Brazil,2020-01-06,Standard,8001.96
9248,Quinn Kim,quinn.kim.9248@example.com,India,2020-05-11,Basic,8372.93
9249,Hassan Mensah,hassan.mensah.9249@example.com,Germany,2024-02-05,Standard,1702.58
9250,Tara Patel,tara.patel.9250@retail.dev,United States,2022-04-10,Basic,6116.86
9251,Hassan Ivanov,hassan.ivanov.9251@example.com,Brazil,2022-10-26,Basic,2472.06
9252,Arjun Garcia,arjun.garcia.9252@shopmail.test,Germany,2020-08-23,Standard,3376.06
9253,Sofia Garcia,sofia.garcia.9253@retail.dev,Brazil,2020-10-18,Standard,4650.72
9254,Viktor Anderson,viktor.anderson.9254@example.com,Australia,2020-09-29,Standard,5951.85
9255,Aarav Brown,aarav.brown.9255@example.com,United Kingdom,2023-05-17,Basic,4355.46
9256,Lucia Kim,lucia.kim.9256@shopmail.test,Brazil,2022-06-29,Basic,1804.79
9257,Aarav Ali,aarav.ali.9257@example.com,Germany,2026-07-04,Standard,3089.52
9258,Hiro Anderson,hiro.anderson.9258@shopmail.test,Canada,2023-11-01,Standard,100.46
9259,Sofia Okafor,sofia.okafor.9259@shopmail.test,India,2021-03-24,Standard,10037.45
9260,Omar Ali,omar.ali.9260@example.com,Germany,2023-01-10,Standard,6591.22
9261,Amelia Costa,amelia.costa.9261@retail.dev,Canada,2023-09-26,Basic,11314.84
9262,Lucia Anderson,lucia.anderson.9262@shopmail.test,Japan,2025-04-03,Basic,9378.00
9263,Viktor Sato,viktor.sato.9263@shopmail.test,Japan,2023-11-21,Standard,6228.45
9264,Grace Patel,grace.patel.9264@shopmail.test,France,2021-12-25,Premium,5335.71
9265,Priya Anderson,priya.anderson.9265@shopmail.test,France,2021-06-14,Premium,11802.74
9266,Viktor Okafor,viktor.okafor.9266@example.com,Canada,2021-06-02,Standard,5398.47
9267,Fatima Sato,fatima.sato.9267@retail.dev,United States,2023-12-08,Basic,1497.01
9268,Imani Mensah,imani.mensah.9268@retail.dev,United States,2025-06-25,Standard,1746.29
9269,Viktor Chen,viktor.chen.9269@shopmail.test,Canada,2022-02-26,Premium,2522.94
9270,Diego Okafor,diego.okafor.9270@shopmail.test,India,2021-02-25,Premium,8051.12
9271,Hassan Mensah,hassan.mensah.9271@example.com,Brazil,2023-11-17,Basic,2243.95
9272,Elena Brown,elena.brown.9272@shopmail.test,India,2022-05-13,Standard,6797.03
9273,Grace Williams,grace.williams.9273@retail.dev,Germany,2024-09-13,Standard,11595.01
9274,Chen Nguyen,chen.nguyen.9274@example.com,Australia,2023-09-23,Basic,10422.32
9275,Aarav Nguyen,aarav.nguyen.9275@retail.dev,France,2022-01-15,Standard,5365.20
9276,Omar Ali,omar.ali.9276@shopmail.test,United Kingdom,2020-01-31,Standard,6225.92
9277,Elena Okafor,elena.okafor.9277@retail.dev,Brazil,2020-02-08,Standard,10583.79
9278,Rosa Brown,rosa.brown.9278@retail.dev,India,2021-07-29,Standard,9468.42
9279,Rosa Patel,rosa.patel.9279@example.com,Germany,2020-05-17,Basic,171.22
9280,Priya Sato,priya.sato.9280@example.com,Germany,2021-06-28,Basic,11996.86
9281,Priya Chen,priya.chen.9281@shopmail.test,Germany,2025-05-14,Standard,6647.41
9282,Hiro Patel,hiro.patel.9282@retail.dev,France,2020-08-10,Premium,3783.62
9283,Elena Chen,elena.chen.9283@shopmail.test,Germany,2022-03-23,Standard,5000.64
9284,James Brown,james.brown.9284@shopmail.test,Singapore,2025-09-10,Standard,7483.22
9285,Amelia Novak,amelia.novak.9285@shopmail.test,United Kingdom,2026-06-21,Standard,8344.40
9286,Uma Muller,uma.muller.9286@shopmail.test,Germany,2023-06-22,Standard,3799.45
9287,Quinn Nguyen,quinn.nguyen.9287@shopmail.test,Australia,2026-09-09,Standard,5980.45
9288,Maya Costa,maya.costa.9288@retail.dev,Japan,2021-10-01,Standard,1087.68
9289,Liam Lopez,liam.lopez.9289@example.com,Germany,2021-03-21,Standard,5039.93
9290,Uma Costa,uma.costa.9290@retail.dev,United Kingdom,2022-01-26,Basic,9730.28
9291,Anika Brown,anika.brown.9291@example.com,Canada,2022-11-29,Basic,4564.99
9292,Noah Mensah,noah.mensah.9292@shopmail.test,Singapore,2025-02-12,Premium,4290.96
9293,Anika Garcia,anika.garcia.9293@shopmail.test,Australia,2022-12-03,Basic,11324.58
9294,Omar Sato,omar.sato.9294@example.com,France,2025-07-16,Standard,1170.23
9295,Keiko Sato,keiko.sato.9295@example.com,Australia,2026-09-11,Basic,5509.83
9296,Anika Khan,anika.khan.9296@shopmail.test,India,2025-10-04,Standard,11233.94
9297,Uma Ali,uma.ali.9297@shopmail.test,France,2022-06-04,Standard,8008.85
9298,Viktor Brown,viktor.brown.9298@example.com,Germany,2021-03-20,Standard,6394.40
9299,Viktor Patel,viktor.patel.9299@shopmail.test,United States,2026-08-29,Basic,3609.54
9300,Hassan Ali,hassan.ali.9300@shopmail.test,France,2024-10-14,Standard,11766.10
9301,Amelia Nguyen,amelia.nguyen.9301@example.com,Germany,2023-01-23,Standard,6589.43
9302,Sofia Costa,sofia.costa.9302@retail.dev,France,2022-11-23,Premium,4598.14
9303,Maya Khan,maya.khan.9303@example.com,Singapore,2025-09-16,Standard,4475.23
9304,Anika Costa,anika.costa.9304@example.com,Australia,2026-09-04,Standard,5694.43
9305,Omar Nguyen,omar.nguyen.9305@retail.dev,United Kingdom,2020-07-14,Standard,2715.67
9306,Quinn Lopez,quinn.lopez.9306@shopmail.test,Brazil,2025-10-09,Standard,8285.68
9307,Liam Ivanov,liam.ivanov.9307@example.com,Brazil,2025-11-23,Basic,2412.91
9308,Amelia Chen,amelia.chen.9308@shopmail.test,Canada,2020-12-20,Basic,4861.99
9309,Uma Kim,uma.kim.9309@retail.dev,Brazil,2026-02-24,Basic,4741.84
9310,Zane Garcia,zane.garcia.9310@example.com,United Kingdom,2025-08-27,Basic,5616.59
9311,Hassan Muller,hassan.muller.9311@example.com,Australia,2026-05-29,Standard,5561.07
9312,Sofia Sato,sofia.sato.9312@retail.dev,Singapore,2020-11-12,Standard,7006.01
9313,Grace Novak,grace.novak.9313@example.com,United Kingdom,2025-12-28,Standard,7888.21
9314,Yara Okafor,yara.okafor.9314@example.com,India,2023-03-28,Standard,981.77
9315,Wei Mensah,wei.mensah.9315@example.com,India,2023-06-24,Premium,4310.55
9316,Liam Brown,liam.brown.9316@example.com,Brazil,2025-08-15,Standard,9332.77
9317,Aarav Chen,aarav.chen.9317@shopmail.test,Canada,2021-04-17,Premium,2849.89
9318,Elena Garcia,elena.garcia.9318@example.com,Canada,2026-03-29,Standard,1421.04
9319,Omar Ali,omar.ali.9319@example.com,India,2022-01-04,Standard,462.11
9320,Lucia Singh,lucia.singh.9320@retail.dev,Brazil,2022-11-29,Standard,6845.28
9321,Wei Nguyen,wei.nguyen.9321@retail.dev,Australia,2024-06-27,Basic,2754.96
9322,Aisha Williams,aisha.williams.9322@shopmail.test,United States,2020-10-19,Premium,5231.93
9323,Fatima Silva,fatima.silva.9323@retail.dev,United States,2026-06-26,Standard,8253.90
9324,Diego Brown,diego.brown.9324@shopmail.test,Canada,2023-02-15,Standard,9966.94
9325,Arjun Williams,arjun.williams.9325@retail.dev,Canada,2021-10-12,Standard,4334.91
9326,Tara Chen,tara.chen.9326@retail.dev,United Kingdom,2025-08-21,Basic,4795.89
9327,Lucia Ivanov,lucia.ivanov.9327@retail.dev,Canada,2023-03-03,Basic,11414.47
9328,Amelia Nguyen,amelia.nguyen.9328@shopmail.test,United States,2020-11-25,Premium,3398.56
9329,Hiro Novak,hiro.novak.9329@shopmail.test,India,2022-04-16,Basic,532.13
9330,Jia Silva,jia.silva.9330@retail.dev,Germany,2022-07-13,Standard,4711.50
9331,Imani Garcia,imani.garcia.9331@retail.dev,Japan,2021-03-30,Standard,11445.89
9332,Keiko Patel,keiko.patel.9332@shopmail.test,India,2023-08-05,Standard,10746.99
9333,Uma Novak,uma.novak.9333@shopmail.test,Japan,2025-09-07,Standard,8800.41
9334,Keiko Patel,keiko.patel.9334@example.com,Canada,2020-08-03,Standard,3078.32
9335,Imani Ali,imani.ali.9335@retail.dev,Australia,2023-02-19,Standard,11808.04
9336,Imani Patel,imani.patel.9336@shopmail.test,Japan,2021-05-16,Standard,5087.03
9337,Yara Ivanov,yara.ivanov.9337@retail.dev,Australia,2025-02-04,Basic,5287.61
9338,Elena Silva,elena.silva.9338@example.com,Singapore,2023-06-11,Standard,9200.46
9339,Diego Patel,diego.patel.9339@retail.dev,Singapore,2022-07-18,Standard,11187.51
9340,Maya Khan,maya.khan.9340@retail.dev,France,2021-05-30,Standard,283.56
9341,Anika Singh,anika.singh.9341@shopmail.test,India,2024-11-30,Basic,9530.94
9342,Viktor Khan,viktor.khan.9342@retail.dev,United States,2024-05-28,Standard,5406.80
9343,Priya Khan,priya.khan.9343@shopmail.test,Australia,2025-01-25,Premium,896.52
9344,Lucia Chen,lucia.chen.9344@example.com,India,2020-03-28,Standard,11473.46
9345,Aisha Sato,aisha.sato.9345@shopmail.test,France,2024-08-21,Standard,3935.74
9346,Imani Muller,imani.muller.9346@example.com,Japan,2024-04-27,Basic,2536.90
9347,Priya Kim,priya.kim.9347@retail.dev,India,2022-05-05,Basic,1736.94
9348,Wei Nguyen,wei.nguyen.9348@example.com,United Kingdom,2022-05-13,Basic,10866.05
9349,Aisha Muller,aisha.muller.9349@retail.dev,Japan,2025-07-08,Standard,11662.77
9350,Uma Nguyen,uma.nguyen.9350@retail.dev,Germany,2020-05-05,Standard,6456.90
9351,Keiko Patel,keiko.patel.9351@shopmail.test,Singapore,2021-01-13,Standard,2430.59
9352,Tara Khan,tara.khan.9352@shopmail.test,Singapore,2025-07-17,Standard,8507.13
9353,Aarav Garcia,aarav.garcia.9353@retail.dev,Singapore,2022-01-02,Standard,7086.13
9354,Arjun Novak,arjun.novak.9354@example.com,Brazil,2021-09-25,Basic,838.44
9355,Aarav Costa,aarav.costa.9355@retail.dev,United States,2023-08-08,Basic,10590.99
9356,Priya Chen,priya.chen.9356@shopmail.test,Canada,2023-08-11,Premium,8696.07
9357,Noah Garcia,noah.garcia.9357@retail.dev,India,2020-11-27,Basic,7257.70
9358,Diego Ivanov,diego.ivanov.9358@example.com,Japan,2026-07-02,Standard,3762.94
9359,Uma Silva,uma.silva.9359@retail.dev,United States,2024-11-07,Standard,1073.44
9360,Quinn Anderson,quinn.anderson.9360@example.com,France,2022-06-12,Basic,6755.94
9361,Rosa Mensah,rosa.mensah.9361@shopmail.test,United States,2022-03-24,Basic,4869.92
9362,Grace Okafor,grace.okafor.9362@shopmail.test,France,2024-08-22,Premium,3480.39
9363,Amelia Brown,amelia.brown.9363@example.com,United States,2026-01-04,Premium,1356.71
9364,Imani Novak,imani.novak.9364@retail.dev,India,2023-03-27,Standard,1834.75
9365,Chen Muller,chen.muller.9365@retail.dev,Singapore,2020-09-17,Basic,5897.91
9366,Quinn Brown,quinn.brown.9366@retail.dev,India,2025-11-10,Basic,2543.93
9367,Aisha Garcia,aisha.garcia.9367@retail.dev,United Kingdom,2020-06-07,Basic,6725.53
9368,Yara Anderson,yara.anderson.9368@example.com,Brazil,2025-05-23,Standard,1796.33
9369,Grace Mensah,grace.mensah.9369@retail.dev,Canada,2025-10-26,Standard,439.55
9370,Fatima Kim,fatima.kim.9370@shopmail.test,Canada,2020-01-25,Standard,6443.41
9371,Fatima Silva,fatima.silva.9371@shopmail.test,Singapore,2023-10-21,Standard,3516.82
9372,Sofia Costa,sofia.costa.9372@retail.dev,Canada,2021-01-12,Basic,6026.50
9373,Keiko Okafor,keiko.okafor.9373@retail.dev,Germany,2020-06-26,Standard,7015.50
9374,Amelia Patel,amelia.patel.9374@retail.dev,United Kingdom,2020-09-26,Standard,10955.44
9375,Aarav Costa,aarav.costa.9375@retail.dev,India,2022-09-10,Basic,5349.51
9376,Yara Muller,yara.muller.9376@retail.dev,India,2023-06-24,Basic,362.08
9377,Viktor Costa,viktor.costa.9377@retail.dev,France,2021-08-14,Standard,3881.26
9378,Diego Kim,diego.kim.9378@shopmail.test,Japan,2020-08-17,Basic,9156.91
9379,Grace Costa,grace.costa.9379@shopmail.test,France,2020-09-28,Basic,5635.86
9380,Uma Chen,uma.chen.9380@shopmail.test,Japan,2024-08-26,Premium,5641.62
9381,Jia Nguyen,jia.nguyen.9381@example.com,Canada,2026-04-25,Basic,1525.92
9382,Chen Ali,chen.ali.9382@retail.dev,United Kingdom,2025-07-09,Standard,8520.31
9383,Aisha Garcia,aisha.garcia.9383@retail.dev,India,2023-06-18,Premium,8675.77
9384,Hiro Ali,hiro.ali.9384@example.com,United Kingdom,2022-01-03,Standard,4658.17
9385,Keiko Ivanov,keiko.ivanov.9385@example.com,Australia,2026-04-02,Standard,10072.55
9386,Wei Silva,wei.silva.9386@shopmail.test,Singapore,2025-08-30,Standard,11823.26
9387,Yara Ivanov,yara.ivanov.9387@retail.dev,United States,2020-04-10,Basic,3309.76
9388,Hiro Patel,hiro.patel.9388@retail.dev,Australia,2025-09-03,Standard,7731.68
9389,Priya Garcia,priya.garcia.9389@shopmail.test,India,2025-04-28,Basic,197.07
9390,Tara Patel,tara.patel.9390@retail.dev,Brazil,2023-03-04,Standard,10080.37
9391,Lucia Chen,lucia.chen.9391@example.com,India,2024-12-12,Standard,1544.36
9392,Chen Williams,chen.williams.9392@retail.dev,Germany,2022-11-07,Standard,2814.35
9393,Hassan Chen,hassan.chen.9393@example.com,United States,2020-08-11,Basic,8207.86
9394,Diego Okafor,diego.okafor.9394@example.com,Australia,2025-05-06,Premium,1724.92
9395,Lucia Silva,lucia.silva.9395@example.com,France,2022-03-23,Standard,10307.79
9396,Chen Mensah,chen.mensah.9396@shopmail.test,Brazil,2023-06-24,Standard,8906.04
9397,Wei Patel,wei.patel.9397@retail.dev,Germany,2025-09-12,Basic,10499.50
9398,Chen Williams,chen.williams.9398@shopmail.test,United Kingdom,2024-05-29,Basic,3184.81
9399,Grace Muller,grace.muller.9399@retail.dev,Canada,2023-10-31,Basic,2657.54
9400,Maya Kim,maya.kim.9400@shopmail.test,Australia,2025-08-22,Standard,10091.55
9401,Jia Costa,jia.costa.9401@example.com,Germany,2024-09-19,Standard,8687.71
9402,Aisha Sato,aisha.sato.9402@retail.dev,Australia,2020-03-06,Standard,10561.42
9403,Lucia Garcia,lucia.garcia.9403@shopmail.test,Germany,2025-08-13,Premium,7960.13
9404,Hassan Anderson,hassan.anderson.9404@retail.dev,United States,2024-10-26,Premium,1845.19
9405,Rosa Novak,rosa.novak.9405@retail.dev,Canada,2026-09-11,Standard,779.55
9406,Sofia Muller,sofia.muller.9406@example.com,India,2024-12-20,Basic,2877.54
9407,Uma Novak,uma.novak.9407@shopmail.test,Australia,2022-04-18,Standard,4587.81
9408,Imani Chen,imani.chen.9408@example.com,India,2023-10-28,Basic,735.02
9409,Aarav Chen,aarav.chen.9409@shopmail.test,Brazil,2020-03-14,Standard,6539.21
9410,Zane Ali,zane.ali.9410@example.com,India,2021-09-18,Standard,4450.66
9411,Zane Sato,zane.sato.9411@retail.dev,Australia,2024-06-10,Standard,6565.13
9412,Wei Novak,wei.novak.9412@example.com,United States,2021-02-11,Standard,1381.79
9413,Anika Sato,anika.sato.9413@retail.dev,Germany,2020-06-15,Basic,7085.56
9414,Fatima Anderson,fatima.anderson.9414@example.com,France,2020-01-23,Standard,5351.75
9415,Omar Patel,omar.patel.9415@retail.dev,Germany,2021-02-13,Basic,6750.28
9416,Sofia Kim,sofia.kim.9416@retail.dev,Singapore,2024-12-12,Basic,3725.27
9417,James Khan,james.khan.9417@retail.dev,Germany,2021-12-18,Premium,4328.83
9418,Viktor Novak,viktor.novak.9418@example.com,Brazil,2025-03-16,Basic,3862.48
9419,Hassan Silva,hassan.silva.9419@retail.dev,India,2026-02-15,Standard,9555.31
9420,Fatima Anderson,fatima.anderson.9420@example.com,Brazil,2020-07-11,Premium,3770.62
9421,Uma Brown,uma.brown.9421@example.com,United States,2026-01-19,Premium,2754.92
9422,Chen Silva,chen.silva.9422@example.com,Japan,2026-04-15,Standard,8962.46
9423,Maya Okafor,maya.okafor.9423@retail.dev,Japan,2024-03-03,Basic,5871.99
9424,Rosa Sato,rosa.sato.9424@retail.dev,Japan,2021-07-12,Basic,4173.28
9425,Yara Patel,yara.patel.9425@example.com,Canada,2021-10-17,Basic,3746.73
9426,Maya Silva,maya.silva.9426@shopmail.test,Germany,2025-12-21,Basic,3580.99
9427,Zane Sato,zane.sato.9427@example.com,Brazil,2023-03-15,Standard,7808.35
9428,Omar Novak,omar.novak.9428@retail.dev,Germany,2024-08-31,Standard,10076.38
9429,Noah Silva,noah.silva.9429@shopmail.test,Brazil,2020-01-24,Standard,9948.61
9430,Aarav Sato,aarav.sato.9430@retail.dev,Germany,2023-12-25,Basic,2285.18
9431,Aarav Costa,aarav.costa.9431@example.com,Australia,2022-06-16,Standard,3287.60
9432,Wei Ali,wei.ali.9432@retail.dev,France,2026-04-22,Basic,9961.20
9433,Liam Okafor,liam.okafor.9433@shopmail.test,Germany,2023-04-13,Standard,2887.57
9434,Anika Sato,anika.sato.9434@example.com,United States,2020-02-16,Premium,277.59
9435,Lucia Kim,lucia.kim.9435@example.com,Canada,2020-01-31,Standard,1112.44
9436,Aarav Okafor,aarav.okafor.9436@retail.dev,France,2023-11-11,Standard,6863.42
9437,Chen Garcia,chen.garcia.9437@shopmail.test,Canada,2024-09-01,Basic,3046.89
9438,Elena Patel,elena.patel.9438@retail.dev,Brazil,2023-09-28,Standard,11120.66
9439,Hassan Singh,hassan.singh.9439@example.com,Japan,2020-03-27,Basic,1795.17
9440,Arjun Williams,arjun.williams.9440@example.com,Germany,2025-12-24,Standard,11092.70
9441,Zane Mensah,zane.mensah.9441@retail.dev,Japan,2020-12-15,Standard,3941.90
9442,Viktor Anderson,viktor.anderson.9442@example.com,Brazil,2025-07-02,Standard,9967.78
9443,Anika Costa,anika.costa.9443@example.com,Japan,2024-04-08,Standard,4135.15
9444,Grace Ivanov,grace.ivanov.9444@retail.dev,Japan,2025-10-29,Basic,2596.12
9445,Jia Nguyen,jia.nguyen.9445@example.com,Japan,2020-08-03,Standard,10398.93
9446,Elena Silva,elena.silva.9446@shopmail.test,Germany,2021-06-03,Standard,3763.43
9447,Wei Silva,wei.silva.9447@example.com,France,2025-05-07,Basic,3527.72
9448,Hiro Brown,hiro.brown.9448@shopmail.test,Japan,2026-03-01,Standard,2187.17
9449,Yara Patel,yara.patel.9449@example.com,United States,2021-11-08,Standard,8726.28
9450,Liam Kim,liam.kim.9450@retail.dev,United States,2025-08-27,Standard,3370.83
9451,Uma Brown,uma.brown.9451@retail.dev,India,2021-01-15,Standard,7921.26
9452,Keiko Muller,keiko.muller.9452@retail.dev,United States,2025-06-22,Standard,10043.17
9453,Maya Ali,maya.ali.9453@example.com,Japan,2022-11-27,Standard,5980.80
9454,Viktor Garcia,viktor.garcia.9454@example.com,France,2022-04-06,Basic,1752.35
9455,Arjun Garcia,arjun.garcia.9455@example.com,Australia,2023-03-13,Basic,1161.85
9456,Fatima Mensah,fatima.mensah.9456@example.com,India,2022-02-13,Basic,2985.78
9457,Viktor Brown,viktor.brown.9457@retail.dev,France,2023-08-12,Standard,9867.07
9458,Diego Costa,diego.costa.9458@retail.dev,Australia,2026-02-28,Premium,3200.09
9459,Jia Mensah,jia.mensah.9459@shopmail.test,Canada,2021-03-29,Basic,701.80
9460,Maya Silva,maya.silva.9460@example.com,Singapore,2021-08-12,Basic,7755.47
9461,Uma Ivanov,uma.ivanov.9461@shopmail.test,United Kingdom,2024-08-23,Standard,6401.09
9462,Omar Sato,omar.sato.9462@example.com,Brazil,2021-03-11,Standard,6162.18
9463,Fatima Brown,fatima.brown.9463@retail.dev,Singapore,2025-01-27,Standard,4952.58
9464,Arjun Singh,arjun.singh.9464@example.com,Brazil,2020-03-13,Standard,10451.38
9465,Uma Muller,uma.muller.9465@shopmail.test,Germany,2024-08-28,Standard,9295.67
9466,Keiko Kim,keiko.kim.9466@example.com,Brazil,2022-01-10,Premium,4744.82
9467,Aisha Patel,aisha.patel.9467@shopmail.test,India,2023-09-08,Standard,9674.01
9468,Sofia Chen,sofia.chen.9468@example.com,India,2024-05-26,Standard,2895.73
9469,Imani Singh,imani.singh.9469@shopmail.test,Canada,2023-08-02,Basic,5978.57
9470,Priya Costa,priya.costa.9470@shopmail.test,India,2022-03-30,Standard,5898.75
9471,Anika Lopez,anika.lopez.9471@example.com,Japan,2020-03-06,Standard,3592.18
9472,Maya Mensah,maya.mensah.9472@retail.dev,Singapore,2023-02-18,Basic,7421.59
9473,Diego Sato,diego.sato.9473@retail.dev,Germany,2024-05-21,Standard,9666.41
9474,Hiro Muller,hiro.muller.9474@example.com,Australia,2023-10-08,Basic,1986.82
9475,Grace Silva,grace.silva.9475@example.com,Japan,2024-09-03,Premium,4978.76
9476,Lucia Novak,lucia.novak.9476@example.com,United Kingdom,2021-10-09,Basic,8821.99
9477,Diego Ivanov,diego.ivanov.9477@shopmail.test,Germany,2020-09-24,Standard,4963.28
9478,Chen Silva,chen.silva.9478@retail.dev,Brazil,2021-05-07,Basic,7723.59
9479,Hiro Ali,hiro.ali.9479@shopmail.test,Brazil,2023-02-08,Basic,3599.23
9480,Rosa Nguyen,rosa.nguyen.9480@example.com,Brazil,2020-04-08,Basic,4116.04
9481,Rosa Lopez,rosa.lopez.9481@example.com,France,2026-08-08,Basic,5490.02
9482,Arjun Mensah,arjun.mensah.9482@example.com,Singapore,2024-06-21,Standard,9765.15
9483,James Patel,james.patel.9483@shopmail.test,Singapore,2024-06-30,Standard,487.41
9484,Liam Nguyen,liam.nguyen.9484@retail.dev,Japan,2022-05-01,Basic,7683.57
9485,Maya Garcia,maya.garcia.9485@retail.dev,Australia,2025-04-25,Standard,9063.48
9486,Viktor Ivanov,viktor.ivanov.9486@retail.dev,Brazil,2022-06-24,Standard,914.18
9487,Lucia Kim,lucia.kim.9487@retail.dev,Japan,2024-04-22,Premium,7721.46
9488,Keiko Mensah,keiko.mensah.9488@example.com,Australia,2022-06-19,Standard,8074.64
9489,Viktor Novak,viktor.novak.9489@shopmail.test,Japan,2025-03-08,Standard,3618.66
9490,Hassan Anderson,hassan.anderson.9490@retail.dev,Canada,2020-05-30,Standard,5393.98
9491,Jia Ali,jia.ali.9491@shopmail.test,United Kingdom,2021-11-01,Standard,10239.12
9492,Imani Ivanov,imani.ivanov.9492@retail.dev,United States,2021-09-23,Basic,8434.95
9493,Lucia Mensah,lucia.mensah.9493@shopmail.test,Japan,2026-06-06,Basic,1614.60
9494,Wei Lopez,wei.lopez.9494@retail.dev,Brazil,2022-08-09,Standard,10588.33
9495,Jia Ivanov,jia.ivanov.9495@shopmail.test,India,2022-08-02,Standard,4643.56
9496,Keiko Muller,keiko.muller.9496@shopmail.test,Australia,2024-07-08,Premium,9490.12
9497,Hiro Anderson,hiro.anderson.9497@example.com,Germany,2022-11-17,Premium,6717.71
9498,Zane Williams,zane.williams.9498@example.com,United Kingdom,2022-08-05,Basic,6895.15
9499,Jia Brown,jia.brown.9499@example.com,Brazil,2021-09-03,Basic,7756.90
9500,Noah Anderson,noah.anderson.9500@retail.dev,Japan,2025-07-29,Standard,7705.23
9501,Rosa Chen,rosa.chen.9501@shopmail.test,France,2024-07-04,Premium,6209.96
9502,Quinn Garcia,quinn.garcia.9502@example.com,Japan,2024-08-23,Standard,505.60
9503,Omar Anderson,omar.anderson.9503@example.com,India,2021-06-21,Basic,6742.85
9504,Wei Nguyen,wei.nguyen.9504@example.com,France,2023-05-17,Standard,4670.53
9505,Hassan Garcia,hassan.garcia.9505@shopmail.test,France,2025-04-21,Standard,4328.86
9506,James Nguyen,james.nguyen.9506@example.com,Canada,2024-07-10,Standard,5986.98
9507,Yara Khan,yara.khan.9507@retail.dev,India,2026-02-08,Basic,2433.23
9508,Diego Williams,diego.williams.9508@example.com,India,2022-12-21,Premium,6945.50
9509,Sofia Lopez,sofia.lopez.9509@retail.dev,Japan,2020-11-14,Standard,9200.42
9510,Hiro Mensah,hiro.mensah.9510@shopmail.test,Germany,2024-12-25,Basic,3575.47
9511,Uma Brown,uma.brown.9511@example.com,Brazil,2026-05-15,Standard,3160.82
9512,Aarav Brown,aarav.brown.9512@retail.dev,India,2023-05-13,Standard,600.73
9513,James Sato,james.sato.9513@retail.dev,France,2024-05-09,Standard,9682.59
9514,Jia Novak,jia.novak.9514@retail.dev,United Kingdom,2022-10-25,Basic,1351.52
9515,Quinn Ivanov,quinn.ivanov.9515@retail.dev,United Kingdom,2024-08-05,Standard,5894.15
9516,Rosa Patel,rosa.patel.9516@retail.dev,Brazil,2020-04-27,Basic,11013.47
9517,Keiko Lopez,keiko.lopez.9517@example.com,India,2024-04-18,Basic,581.62
9518,Aarav Anderson,aarav.anderson.9518@example.com,Germany,2022-10-20,Standard,5175.34
9519,Liam Nguyen,liam.nguyen.9519@example.com,United States,2021-07-13,Standard,3851.91
9520,Noah Costa,noah.costa.9520@shopmail.test,France,2021-02-19,Standard,3137.60
9521,Chen Kim,chen.kim.9521@example.com,Australia,2021-08-28,Basic,10734.15
9522,Fatima Anderson,fatima.anderson.9522@example.com,Singapore,2026-06-21,Standard,979.66
9523,Tara Lopez,tara.lopez.9523@retail.dev,Australia,2023-09-27,Standard,1932.34
9524,Anika Mensah,anika.mensah.9524@retail.dev,Germany,2024-05-14,Standard,8604.26
9525,James Costa,james.costa.9525@example.com,France,2023-08-18,Premium,7203.30
9526,Arjun Williams,arjun.williams.9526@example.com,United States,2025-05-28,Standard,11673.48
9527,Zane Khan,zane.khan.9527@example.com,France,2021-02-10,Standard,2377.89
9528,Anika Costa,anika.costa.9528@shopmail.test,Japan,2022-08-26,Basic,6134.64
9529,Maya Novak,maya.novak.9529@retail.dev,United States,2023-04-02,Standard,7206.57
9530,James Novak,james.novak.9530@retail.dev,Singapore,2026-06-14,Basic,6577.34
9531,Arjun Muller,arjun.muller.9531@retail.dev,United States,2025-04-18,Premium,3112.80
9532,Keiko Kim,keiko.kim.9532@shopmail.test,Japan,2021-03-04,Standard,5081.01
9533,Zane Novak,zane.novak.9533@retail.dev,Japan,2020-08-09,Basic,4635.31
9534,Jia Williams,jia.williams.9534@retail.dev,United Kingdom,2023-07-10,Standard,332.53
9535,Arjun Mensah,arjun.mensah.9535@example.com,Japan,2025-06-05,Standard,470.26
9536,Rosa Okafor,rosa.okafor.9536@retail.dev,Singapore,2023-09-25,Premium,8319.09
9537,Hassan Khan,hassan.khan.9537@retail.dev,Brazil,2022-10-27,Basic,11878.77
9538,Omar Patel,omar.patel.9538@retail.dev,Brazil,2022-07-30,Standard,10827.28
9539,Diego Muller,diego.muller.9539@example.com,Canada,2025-10-05,Premium,390.57
9540,Priya Khan,priya.khan.9540@retail.dev,France,2021-11-06,Standard,10813.28
9541,Rosa Novak,rosa.novak.9541@example.com,Canada,2023-07-03,Standard,1499.95
9542,Sofia Silva,sofia.silva.9542@example.com,Japan,2022-04-20,Basic,11182.96
9543,Imani Singh,imani.singh.9543@retail.dev,Germany,2026-02-16,Standard,8363.33
9544,Zane Muller,zane.muller.9544@retail.dev,Germany,2022-11-29,Standard,6298.45
9545,Grace Nguyen,grace.nguyen.9545@retail.dev,Canada,2021-01-16,Premium,3434.59
9546,Imani Mensah,imani.mensah.9546@example.com,Australia,2023-07-13,Basic,5848.89
9547,Amelia Sato,amelia.sato.9547@shopmail.test,Germany,2021-03-22,Standard,5051.59
9548,Viktor Garcia,viktor.garcia.9548@retail.dev,Singapore,2021-12-28,Standard,1816.89
9549,Jia Ali,jia.ali.9549@retail.dev,France,2021-09-22,Standard,5697.58
9550,Anika Mensah,anika.mensah.9550@retail.dev,Germany,2023-01-26,Premium,3946.94
9551,Quinn Patel,quinn.patel.9551@retail.dev,Canada,2020-06-09,Basic,10920.71
9552,Anika Mensah,anika.mensah.9552@shopmail.test,Singapore,2021-10-01,Standard,3270.49
9553,Uma Okafor,uma.okafor.9553@example.com,France,2023-09-12,Standard,2745.45
9554,Diego Anderson,diego.anderson.9554@example.com,Japan,2021-02-25,Basic,10004.27
9555,Zane Ali,zane.ali.9555@example.com,Singapore,2021-06-23,Premium,6065.02
9556,Arjun Silva,arjun.silva.9556@shopmail.test,United States,2020-11-05,Basic,2502.36
9557,Fatima Brown,fatima.brown.9557@shopmail.test,United States,2020-06-19,Standard,11975.48
9558,Keiko Nguyen,keiko.nguyen.9558@retail.dev,Brazil,2023-05-08,Standard,4936.70
9559,Diego Sato,diego.sato.9559@example.com,Singapore,2023-10-04,Premium,6892.41
9560,Jia Silva,jia.silva.9560@shopmail.test,Brazil,2026-01-08,Basic,4014.54
9561,Noah Muller,noah.muller.9561@retail.dev,India,2021-05-04,Standard,10502.07
9562,Keiko Williams,keiko.williams.9562@shopmail.test,Japan,2024-10-07,Standard,8764.45
9563,Yara Mensah,yara.mensah.9563@shopmail.test,United Kingdom,2024-09-13,Basic,4354.95
9564,Arjun Williams,arjun.williams.9564@retail.dev,Australia,2020-08-14,Basic,11214.87
9565,Yara Brown,yara.brown.9565@retail.dev,Singapore,2021-10-08,Basic,1287.27
9566,Sofia Brown,sofia.brown.9566@shopmail.test,France,2022-05-18,Premium,10283.18
9567,Tara Lopez,tara.lopez.9567@retail.dev,Brazil,2025-04-17,Basic,8226.49
9568,Sofia Kim,sofia.kim.9568@example.com,Singapore,2022-05-14,Standard,1383.48
9569,Arjun Chen,arjun.chen.9569@example.com,Japan,2025-10-29,Premium,3258.57
9570,Omar Brown,omar.brown.9570@shopmail.test,Australia,2022-01-11,Standard,7449.52
9571,Grace Singh,grace.singh.9571@shopmail.test,Japan,2020-06-25,Basic,3899.34
9572,Liam Brown,liam.brown.9572@retail.dev,United States,2025-10-07,Basic,11407.23
9573,Imani Ali,imani.ali.9573@retail.dev,Brazil,2020-07-25,Standard,6964.81
9574,Liam Williams,liam.williams.9574@shopmail.test,Singapore,2026-01-20,Basic,6952.73
9575,Omar Chen,omar.chen.9575@shopmail.test,United States,2023-06-01,Basic,10142.21
9576,Arjun Lopez,arjun.lopez.9576@retail.dev,Australia,2026-07-02,Basic,443.45
9577,Noah Costa,noah.costa.9577@example.com,Singapore,2020-07-17,Standard,7734.06
9578,Liam Ali,liam.ali.9578@shopmail.test,Brazil,2020-03-16,Standard,35.67
9579,Keiko Khan,keiko.khan.9579@example.com,Australia,2020-07-28,Standard,10753.25
9580,Elena Anderson,elena.anderson.9580@example.com,France,2021-10-28,Basic,2664.41
9581,Tara Mensah,tara.mensah.9581@shopmail.test,Singapore,2025-01-12,Premium,1714.55
9582,Arjun Singh,arjun.singh.9582@example.com,Brazil,2022-08-16,Standard,1236.00
9583,Maya Kim,maya.kim.9583@example.com,India,2022-07-07,Premium,2663.73
9584,Quinn Singh,quinn.singh.9584@shopmail.test,United States,2025-10-31,Basic,6123.48
9585,Grace Garcia,grace.garcia.9585@example.com,United Kingdom,2024-09-26,Standard,3321.33
9586,Arjun Kim,arjun.kim.9586@shopmail.test,Canada,2020-12-27,Basic,9159.86
9587,Omar Sato,omar.sato.9587@shopmail.test,United States,2023-06-23,Standard,6183.41
9588,Arjun Costa,arjun.costa.9588@retail.dev,United Kingdom,2024-07-27,Standard,244.10
9589,Imani Chen,imani.chen.9589@example.com,Brazil,2021-01-18,Basic,5949.72
9590,Keiko Ali,keiko.ali.9590@retail.dev,Australia,2025-06-28,Standard,11286.15
9591,Zane Kim,zane.kim.9591@example.com,Brazil,2023-05-28,Standard,9468.80
9592,Diego Okafor,diego.okafor.9592@retail.dev,India,2021-12-05,Premium,500.70
9593,Zane Costa,zane.costa.9593@example.com,India,2020-02-07,Standard,11093.88
9594,Amelia Mensah,amelia.mensah.9594@retail.dev,Germany,2026-03-26,Standard,5111.32
9595,Wei Costa,wei.costa.9595@shopmail.test,United States,2022-03-30,Standard,3304.89
9596,Amelia Nguyen,amelia.nguyen.9596@example.com,Japan,2020-03-05,Standard,1017.95
9597,James Chen,james.chen.9597@shopmail.test,Canada,2024-10-06,Standard,5277.60
9598,Imani Novak,imani.novak.9598@example.com,Germany,2025-08-16,Basic,2434.91
9599,Sofia Silva,sofia.silva.9599@example.com,France,2020-05-22,Standard,6286.98
9600,Liam Singh,liam.singh.9600@retail.dev,Singapore,2022-02-19,Premium,6998.47
9601,Aarav Williams,aarav.williams.9601@example.com,Canada,2025-04-17,Basic,9758.69
9602,Imani Kim,imani.kim.9602@retail.dev,India,2025-10-11,Standard,11559.57
9603,Keiko Muller,keiko.muller.9603@retail.dev,Germany,2021-06-14,Standard,4694.44
9604,Amelia Costa,amelia.costa.9604@example.com,Japan,2024-05-08,Standard,4022.85
9605,Tara Williams,tara.williams.9605@retail.dev,Germany,2021-12-20,Standard,9291.69
9606,Noah Ivanov,noah.ivanov.9606@shopmail.test,Brazil,2026-05-28,Standard,7530.49
9607,Priya Okafor,priya.okafor.9607@example.com,Canada,2022-05-22,Basic,3008.27
9608,Viktor Ali,viktor.ali.9608@example.com,Germany,2021-11-05,Standard,7799.88
9609,Arjun Costa,arjun.costa.9609@shopmail.test,Singapore,2020-01-22,Basic,886.23
9610,Omar Costa,omar.costa.9610@example.com,Brazil,2024-07-13,Premium,4769.08
9611,Fatima Singh,fatima.singh.9611@shopmail.test,Singapore,2020-04-20,Basic,8663.86
9612,Hiro Williams,hiro.williams.9612@shopmail.test,Singapore,2021-11-18,Standard,10879.74
9613,Anika Khan,anika.khan.9613@retail.dev,United Kingdom,2023-02-06,Basic,7552.87
9614,Arjun Brown,arjun.brown.9614@shopmail.test,India,2026-04-14,Basic,2245.22
9615,Amelia Novak,amelia.novak.9615@shopmail.test,Canada,2024-12-17,Standard,5244.01
9616,Aisha Costa,aisha.costa.9616@retail.dev,France,2021-08-25,Standard,3481.25
9617,Hassan Lopez,hassan.lopez.9617@example.com,Canada,2021-09-26,Standard,10453.55
9618,Imani Costa,imani.costa.9618@shopmail.test,India,2022-10-05,Premium,8636.97
9619,Grace Mensah,grace.mensah.9619@example.com,Australia,2024-05-30,Basic,11662.29
9620,Sofia Khan,sofia.khan.9620@shopmail.test,Japan,2020-10-20,Basic,7410.30
9621,Diego Mensah,diego.mensah.9621@retail.dev,Singapore,2023-03-08,Standard,4573.53
9622,Tara Muller,tara.muller.9622@example.com,Canada,2025-07-12,Standard,5791.11
9623,Sofia Nguyen,sofia.nguyen.9623@retail.dev,United Kingdom,2022-11-18,Standard,6131.68
9624,Chen Chen,chen.chen.9624@example.com,India,2025-07-06,Standard,9250.34
9625,Sofia Williams,sofia.williams.9625@shopmail.test,Singapore,2021-08-15,Standard,1289.68
9626,Noah Chen,noah.chen.9626@shopmail.test,Japan,2025-03-05,Standard,6817.70
9627,Amelia Ali,amelia.ali.9627@retail.dev,Japan,2023-06-30,Standard,470.28
9628,Anika Nguyen,anika.nguyen.9628@retail.dev,United States,2025-02-19,Standard,11565.88
9629,Grace Patel,grace.patel.9629@example.com,India,2026-04-08,Standard,10003.26
9630,Hassan Williams,hassan.williams.9630@example.com,United States,2024-05-27,Standard,3211.84
9631,Imani Nguyen,imani.nguyen.9631@shopmail.test,Australia,2023-02-04,Standard,11307.81
9632,Yara Lopez,yara.lopez.9632@retail.dev,France,2022-03-06,Standard,9085.59
9633,Wei Brown,wei.brown.9633@shopmail.test,United Kingdom,2020-10-11,Basic,331.73
9634,Hiro Silva,hiro.silva.9634@shopmail.test,Canada,2025-08-19,Premium,5814.92
9635,Jia Okafor,jia.okafor.9635@shopmail.test,India,2020-02-01,Premium,11350.97
9636,Yara Anderson,yara.anderson.9636@example.com,Brazil,2021-09-10,Standard,2337.42
9637,Aarav Lopez,aarav.lopez.9637@example.com,Germany,2024-02-29,Basic,8091.45
9638,Tara Okafor,tara.okafor.9638@retail.dev,India,2026-01-21,Standard,11344.28
9639,Yara Khan,yara.khan.9639@retail.dev,United Kingdom,2023-09-04,Standard,2729.66
9640,Chen Ali,chen.ali.9640@retail.dev,France,2020-03-19,Standard,6550.76
9641,Elena Chen,elena.chen.9641@example.com,Canada,2023-12-21,Basic,11140.38
9642,Uma Patel,uma.patel.9642@shopmail.test,United Kingdom,2023-10-22,Basic,709.64
9643,Rosa Anderson,rosa.anderson.9643@example.com,Australia,2024-06-22,Standard,9175.26
9644,Lucia Williams,lucia.williams.9644@retail.dev,Canada,2020-06-30,Standard,6835.99
9645,Diego Ali,diego.ali.9645@retail.dev,Japan,2025-08-25,Premium,11933.67
9646,Elena Nguyen,elena.nguyen.9646@example.com,India,2021-09-27,Basic,9922.80
9647,Anika Kim,anika.kim.9647@retail.dev,United States,2024-08-13,Standard,4701.00
9648,Chen Chen,chen.chen.9648@shopmail.test,Singapore,2022-01-15,Standard,10229.87
9649,Liam Novak,liam.novak.9649@retail.dev,Singapore,2024-06-01,Basic,10665.87
9650,Priya Kim,priya.kim.9650@shopmail.test,Canada,2025-05-29,Standard,11457.25
9651,Priya Chen,priya.chen.9651@retail.dev,United Kingdom,2022-02-09,Basic,9642.90
9652,Hassan Muller,hassan.muller.9652@shopmail.test,Canada,2026-04-03,Standard,11383.71
9653,Grace Ali,grace.ali.9653@example.com,United States,2022-03-16,Standard,8418.60
9654,Elena Costa,elena.costa.9654@retail.dev,Canada,2021-08-03,Standard,11315.58
9655,Tara Brown,tara.brown.9655@example.com,United Kingdom,2024-06-08,Standard,11615.43
9656,Sofia Brown,sofia.brown.9656@shopmail.test,United States,2023-12-05,Standard,7750.77
9657,Noah Lopez,noah.lopez.9657@retail.dev,Brazil,2023-06-12,Standard,4456.48
9658,Viktor Ivanov,viktor.ivanov.9658@example.com,Brazil,2024-09-06,Premium,9281.60
9659,Yara Chen,yara.chen.9659@example.com,Canada,2021-10-07,Standard,7482.44
9660,Rosa Okafor,rosa.okafor.9660@retail.dev,United States,2022-07-20,Premium,3526.06
9661,Arjun Mensah,arjun.mensah.9661@shopmail.test,Germany,2025-08-01,Basic,8405.90
9662,Aarav Kim,aarav.kim.9662@retail.dev,Canada,2026-08-03,Basic,5142.45
9663,Imani Singh,imani.singh.9663@shopmail.test,France,2021-09-16,Premium,3523.56
9664,Hassan Chen,hassan.chen.9664@shopmail.test,Germany,2026-07-11,Basic,6564.48
9665,Tara Chen,tara.chen.9665@example.com,Japan,2024-10-01,Standard,9926.08
9666,Aarav Lopez,aarav.lopez.9666@shopmail.test,Brazil,2025-11-10,Standard,9907.81
9667,Wei Ali,wei.ali.9667@retail.dev,Brazil,2023-12-19,Basic,11369.12
9668,Diego Chen,diego.chen.9668@shopmail.test,Singapore,2020-09-25,Standard,5104.04
9669,Zane Novak,zane.novak.9669@shopmail.test,France,2025-04-04,Standard,6364.75
9670,Amelia Khan,amelia.khan.9670@example.com,India,2020-03-28,Premium,9482.09
9671,Tara Okafor,tara.okafor.9671@shopmail.test,Singapore,2024-07-07,Standard,10743.57
9672,Grace Novak,grace.novak.9672@retail.dev,Brazil,2025-08-07,Standard,9260.26
9673,Imani Williams,imani.williams.9673@retail.dev,France,2025-03-14,Standard,4616.01
9674,Grace Okafor,grace.okafor.9674@retail.dev,Brazil,2021-03-23,Standard,10097.82
9675,Hiro Muller,hiro.muller.9675@retail.dev,Singapore,2022-12-26,Premium,5201.38
9676,Wei Novak,wei.novak.9676@example.com,United Kingdom,2024-12-12,Basic,10062.06
9677,Tara Okafor,tara.okafor.9677@shopmail.test,Canada,2023-07-18,Standard,2637.37
9678,Aisha Ivanov,aisha.ivanov.9678@example.com,France,2020-07-23,Standard,442.19
9679,Uma Nguyen,uma.nguyen.9679@shopmail.test,Brazil,2024-11-09,Standard,7457.18
9680,Chen Mensah,chen.mensah.9680@example.com,Germany,2025-08-27,Standard,9998.05
9681,Chen Nguyen,chen.nguyen.9681@example.com,United Kingdom,2024-04-02,Basic,11702.07
9682,Maya Ivanov,maya.ivanov.9682@retail.dev,Japan,2025-10-17,Standard,2341.69
9683,Zane Garcia,zane.garcia.9683@shopmail.test,Japan,2021-06-01,Basic,560.08
9684,Quinn Novak,quinn.novak.9684@shopmail.test,France,2025-01-12,Standard,5517.52
9685,Maya Garcia,maya.garcia.9685@example.com,United Kingdom,2023-05-20,Basic,5637.49
9686,Chen Novak,chen.novak.9686@retail.dev,Canada,2026-02-02,Standard,8114.33
9687,Priya Singh,priya.singh.9687@shopmail.test,France,2023-04-13,Premium,9398.54
9688,Aarav Okafor,aarav.okafor.9688@retail.dev,France,2021-03-16,Standard,38.85
9689,Hiro Nguyen,hiro.nguyen.9689@example.com,Canada,2026-02-25,Standard,2422.51
9690,Hassan Singh,hassan.singh.9690@shopmail.test,Japan,2025-04-06,Standard,6122.76
9691,Viktor Brown,viktor.brown.9691@retail.dev,United States,2022-01-16,Standard,10351.09
9692,Aarav Lopez,aarav.lopez.9692@shopmail.test,Brazil,2023-11-20,Basic,7497.01
9693,Grace Kim,grace.kim.9693@example.com,Japan,2023-05-01,Standard,7671.46
9694,Priya Anderson,priya.anderson.9694@example.com,France,2022-05-13,Basic,11345.30
9695,Rosa Chen,rosa.chen.9695@shopmail.test,United States,2025-03-28,Basic,2096.40
9696,Fatima Ivanov,fatima.ivanov.9696@example.com,Japan,2024-09-07,Standard,5684.42
9697,Anika Okafor,anika.okafor.9697@shopmail.test,Brazil,2024-05-07,Premium,989.83
9698,Anika Silva,anika.silva.9698@shopmail.test,Japan,2022-08-21,Premium,4690.17
9699,Elena Lopez,elena.lopez.9699@retail.dev,United Kingdom,2024-02-03,Standard,6484.11
9700,James Ivanov,james.ivanov.9700@example.com,France,2024-01-06,Standard,8213.78
9701,Tara Ivanov,tara.ivanov.9701@example.com,Japan,2021-11-01,Standard,11518.81
9702,Imani Garcia,imani.garcia.9702@example.com,Australia,2020-04-22,Premium,2870.40
9703,Aarav Ali,aarav.ali.9703@shopmail.test,Brazil,2024-04-09,Basic,7237.32
9704,Lucia Khan,lucia.khan.9704@shopmail.test,France,2023-04-21,Standard,885.05
9705,Aarav Chen,aarav.chen.9705@example.com,Brazil,2021-08-18,Standard,5340.95
9706,Maya Costa,maya.costa.9706@example.com,Brazil,2022-04-30,Standard,3439.31
9707,Uma Singh,uma.singh.9707@retail.dev,France,2024-03-22,Standard,4641.50
9708,Chen Garcia,chen.garcia.9708@retail.dev,India,2022-06-30,Standard,11729.97
9709,Noah Singh,noah.singh.9709@retail.dev,Brazil,2020-02-10,Premium,8116.57
9710,Tara Lopez,tara.lopez.9710@example.com,France,2020-12-02,Premium,2351.96
9711,Hassan Williams,hassan.williams.9711@shopmail.test,Brazil,2020-01-19,Basic,5528.00
9712,Priya Patel,priya.patel.9712@retail.dev,Germany,2023-09-21,Standard,8759.57
9713,Viktor Williams,viktor.williams.9713@retail.dev,United States,2026-01-01,Standard,8162.36
9714,Fatima Brown,fatima.brown.9714@shopmail.test,India,2025-09-22,Premium,7993.21
9715,Noah Garcia,noah.garcia.9715@example.com,United Kingdom,2022-09-22,Premium,1570.90
9716,Zane Chen,zane.chen.9716@example.com,Brazil,2024-02-06,Standard,9267.75
9717,Elena Kim,elena.kim.9717@shopmail.test,Australia,2020-11-16,Basic,5276.19
9718,Viktor Ivanov,viktor.ivanov.9718@example.com,India,2025-07-05,Basic,2249.56
9719,Liam Lopez,liam.lopez.9719@retail.dev,Canada,2023-10-05,Basic,8401.18
9720,Anika Patel,anika.patel.9720@retail.dev,Singapore,2021-01-27,Basic,6814.51
9721,Omar Nguyen,omar.nguyen.9721@retail.dev,Canada,2021-10-15,Standard,7034.26
9722,Fatima Sato,fatima.sato.9722@example.com,Australia,2020-04-22,Basic,4814.60
9723,Maya Nguyen,maya.nguyen.9723@shopmail.test,France,2021-06-08,Premium,10511.46
9724,Quinn Sato,quinn.sato.9724@retail.dev,Japan,2026-01-22,Standard,6632.10
9725,Chen Singh,chen.singh.9725@example.com,India,2023-10-14,Standard,1447.91
9726,Tara Garcia,tara.garcia.9726@shopmail.test,France,2021-04-13,Basic,2066.27
9727,Rosa Patel,rosa.patel.9727@retail.dev,United States,2023-11-10,Premium,2119.19
9728,Lucia Ivanov,lucia.ivanov.9728@retail.dev,United States,2021-04-11,Basic,5436.30
9729,Liam Okafor,liam.okafor.9729@retail.dev,Canada,2021-03-30,Standard,2706.92
9730,Jia Khan,jia.khan.9730@example.com,Australia,2021-09-04,Basic,1880.87
9731,Jia Patel,jia.patel.9731@shopmail.test,Singapore,2022-07-03,Standard,6835.32
9732,Chen Brown,chen.brown.9732@shopmail.test,Singapore,2025-05-12,Premium,8739.71
9733,Chen Novak,chen.novak.9733@retail.dev,Singapore,2020-01-08,Standard,8508.10
9734,Zane Novak,zane.novak.9734@example.com,United Kingdom,2026-01-12,Basic,9713.49
9735,Rosa Mensah,rosa.mensah.9735@example.com,Brazil,2021-08-10,Basic,7801.89
9736,Aisha Nguyen,aisha.nguyen.9736@example.com,France,2024-10-31,Basic,4610.40
9737,Yara Okafor,yara.okafor.9737@example.com,Canada,2022-01-10,Basic,665.47
9738,Amelia Patel,amelia.patel.9738@retail.dev,Germany,2021-11-09,Standard,1192.87
9739,Aarav Chen,aarav.chen.9739@retail.dev,United Kingdom,2022-04-25,Basic,248.85
9740,Grace Muller,grace.muller.9740@shopmail.test,United Kingdom,2021-05-15,Basic,2872.36
9741,Tara Brown,tara.brown.9741@retail.dev,Japan,2022-10-12,Basic,8135.90
9742,Noah Nguyen,noah.nguyen.9742@example.com,Germany,2022-07-30,Premium,9868.96
9743,Maya Mensah,maya.mensah.9743@example.com,Japan,2021-08-07,Standard,6245.80
9744,Jia Mensah,jia.mensah.9744@retail.dev,United States,2020-10-25,Standard,11310.53
9745,Grace Silva,grace.silva.9745@retail.dev,United States,2022-08-09,Standard,8055.20
9746,Rosa Ali,rosa.ali.9746@retail.dev,Brazil,2020-01-29,Premium,11263.47
9747,Noah Ivanov,noah.ivanov.9747@shopmail.test,United States,2023-02-27,Standard,5540.34
9748,Noah Mensah,noah.mensah.9748@example.com,Singapore,2025-12-10,Basic,1811.43
9749,Noah Garcia,noah.garcia.9749@shopmail.test,United Kingdom,2022-02-09,Basic,3888.68
9750,Elena Kim,elena.kim.9750@retail.dev,Australia,2025-03-01,Standard,3152.32
9751,Tara Kim,tara.kim.9751@example.com,Germany,2026-07-13,Standard,3392.33
9752,Diego Sato,diego.sato.9752@retail.dev,Japan,2022-11-12,Premium,4491.73
9753,Zane Singh,zane.singh.9753@retail.dev,Singapore,2023-09-19,Basic,136.34
9754,Arjun Kim,arjun.kim.9754@retail.dev,Brazil,2024-12-22,Premium,41.70
9755,Fatima Chen,fatima.chen.9755@retail.dev,Singapore,2023-08-24,Standard,4091.10
9756,James Costa,james.costa.9756@shopmail.test,India,2024-06-13,Standard,6720.40
9757,Uma Brown,uma.brown.9757@shopmail.test,Australia,2022-10-24,Standard,5963.44
9758,Elena Williams,elena.williams.9758@shopmail.test,Japan,2026-02-18,Premium,5413.11
9759,Elena Singh,elena.singh.9759@example.com,United Kingdom,2022-02-16,Premium,5672.09
9760,Aarav Kim,aarav.kim.9760@retail.dev,Singapore,2024-10-15,Standard,11694.65
9761,Viktor Okafor,viktor.okafor.9761@retail.dev,Germany,2022-11-12,Basic,3437.41
9762,Amelia Ivanov,amelia.ivanov.9762@retail.dev,Australia,2026-04-11,Standard,9682.81
9763,Priya Garcia,priya.garcia.9763@retail.dev,United States,2024-05-09,Standard,1400.62
9764,Keiko Patel,keiko.patel.9764@retail.dev,France,2023-01-14,Basic,4110.78
9765,Grace Ali,grace.ali.9765@retail.dev,France,2022-01-10,Standard,324.10
9766,Amelia Novak,amelia.novak.9766@retail.dev,Canada,2020-02-26,Premium,7847.35
9767,Chen Brown,chen.brown.9767@shopmail.test,United Kingdom,2021-10-23,Standard,4924.09
9768,Noah Khan,noah.khan.9768@retail.dev,Canada,2020-09-12,Standard,10964.55
9769,Uma Okafor,uma.okafor.9769@retail.dev,Brazil,2022-03-25,Standard,318.03
9770,Hiro Khan,hiro.khan.9770@example.com,India,2023-10-25,Standard,6780.07
9771,Rosa Sato,rosa.sato.9771@retail.dev,Australia,2022-05-03,Standard,7239.55
9772,Yara Kim,yara.kim.9772@retail.dev,France,2022-08-23,Standard,853.44
9773,Rosa Novak,rosa.novak.9773@example.com,India,2024-03-06,Basic,2376.58
9774,Fatima Ivanov,fatima.ivanov.9774@shopmail.test,Singapore,2026-05-11,Standard,4287.72
9775,Keiko Chen,keiko.chen.9775@shopmail.test,Brazil,2025-10-16,Basic,7891.84
9776,Keiko Nguyen,keiko.nguyen.9776@shopmail.test,United Kingdom,2020-08-07,Standard,11089.69
9777,Liam Williams,liam.williams.9777@example.com,France,2026-02-25,Standard,1722.06
9778,Rosa Novak,rosa.novak.9778@shopmail.test,Australia,2024-10-08,Standard,3400.26
9779,Rosa Khan,rosa.khan.9779@example.com,Canada,2021-10-26,Standard,246.48
9780,Keiko Ivanov,keiko.ivanov.9780@shopmail.test,Canada,2024-07-02,Standard,4467.34
9781,Aarav Ivanov,aarav.ivanov.9781@retail.dev,Canada,2024-05-28,Standard,7138.63
9782,Arjun Brown,arjun.brown.9782@retail.dev,Germany,2022-06-06,Standard,2286.16
9783,Aarav Chen,aarav.chen.9783@retail.dev,Brazil,2020-05-03,Premium,7780.54
9784,Chen Kim,chen.kim.9784@retail.dev,United States,2022-02-16,Standard,8729.94
9785,Yara Nguyen,yara.nguyen.9785@shopmail.test,Australia,2020-05-26,Standard,9728.36
9786,Jia Nguyen,jia.nguyen.9786@shopmail.test,United States,2022-04-11,Standard,8012.60
9787,Amelia Chen,amelia.chen.9787@example.com,France,2024-10-25,Premium,1318.69
9788,Priya Sato,priya.sato.9788@retail.dev,United States,2020-08-30,Standard,7121.73
9789,Tara Singh,tara.singh.9789@shopmail.test,Brazil,2020-11-04,Standard,3742.25
9790,Yara Okafor,yara.okafor.9790@example.com,Japan,2022-09-15,Standard,2845.77
9791,Tara Williams,tara.williams.9791@example.com,France,2023-05-21,Standard,9981.45
9792,Elena Nguyen,elena.nguyen.9792@shopmail.test,Germany,2021-11-06,Basic,3770.25
9793,Uma Muller,uma.muller.9793@retail.dev,United States,2024-09-26,Standard,10184.26
9794,Zane Nguyen,zane.nguyen.9794@retail.dev,United Kingdom,2022-07-02,Standard,10460.78
9795,Keiko Ali,keiko.ali.9795@retail.dev,India,2021-07-02,Basic,1289.75
9796,Zane Chen,zane.chen.9796@retail.dev,Australia,2026-06-08,Premium,352.55
9797,Amelia Anderson,amelia.anderson.9797@shopmail.test,Japan,2021-09-27,Standard,7334.93
9798,Amelia Sato,amelia.sato.9798@shopmail.test,United States,2025-02-26,Basic,7511.55
9799,Quinn Brown,quinn.brown.9799@example.com,United States,2024-03-24,Premium,11723.81
9800,Maya Sato,maya.sato.9800@shopmail.test,France,2025-02-21,Standard,10957.96
9801,Zane Williams,zane.williams.9801@shopmail.test,France,2025-11-27,Standard,3209.36
9802,Tara Sato,tara.sato.9802@shopmail.test,France,2023-08-23,Standard,7335.64
9803,Uma Khan,uma.khan.9803@example.com,United States,2025-05-07,Standard,2654.85
9804,Elena Anderson,elena.anderson.9804@shopmail.test,India,2023-01-20,Standard,4589.20
9805,Elena Costa,elena.costa.9805@example.com,United Kingdom,2021-12-24,Standard,8944.88
9806,Yara Silva,yara.silva.9806@retail.dev,Canada,2025-11-25,Basic,9649.97
9807,Aarav Anderson,aarav.anderson.9807@example.com,United States,2021-03-20,Premium,7062.41
9808,Keiko Williams,keiko.williams.9808@shopmail.test,United Kingdom,2021-02-22,Standard,8812.06
9809,Grace Lopez,grace.lopez.9809@example.com,Brazil,2023-11-26,Standard,5025.81
9810,Aisha Okafor,aisha.okafor.9810@example.com,Brazil,2020-06-01,Standard,9212.07
9811,Diego Mensah,diego.mensah.9811@example.com,Australia,2024-02-13,Premium,2851.19
9812,Hiro Sato,hiro.sato.9812@retail.dev,Japan,2024-10-19,Basic,1534.10
9813,Wei Costa,wei.costa.9813@example.com,United States,2025-02-19,Basic,4869.39
9814,Noah Okafor,noah.okafor.9814@retail.dev,United States,2023-06-10,Basic,10826.38
9815,Maya Garcia,maya.garcia.9815@shopmail.test,Japan,2021-09-23,Standard,7287.55
9816,Anika Singh,anika.singh.9816@shopmail.test,Singapore,2021-02-18,Standard,6540.22
9817,Uma Costa,uma.costa.9817@retail.dev,France,2020-08-20,Premium,11444.81
9818,Hassan Ivanov,hassan.ivanov.9818@shopmail.test,Canada,2020-02-01,Standard,4654.93
9819,Priya Sato,priya.sato.9819@retail.dev,Brazil,2023-07-09,Basic,8938.23
9820,Zane Mensah,zane.mensah.9820@example.com,India,2024-01-16,Standard,10970.57
9821,Elena Costa,elena.costa.9821@retail.dev,Australia,2020-03-11,Premium,1005.77
9822,Arjun Nguyen,arjun.nguyen.9822@example.com,Australia,2020-04-17,Basic,328.63
9823,Aarav Okafor,aarav.okafor.9823@shopmail.test,India,2024-10-29,Standard,8625.76
9824,Aarav Kim,aarav.kim.9824@example.com,United States,2021-08-28,Basic,5521.68
9825,Maya Costa,maya.costa.9825@retail.dev,India,2022-06-30,Standard,2269.47
9826,Grace Garcia,grace.garcia.9826@retail.dev,Japan,2026-02-20,Standard,5572.10
9827,Keiko Khan,keiko.khan.9827@shopmail.test,India,2023-03-28,Premium,8590.01
9828,Diego Patel,diego.patel.9828@retail.dev,Germany,2025-02-14,Standard,5928.95
9829,Imani Garcia,imani.garcia.9829@shopmail.test,Japan,2025-08-14,Standard,3067.34
9830,Yara Ali,yara.ali.9830@retail.dev,Australia,2024-01-13,Standard,10406.99
9831,Yara Nguyen,yara.nguyen.9831@shopmail.test,Australia,2023-08-07,Standard,10422.31
9832,Omar Novak,omar.novak.9832@example.com,Canada,2026-05-25,Standard,3796.21
9833,Elena Ivanov,elena.ivanov.9833@example.com,Canada,2020-08-09,Standard,6582.55
9834,Elena Anderson,elena.anderson.9834@shopmail.test,United States,2026-01-23,Standard,6711.85
9835,James Sato,james.sato.9835@retail.dev,India,2021-05-01,Basic,3598.47
9836,Hiro Patel,hiro.patel.9836@example.com,Germany,2026-05-14,Basic,4595.89
9837,Sofia Okafor,sofia.okafor.9837@example.com,United Kingdom,2023-09-21,Standard,6898.34
9838,Hassan Singh,hassan.singh.9838@shopmail.test,Germany,2020-03-09,Standard,36.97
9839,Maya Brown,maya.brown.9839@example.com,Australia,2025-11-02,Standard,3276.81
9840,Wei Nguyen,wei.nguyen.9840@shopmail.test,Brazil,2024-05-12,Standard,5804.66
9841,James Williams,james.williams.9841@shopmail.test,Japan,2020-09-09,Standard,4265.33
9842,Elena Brown,elena.brown.9842@example.com,Canada,2020-08-10,Standard,9893.73
9843,Grace Anderson,grace.anderson.9843@retail.dev,Brazil,2022-01-16,Standard,4369.38
9844,Priya Patel,priya.patel.9844@retail.dev,Australia,2021-05-24,Basic,2149.49
9845,Aarav Muller,aarav.muller.9845@retail.dev,Germany,2022-04-04,Standard,2954.53
9846,Grace Patel,grace.patel.9846@shopmail.test,Australia,2021-09-25,Basic,1500.59
9847,Grace Ali,grace.ali.9847@retail.dev,Canada,2025-10-29,Premium,7530.64
9848,Imani Anderson,imani.anderson.9848@retail.dev,Singapore,2024-06-04,Standard,10883.64
9849,Diego Anderson,diego.anderson.9849@example.com,Canada,2024-09-28,Standard,5258.34
9850,Noah Kim,noah.kim.9850@retail.dev,Australia,2024-08-27,Standard,670.02
9851,Keiko Mensah,keiko.mensah.9851@shopmail.test,Australia,2022-02-17,Basic,6910.52
9852,Hassan Costa,hassan.costa.9852@example.com,Germany,2022-02-25,Standard,2254.39
9853,Amelia Novak,amelia.novak.9853@example.com,United States,2022-05-16,Premium,1887.45
9854,Lucia Kim,lucia.kim.9854@example.com,Japan,2021-04-26,Standard,11982.17
9855,Keiko Okafor,keiko.okafor.9855@retail.dev,United States,2022-02-22,Basic,11602.80
9856,Wei Patel,wei.patel.9856@retail.dev,Singapore,2025-01-01,Basic,9395.45
9857,Tara Williams,tara.williams.9857@retail.dev,Brazil,2021-01-20,Basic,8303.46
9858,Yara Anderson,yara.anderson.9858@retail.dev,Japan,2024-09-01,Basic,11298.84
9859,Grace Khan,grace.khan.9859@example.com,Singapore,2022-03-14,Basic,5216.66
9860,Lucia Khan,lucia.khan.9860@example.com,Brazil,2022-07-11,Basic,815.67
9861,Arjun Costa,arjun.costa.9861@example.com,Australia,2020-07-01,Premium,10955.09
9862,Grace Khan,grace.khan.9862@retail.dev,Japan,2026-09-06,Standard,4534.82
9863,Noah Williams,noah.williams.9863@shopmail.test,Germany,2022-12-22,Standard,2961.52
9864,Maya Brown,maya.brown.9864@shopmail.test,Japan,2022-05-29,Basic,2155.78
9865,Aarav Garcia,aarav.garcia.9865@shopmail.test,Japan,2023-10-09,Basic,8002.18
9866,Grace Ali,grace.ali.9866@example.com,India,2024-08-19,Standard,237.11
9867,Uma Muller,uma.muller.9867@retail.dev,Singapore,2020-05-24,Standard,1362.03
9868,Arjun Lopez,arjun.lopez.9868@example.com,United Kingdom,2026-01-04,Basic,10348.52
9869,Keiko Muller,keiko.muller.9869@shopmail.test,Australia,2025-09-09,Standard,8283.42
9870,Aisha Singh,aisha.singh.9870@retail.dev,Brazil,2021-01-24,Standard,1126.42
9871,Viktor Lopez,viktor.lopez.9871@shopmail.test,India,2021-01-10,Standard,4649.67
9872,Grace Costa,grace.costa.9872@retail.dev,United States,2022-07-17,Standard,5742.78
9873,Uma Sato,uma.sato.9873@example.com,India,2021-01-02,Premium,6027.74
9874,Omar Lopez,omar.lopez.9874@shopmail.test,Singapore,2023-02-02,Standard,2454.69
9875,Keiko Sato,keiko.sato.9875@shopmail.test,India,2025-11-24,Standard,11328.97
9876,Hiro Silva,hiro.silva.9876@shopmail.test,Brazil,2025-07-06,Standard,2597.19
9877,Sofia Ali,sofia.ali.9877@shopmail.test,India,2020-10-14,Premium,9318.70
9878,Hiro Ivanov,hiro.ivanov.9878@shopmail.test,Germany,2023-11-10,Standard,10734.12
9879,Zane Sato,zane.sato.9879@retail.dev,United Kingdom,2022-02-23,Basic,6571.45
9880,Noah Patel,noah.patel.9880@example.com,United States,2020-04-13,Basic,9810.02
9881,Chen Sato,chen.sato.9881@example.com,Brazil,2021-12-25,Premium,9486.88
9882,Jia Lopez,jia.lopez.9882@example.com,Australia,2020-04-25,Standard,4789.46
9883,Priya Ali,priya.ali.9883@shopmail.test,Canada,2024-02-26,Basic,5663.53
9884,Grace Kim,grace.kim.9884@retail.dev,Canada,2021-02-01,Premium,6047.68
9885,Chen Garcia,chen.garcia.9885@shopmail.test,Canada,2025-06-05,Basic,2125.60
9886,Sofia Silva,sofia.silva.9886@example.com,Canada,2020-11-14,Basic,7473.26
9887,Viktor Okafor,viktor.okafor.9887@retail.dev,United Kingdom,2026-03-31,Basic,10194.95
9888,Diego Ivanov,diego.ivanov.9888@shopmail.test,Japan,2025-05-19,Premium,864.37
9889,Grace Ali,grace.ali.9889@retail.dev,United Kingdom,2025-08-25,Standard,10810.95
9890,Omar Silva,omar.silva.9890@retail.dev,India,2024-04-21,Basic,8287.17
9891,Jia Novak,jia.novak.9891@shopmail.test,United States,2023-06-17,Premium,4221.07
9892,Maya Mensah,maya.mensah.9892@example.com,Singapore,2022-09-06,Basic,2551.81
9893,Yara Williams,yara.williams.9893@retail.dev,India,2025-05-06,Premium,10262.26
9894,Quinn Sato,quinn.sato.9894@retail.dev,India,2021-11-27,Basic,6570.94
9895,Keiko Patel,keiko.patel.9895@example.com,Canada,2023-04-11,Standard,7533.19
9896,Grace Costa,grace.costa.9896@shopmail.test,France,2024-05-15,Basic,9676.18
9897,Fatima Okafor,fatima.okafor.9897@retail.dev,United Kingdom,2022-11-20,Standard,10219.68
9898,Elena Kim,elena.kim.9898@shopmail.test,India,2020-12-06,Premium,11388.83
9899,Uma Nguyen,uma.nguyen.9899@example.com,Australia,2020-10-30,Basic,7509.70
9900,Wei Ali,wei.ali.9900@example.com,Germany,2023-12-26,Basic,6402.20
9901,James Chen,james.chen.9901@retail.dev,Japan,2025-11-27,Standard,421.29
9902,Chen Muller,chen.muller.9902@example.com,Germany,2021-08-29,Standard,4472.96
9903,Priya Ali,priya.ali.9903@retail.dev,Canada,2023-09-08,Basic,2092.56
9904,Maya Costa,maya.costa.9904@shopmail.test,France,2024-01-21,Standard,2528.17
9905,Lucia Kim,lucia.kim.9905@retail.dev,Germany,2020-08-17,Basic,9845.11
9906,Uma Nguyen,uma.nguyen.9906@example.com,United States,2023-02-13,Standard,10197.93
9907,Liam Kim,liam.kim.9907@example.com,Brazil,2023-04-13,Premium,2186.46
9908,Hiro Mensah,hiro.mensah.9908@shopmail.test,United Kingdom,2023-02-03,Basic,8175.42
9909,Zane Mensah,zane.mensah.9909@example.com,France,2022-08-07,Basic,2345.54
9910,Hassan Sato,hassan.sato.9910@retail.dev,United Kingdom,2025-09-10,Standard,4442.22
9911,Zane Singh,zane.singh.9911@shopmail.test,Australia,2026-04-26,Premium,4707.11
9912,Omar Garcia,omar.garcia.9912@shopmail.test,India,2024-12-01,Premium,6703.69
9913,Amelia Khan,amelia.khan.9913@example.com,Canada,2024-11-13,Premium,1386.90
9914,Zane Okafor,zane.okafor.9914@retail.dev,India,2021-10-17,Basic,2103.28
9915,Noah Costa,noah.costa.9915@shopmail.test,Australia,2023-09-16,Standard,1208.25
9916,Amelia Lopez,amelia.lopez.9916@example.com,Japan,2023-03-01,Basic,10548.38
9917,Priya Anderson,priya.anderson.9917@retail.dev,Australia,2023-09-27,Standard,150.52
9918,Rosa Muller,rosa.muller.9918@retail.dev,Singapore,2025-10-21,Basic,9660.21
9919,Fatima Nguyen,fatima.nguyen.9919@retail.dev,France,2020-03-18,Basic,10511.85
9920,Quinn Kim,quinn.kim.9920@shopmail.test,Singapore,2026-08-18,Premium,7562.58
9921,Lucia Ali,lucia.ali.9921@example.com,Germany,2024-10-10,Standard,6924.46
9922,Anika Kim,anika.kim.9922@retail.dev,Japan,2026-03-27,Basic,288.89
9923,Jia Williams,jia.williams.9923@retail.dev,Singapore,2020-11-09,Standard,10901.73
9924,Yara Kim,yara.kim.9924@shopmail.test,France,2024-09-25,Basic,831.40
9925,Keiko Patel,keiko.patel.9925@shopmail.test,Japan,2026-06-14,Standard,5176.22
9926,Lucia Brown,lucia.brown.9926@example.com,Germany,2021-04-29,Basic,6616.22
9927,Zane Chen,zane.chen.9927@shopmail.test,Singapore,2024-02-14,Premium,6202.70
9928,Grace Patel,grace.patel.9928@shopmail.test,United Kingdom,2020-09-27,Basic,4062.58
9929,Priya Singh,priya.singh.9929@retail.dev,Australia,2020-03-15,Standard,9427.15
9930,Amelia Kim,amelia.kim.9930@shopmail.test,Brazil,2026-02-03,Standard,1116.30
9931,Viktor Chen,viktor.chen.9931@example.com,Japan,2025-06-29,Standard,6148.09
9932,Sofia Brown,sofia.brown.9932@shopmail.test,France,2021-04-23,Standard,7387.38
9933,Jia Singh,jia.singh.9933@shopmail.test,Singapore,2025-02-19,Standard,8357.53
9934,Hassan Costa,hassan.costa.9934@example.com,Canada,2020-04-09,Premium,1148.97
9935,Zane Nguyen,zane.nguyen.9935@retail.dev,France,2024-04-25,Standard,7366.06
9936,Maya Novak,maya.novak.9936@retail.dev,Singapore,2023-11-10,Standard,11588.50
9937,Uma Singh,uma.singh.9937@retail.dev,Canada,2025-03-15,Premium,1298.24
9938,Hiro Garcia,hiro.garcia.9938@retail.dev,United States,2021-08-20,Standard,3269.10
9939,Chen Muller,chen.muller.9939@retail.dev,Singapore,2025-10-27,Basic,9707.42
9940,Priya Khan,priya.khan.9940@shopmail.test,Brazil,2020-06-30,Standard,1405.59
9941,Imani Patel,imani.patel.9941@retail.dev,India,2023-01-31,Premium,4768.63
9942,Rosa Ivanov,rosa.ivanov.9942@example.com,Australia,2021-08-13,Basic,11536.53
9943,Sofia Ali,sofia.ali.9943@example.com,United States,2024-01-02,Standard,5124.37
9944,Rosa Ali,rosa.ali.9944@retail.dev,Brazil,2026-03-01,Basic,2411.38
9945,Arjun Mensah,arjun.mensah.9945@shopmail.test,Brazil,2021-07-10,Basic,506.14
9946,Hiro Sato,hiro.sato.9946@retail.dev,Brazil,2026-07-11,Standard,4381.70
9947,Diego Anderson,diego.anderson.9947@shopmail.test,Canada,2022-09-12,Standard,8002.02
9948,Hiro Patel,hiro.patel.9948@example.com,France,2025-09-06,Basic,6210.16
9949,Lucia Silva,lucia.silva.9949@shopmail.test,United States,2026-04-27,Standard,1498.13
9950,Fatima Ali,fatima.ali.9950@example.com,Brazil,2024-09-15,Standard,7016.41
9951,Rosa Novak,rosa.novak.9951@shopmail.test,Germany,2020-12-11,Basic,11245.11
9952,Jia Novak,jia.novak.9952@shopmail.test,Brazil,2025-11-12,Basic,375.80
9953,Arjun Anderson,arjun.anderson.9953@retail.dev,Japan,2021-11-13,Standard,6379.51
9954,Quinn Nguyen,quinn.nguyen.9954@shopmail.test,United States,2022-05-24,Standard,6760.96
9955,Sofia Chen,sofia.chen.9955@shopmail.test,India,2024-12-08,Standard,10343.07
9956,Wei Costa,wei.costa.9956@example.com,United States,2021-12-09,Basic,3421.63
9957,Yara Silva,yara.silva.9957@example.com,Germany,2026-06-07,Standard,1733.62
9958,Imani Okafor,imani.okafor.9958@example.com,Australia,2022-12-17,Basic,450.55
9959,Uma Sato,uma.sato.9959@retail.dev,Germany,2021-08-25,Standard,9526.17
9960,Anika Williams,anika.williams.9960@shopmail.test,Germany,2021-05-14,Basic,751.18
9961,Aarav Mensah,aarav.mensah.9961@retail.dev,Germany,2021-03-04,Standard,6506.22
9962,Wei Patel,wei.patel.9962@example.com,Japan,2023-09-15,Basic,3703.53
9963,Arjun Okafor,arjun.okafor.9963@retail.dev,France,2024-01-06,Standard,7198.69
9964,Liam Singh,liam.singh.9964@shopmail.test,Japan,2026-03-20,Premium,11520.35
9965,Lucia Costa,lucia.costa.9965@example.com,India,2024-09-01,Standard,3117.85
9966,Diego Nguyen,diego.nguyen.9966@example.com,Australia,2026-01-09,Standard,11935.53
9967,Aarav Costa,aarav.costa.9967@retail.dev,Brazil,2024-07-27,Standard,5554.51
9968,Grace Silva,grace.silva.9968@retail.dev,Canada,2024-05-03,Standard,9823.02
9969,Yara Patel,yara.patel.9969@example.com,Canada,2024-07-26,Standard,1041.29
9970,Hiro Anderson,hiro.anderson.9970@example.com,India,2020-12-07,Premium,8029.38
9971,Tara Sato,tara.sato.9971@retail.dev,France,2021-04-14,Basic,1283.44
9972,Aisha Mensah,aisha.mensah.9972@retail.dev,France,2024-06-15,Standard,1237.19
9973,Noah Nguyen,noah.nguyen.9973@retail.dev,Canada,2024-08-01,Basic,1131.02
9974,Keiko Nguyen,keiko.nguyen.9974@example.com,Canada,2020-03-17,Standard,4571.66
9975,Amelia Patel,amelia.patel.9975@example.com,Singapore,2026-08-19,Premium,3100.96
9976,Hiro Costa,hiro.costa.9976@retail.dev,France,2020-01-18,Standard,9573.58
9977,Grace Silva,grace.silva.9977@retail.dev,Brazil,2026-06-05,Basic,8947.42
9978,Chen Sato,chen.sato.9978@shopmail.test,Germany,2025-02-18,Basic,1671.64
9979,Amelia Williams,amelia.williams.9979@example.com,Canada,2026-03-25,Standard,469.05
9980,Fatima Lopez,fatima.lopez.9980@shopmail.test,Australia,2021-08-05,Premium,5328.89
9981,Keiko Garcia,keiko.garcia.9981@retail.dev,Brazil,2026-06-20,Standard,8012.25
9982,Diego Costa,diego.costa.9982@example.com,United Kingdom,2021-08-29,Basic,911.53
9983,Anika Sato,anika.sato.9983@example.com,Germany,2020-04-11,Standard,6710.64
9984,Zane Ivanov,zane.ivanov.9984@retail.dev,United States,2024-04-07,Basic,7180.46
9985,Keiko Patel,keiko.patel.9985@retail.dev,Canada,2022-02-24,Standard,2679.69
9986,Chen Mensah,chen.mensah.9986@shopmail.test,India,2021-04-14,Basic,2661.97
9987,Grace Okafor,grace.okafor.9987@retail.dev,Singapore,2020-08-20,Standard,10798.74
9988,Arjun Silva,arjun.silva.9988@example.com,France,2021-06-07,Standard,5355.03
9989,Rosa Costa,rosa.costa.9989@retail.dev,Singapore,2020-07-22,Basic,3380.05
9990,Hiro Nguyen,hiro.nguyen.9990@shopmail.test,Australia,2022-12-15,Premium,2684.57
9991,James Costa,james.costa.9991@shopmail.test,United Kingdom,2024-07-30,Basic,2638.02
9992,Uma Williams,uma.williams.9992@example.com,France,2020-06-21,Basic,1695.03
9993,Diego Muller,diego.muller.9993@retail.dev,Singapore,2023-12-20,Basic,5941.69
9994,Noah Okafor,noah.okafor.9994@shopmail.test,Brazil,2023-01-23,Standard,3802.46
9995,Hiro Ivanov,hiro.ivanov.9995@shopmail.test,France,2023-02-22,Standard,5079.35
9996,Yara Mensah,yara.mensah.9996@example.com,Canada,2022-11-12,Basic,8580.23
9997,Quinn Williams,quinn.williams.9997@retail.dev,Canada,2021-02-26,Standard,7020.96
9998,Yara Anderson,yara.anderson.9998@example.com,United Kingdom,2022-05-20,Standard,9350.59
9999,James Sato,james.sato.9999@retail.dev,Canada,2023-12-17,Standard,1651.19
10000,Rosa Costa,rosa.costa.10000@example.com,United States,2021-06-29,Premium,4804.32
1001,Liam Brown (dup),liam.brown.1001@retail.dev,United Kingdom,2026-08-04,Standard,1254.71
1002,Maya Khan (dup),maya.khan.1002@shopmail.test,France,2026-06-05,Premium,6119.05
1003,Keiko Novak (dup),keiko.novak.1003@example.com,United States,2024-12-26,Standard,1673.63
1004,Arjun Costa (dup),arjun.costa.1004@shopmail.test,Canada,2026-07-22,Standard,11517.90
1005,Maya Chen (dup),maya.chen.1005@shopmail.test,Canada,2021-08-19,Premium,3721.38
1006,Hiro Anderson (dup),hiro.anderson.1006@example.com,Germany,2025-10-21,Standard,8147.65
1007,Liam Chen (dup),liam.chen.1007@example.com,Germany,2020-08-11,Standard,2365.00
1008,Tara Garcia (dup),tara.garcia.1008@retail.dev,Brazil,2023-10-30,Standard,5721.81
1009,Noah Brown (dup),noah.brown.1009@shopmail.test,France,2026-06-27,Standard,4044.53
1010,Hassan Nguyen (dup),hassan.nguyen.1010@example.com,Brazil,2021-03-05,Standard,9475.57
